cvss_score,epss_score,cisa_kev,internet_exposed,asset_criticality,control_effectiveness,patch_status,risk_score,risk_class
3.7,0.04432,0,0,3,0.52,0,25.05,0
9.5,0.40154,1,1,1,0.04,1,68.69,2
7.3,0.25107,0,0,1,0.65,1,31.52,1
6.0,0.12456,1,1,1,0.04,1,52.89,2
1.6,0.18181,0,1,4,0.06,1,41.03,1
1.6,0.07397,0,0,3,0.49,0,24.66,0
0.6,0.30055,0,1,5,0.69,1,35.27,1
8.7,0.02098,1,0,3,0.42,1,47.83,1
6.0,0.06342,0,1,1,0.91,1,30.98,1
7.1,0.44373,0,0,5,0.93,0,50.88,2
0.2,0.09333,0,0,3,0.45,1,17.71,0
9.7,0.00072,0,0,2,0.6,0,35.57,1
8.3,0.00515,0,1,3,0.98,1,36.69,1
2.1,0.02085,0,1,2,0.82,0,18.97,0
1.8,0.30497,0,1,1,0.13,1,29.33,0
1.8,0.402,0,1,2,0.07,1,38.06,1
3.0,0.23283,0,1,4,0.57,0,40.27,1
5.2,0.24227,0,0,5,0.84,0,33.48,1
4.3,0.05806,0,1,2,0.76,1,29.79,0
2.9,0.42677,0,0,5,0.63,1,40.98,1
6.1,0.40023,1,1,2,0.83,1,55.18,2
1.4,0.17934,0,1,1,0.13,1,24.14,0
2.9,0.0428,1,1,3,0.47,0,51.29,2
3.7,0.08471,1,1,2,0.79,1,45.68,1
4.6,0.08512,0,0,1,0.16,1,18.49,0
7.9,0.32692,0,0,2,0.37,1,37.5,1
2.0,0.19763,1,1,4,0.46,1,45.07,1
5.1,0.41328,0,0,5,0.08,0,51.76,2
5.9,0.03574,0,0,2,0.02,0,34.75,1
0.5,0.34549,0,0,1,0.51,1,17.71,0
6.1,0.23098,0,0,1,0.91,1,27.44,0
1.7,0.35522,0,0,3,0.1,0,31.62,1
0.7,0.09163,0,1,5,0.13,0,37.13,1
9.5,0.17688,1,0,3,0.06,0,54.91,2
9.7,0.12546,1,0,5,0.36,0,69.9,2
8.1,0.44547,0,1,5,0.39,1,62.28,2
3.0,0.01731,0,0,2,0.98,1,18.17,0
1.0,0.04519,0,1,3,0.82,0,27.27,0
6.8,0.06776,0,0,3,0.37,1,29.05,0
4.4,0.06262,0,0,3,0.38,1,29.91,0
1.2,0.074,0,0,1,0.42,1,7.71,0
5.0,0.17211,0,1,4,0.59,1,44.88,1
0.3,0.27936,0,0,2,0.88,0,20.33,0
9.1,0.03386,0,1,3,0.23,0,54.88,2
2.6,0.15856,0,1,5,0.25,0,45.37,1
6.6,0.23072,0,1,5,0.99,1,44.67,1
3.1,0.33547,0,0,2,0.49,0,24.57,0
5.2,0.01421,0,0,1,0.68,1,22.14,0
5.5,0.30046,0,0,3,0.81,1,31.06,1
1.8,0.22967,0,0,4,0.49,0,29.41,0
9.7,0.1485,0,1,1,0.02,0,51.25,2
7.8,0.11165,0,0,2,0.75,1,31.81,1
9.4,0.05486,0,0,3,0.58,1,30.19,1
8.9,0.02233,0,1,2,0.88,1,40.57,1
6.0,0.32785,0,0,2,0.8,1,28.56,0
9.2,0.03662,0,0,2,0.39,1,33.27,1
0.9,0.07372,0,1,2,0.04,0,28.09,0
2.0,0.27726,1,0,4,0.55,0,42.7,1
0.5,0.16756,1,1,2,0.98,0,32.92,1
3.3,0.00589,0,0,5,0.17,0,30.43,1
3.9,0.46994,0,1,2,0.51,0,45.19,1
2.7,0.01133,0,0,4,0.12,0,30.7,1
8.3,0.18313,0,1,2,0.94,1,42.47,1
3.6,0.16217,0,0,3,0.83,1,18.42,0
2.8,0.13186,0,0,1,0.54,1,17.51,0
5.4,0.07325,0,0,4,0.64,1,32.23,1
1.4,0.26596,0,0,3,0.65,1,18.32,0
8.0,0.64281,0,1,4,0.95,1,52.62,2
0.7,0.37603,0,1,1,0.97,1,25.27,0
9.9,0.05334,0,0,5,0.67,1,45.13,1
7.7,0.16739,1,0,1,0.29,1,52.49,2
2.0,0.13748,0,1,5,0.64,1,36.3,1
0.1,0.01997,0,1,2,0.56,0,24.8,0
8.2,0.05964,0,0,3,0.79,0,40.9,1
7.1,0.61802,0,1,4,0.86,1,51.78,2
7.3,0.08905,0,1,5,0.64,0,54.82,2
7.7,0.32463,0,0,4,0.52,0,41.76,1
0.7,0.07371,0,0,1,0.86,1,3.86,0
3.6,0.35711,0,1,2,0.45,1,35.68,1
1.2,0.17997,0,0,1,0.48,0,9.29,0
8.6,0.22976,0,1,5,0.02,0,62.9,2
6.2,0.34687,1,0,3,0.07,1,51.06,2
3.3,0.1407,0,1,5,0.43,0,48.55,1
0.6,0.56538,0,0,5,0.01,1,40.98,1
3.1,0.16292,1,0,1,0.2,1,36.61,1
3.3,0.52558,0,1,5,0.68,1,49.59,1
7.3,0.2394,0,1,3,0.63,1,49.97,1
6.4,0.10288,0,1,2,0.57,0,39.33,1
8.9,0.28956,0,0,1,0.83,1,32.19,1
4.7,0.24344,0,0,5,0.36,0,34.78,1
1.2,0.05144,0,0,4,0.66,1,19.2,0
7.1,0.4327,0,1,2,0.64,1,51.83,2
7.6,0.2961,0,1,1,0.66,1,37.56,1
5.6,0.49316,0,1,3,0.67,0,54.86,2
7.7,0.22853,0,1,3,0.8,0,47.36,1
4.9,0.09418,0,0,2,0.61,1,26.1,0
5.2,0.23067,1,0,3,0.88,1,35.72,1
4.3,0.21276,0,0,1,0.43,1,19.56,0
0.3,0.12056,0,0,1,0.97,0,11.72,0
1.1,0.12472,0,0,1,0.03,0,20.21,0
0.3,0.16695,0,1,5,0.13,0,38.49,1
6.4,0.49012,1,0,3,0.08,1,59.49,2
3.1,0.01468,0,0,5,0.44,0,29.27,0
5.1,0.13396,0,0,3,0.59,1,29.48,0
9.1,0.5175,0,0,3,0.44,1,52.82,2
2.5,0.04334,0,1,3,0.21,0,34.22,1
4.1,0.81355,0,1,4,0.23,1,58.2,2
7.6,0.33294,0,1,5,0.81,0,57.12,2
2.3,0.07477,0,0,2,0.05,0,19.06,0
0.8,0.24743,0,0,5,0.99,1,21.97,0
2.9,0.10466,0,1,3,0.72,1,26.05,0
1.6,0.08236,0,1,2,0.92,1,23.43,0
9.3,0.25907,1,0,2,0.18,1,54.12,2
8.1,0.01161,0,0,2,0.56,1,31.25,1
6.3,0.02256,0,0,4,0.53,1,36.75,1
8.7,0.26683,0,1,1,0.62,1,47.36,1
8.0,0.09761,0,1,3,0.78,1,43.27,1
1.9,0.33202,0,1,3,0.71,1,35.4,1
8.9,0.18399,0,1,5,0.39,1,48.77,1
5.4,0.09731,0,0,2,0.87,0,24.82,0
8.1,0.33277,0,1,4,0.01,1,58.43,2
9.0,0.23221,0,1,2,0.25,0,50.9,2
3.2,0.78796,1,1,5,0.52,1,68.63,2
1.1,0.11533,0,0,1,0.86,0,9.33,0
2.3,0.03035,0,0,3,0.4,1,18.72,0
4.3,0.4588,0,0,2,0.78,1,30.39,1
8.2,0.14273,0,1,3,0.27,0,51.85,2
8.6,0.04178,0,1,5,0.97,0,50.0,1
0.1,0.2535,0,1,1,0.02,0,27.68,0
5.1,0.20299,0,0,4,0.18,1,36.67,1
4.2,0.17687,0,1,1,0.02,1,29.52,0
2.2,0.31071,1,0,4,0.02,0,47.97,1
1.2,0.12652,0,0,2,0.91,1,12.13,0
3.4,0.43769,1,0,1,0.28,0,41.84,1
9.4,0.27233,0,0,2,0.23,0,45.64,1
3.2,0.04991,0,1,1,0.27,1,28.41,0
5.2,0.31604,0,0,2,0.8,0,35.57,1
7.0,0.14741,0,0,5,0.31,1,47.18,1
3.6,0.79145,0,1,5,0.59,1,56.76,2
9.7,0.10121,0,1,4,0.86,1,49.79,1
9.6,0.04726,0,0,1,0.32,1,31.42,1
2.5,0.09207,0,0,1,0.15,1,19.22,0
5.0,0.13928,0,1,4,0.07,1,49.46,1
3.0,0.16729,0,0,2,0.56,1,20.09,0
2.8,0.30372,0,0,1,0.61,1,17.82,0
0.4,0.0149,0,0,4,0.87,0,18.68,0
6.1,0.07025,0,0,4,0.47,0,37.78,1
5.0,0.20136,1,1,1,0.87,1,48.85,1
0.5,0.04301,0,1,3,0.51,0,30.75,1
2.8,0.3174,0,1,2,0.59,0,36.26,1
9.1,0.06892,0,1,3,0.54,1,46.08,1
2.4,0.0961,0,1,3,0.3,0,45.8,1
1.4,0.03535,0,1,2,0.84,0,19.08,0
4.9,0.03604,0,1,5,0.88,1,42.58,1
9.9,0.41442,0,1,1,0.85,0,51.33,2
2.4,0.18091,0,1,4,0.11,1,35.25,1
6.7,0.09654,0,0,1,0.67,0,26.58,0
7.6,0.34285,0,1,3,0.44,0,48.81,1
2.4,0.03747,0,0,5,0.1,1,27.7,0
7.3,0.08569,0,1,5,0.06,0,54.75,2
3.7,0.26756,0,1,1,0.7,0,33.98,1
6.3,0.09261,0,0,3,0.4,0,34.85,1
6.3,0.08512,0,1,2,0.38,0,40.78,1
5.4,0.19013,0,0,4,0.21,1,36.14,1
0.9,0.24002,0,1,5,0.6,1,37.69,1
8.4,0.09171,0,1,4,0.15,0,61.41,2
3.2,0.07485,0,1,3,0.0,0,42.89,1
1.9,0.34582,0,0,1,0.01,1,22.14,0
0.4,0.33736,0,1,3,0.37,1,37.2,1
5.9,0.45517,1,0,5,0.72,0,59.55,2
6.8,0.46335,1,1,1,0.6,1,56.74,2
0.2,0.03382,0,1,4,0.25,1,24.26,0
5.1,0.18786,1,1,5,0.1,0,69.38,2
2.3,0.01448,0,0,1,0.36,0,23.41,0
6.5,0.25368,0,1,1,0.9,1,38.19,1
1.7,0.53859,1,1,4,0.35,0,61.81,2
6.9,0.02987,0,0,3,0.12,0,41.57,1
3.9,0.12828,0,0,3,0.89,1,22.83,0
9.4,0.04902,0,0,3,0.32,1,43.33,1
1.4,0.34009,0,1,5,0.77,1,36.81,1
3.4,0.10928,0,1,1,0.27,1,30.03,1
1.1,0.33433,0,1,2,0.87,1,32.31,1
9.2,0.1615,0,1,2,0.08,0,52.49,2
8.8,0.01071,0,0,4,0.25,1,37.96,1
2.6,0.40912,0,1,1,0.73,0,33.24,1
6.6,0.22196,0,1,5,0.39,1,51.57,2
8.2,0.49536,0,1,1,0.55,0,57.89,2
5.6,0.1577,0,0,4,0.28,0,37.59,1
5.3,0.10011,0,0,2,0.36,0,26.59,0
2.4,0.51681,0,0,5,0.61,0,38.83,1
0.9,0.0791,0,0,2,0.79,0,12.88,0
9.0,0.18857,0,0,3,0.89,0,41.82,1
9.0,0.19957,0,0,4,0.36,1,41.89,1
6.3,0.07445,0,0,2,0.63,0,32.64,1
3.4,0.16508,0,1,5,0.5,0,41.02,1
3.5,0.04404,0,1,1,0.66,0,34.66,1
7.3,0.58652,0,0,4,0.62,1,49.87,1
9.0,0.21946,0,1,2,0.62,0,45.9,1
8.9,0.17598,0,1,3,0.44,0,53.26,2
7.8,0.04796,1,0,2,0.29,1,52.05,2
6.4,0.26664,1,0,5,0.42,0,59.67,2
0.8,0.03686,0,0,3,0.84,0,12.29,0
1.6,0.05049,1,0,3,0.34,1,35.6,1
9.0,0.07313,0,1,4,0.86,0,51.64,2
6.1,0.00529,0,0,5,0.17,0,37.09,1
0.1,0.03662,0,1,5,0.55,0,33.58,1
1.0,0.19746,0,0,3,0.11,1,24.86,0
6.6,0.25663,0,0,1,0.44,0,29.33,0
0.1,0.03378,0,0,1,0.97,0,1.06,0
1.6,0.30323,0,0,4,0.63,1,30.39,1
5.5,0.34243,0,1,4,0.02,1,49.32,1
6.9,0.38194,0,1,4,0.82,1,52.19,2
6.5,0.41461,1,0,4,0.5,1,54.21,2
2.2,0.14704,1,0,3,0.67,0,35.75,1
7.1,0.11705,1,1,4,0.64,1,66.28,2
2.4,0.17598,0,0,1,0.19,1,20.91,0
3.3,0.22881,0,1,2,0.41,0,38.08,1
7.5,0.36702,0,1,1,0.21,1,43.98,1
6.5,0.02137,0,1,4,0.18,1,47.83,1
8.5,0.21699,0,0,3,0.56,1,40.01,1
6.6,0.16514,0,1,5,0.2,0,57.23,2
5.7,0.18795,0,0,2,0.2,1,27.8,0
0.9,0.1316,0,0,2,0.63,1,17.06,0
3.7,0.08733,0,0,4,0.4,0,28.13,0
2.7,0.23021,0,1,4,0.2,0,38.86,1
2.4,0.24548,0,0,2,0.38,1,27.8,0
9.7,0.23689,0,1,3,0.58,1,55.17,2
3.9,0.11044,0,0,2,0.6,1,22.51,0
8.9,0.13551,0,0,3,0.9,0,39.97,1
6.3,0.00736,0,1,1,0.93,1,25.47,0
7.9,0.08332,1,1,4,0.2,1,67.38,2
5.0,0.02231,0,1,3,0.49,0,36.55,1
5.8,0.36253,0,0,2,0.45,1,37.97,1
4.9,0.10171,0,1,1,0.77,0,32.32,1
2.0,0.22818,0,0,2,0.19,0,25.33,0
7.2,0.16744,0,0,1,0.23,0,33.97,1
2.8,0.16649,1,0,5,0.16,1,42.94,1
0.2,0.03633,0,0,1,0.73,0,9.46,0
6.5,0.11885,0,1,3,0.23,1,42.04,1
1.8,0.43512,0,1,5,0.42,0,48.12,1
9.4,0.34893,0,1,1,0.26,1,44.6,1
9.5,0.49918,0,1,1,0.98,1,54.11,2
9.1,0.5365,0,0,3,0.65,1,49.16,1
3.7,0.17581,0,1,4,0.29,1,39.19,1
0.2,0.27981,0,0,4,0.12,1,23.17,0
9.3,0.12249,0,0,4,0.44,1,45.35,1
4.3,0.18647,1,0,5,0.18,1,46.9,1
9.7,0.23155,0,0,4,0.17,0,48.9,1
9.6,0.34795,0,0,5,0.3,0,53.66,2
8.5,0.41656,0,1,4,0.97,0,54.86,2
2.9,0.17525,0,0,3,0.4,1,23.69,0
3.9,0.22,0,1,5,0.21,0,46.19,1
8.5,0.16582,0,1,4,0.33,0,51.83,2
3.2,0.2136,0,0,2,0.48,1,25.64,0
1.7,0.16658,0,1,4,0.07,0,42.95,1
5.6,0.29011,0,0,2,0.3,1,34.47,1
9.4,0.07417,0,0,2,0.14,1,36.0,1
7.0,0.10662,1,1,1,0.09,1,54.03,2
5.7,0.3842,0,0,4,0.91,0,37.36,1
1.0,0.27414,0,0,1,0.28,1,18.67,0
6.2,0.10956,0,0,1,0.21,1,28.68,0
9.9,0.55695,0,1,5,0.7,0,64.06,2
1.4,0.00481,0,0,2,0.06,0,19.62,0
5.2,0.1894,0,0,1,0.97,1,21.63,0
8.8,0.17698,0,1,4,0.98,0,53.99,2
7.4,0.41588,0,0,3,0.76,1,37.79,1
7.0,0.08677,0,0,4,0.99,0,31.51,1
7.0,0.16295,1,0,2,0.26,0,49.93,1
3.6,0.14661,0,0,5,0.25,0,38.7,1
2.9,0.06518,1,1,4,0.87,0,48.14,1
8.1,0.23404,0,1,4,0.61,0,49.66,1
8.1,0.19444,0,0,1,0.72,0,28.59,0
8.7,0.43349,0,0,4,0.01,1,51.56,2
9.1,0.03996,0,0,2,0.46,0,37.84,1
5.1,0.05647,0,1,3,0.28,1,43.49,1
5.0,0.54794,0,1,1,0.15,1,45.07,1
8.0,0.10765,0,1,4,0.52,0,52.34,2
6.5,0.13754,0,0,3,0.28,0,37.7,1
7.0,0.57524,0,0,4,0.54,0,50.8,2
8.0,0.44382,0,0,5,0.08,1,53.69,2
8.9,0.05431,1,1,2,0.8,0,54.28,2
3.4,0.03678,0,0,5,0.95,1,25.99,0
3.8,0.12399,0,1,1,0.63,0,31.23,1
0.9,0.30804,0,0,3,0.14,0,33.28,1
5.8,0.02318,0,0,5,0.75,0,36.0,1
0.4,0.25983,0,1,4,0.88,0,32.47,1
4.7,0.14444,0,0,5,0.37,0,32.86,1
5.4,0.14689,0,0,3,0.51,1,31.74,1
2.9,0.38052,0,0,4,0.06,1,38.49,1
5.9,0.09398,0,0,1,0.55,1,25.1,0
0.3,0.40113,0,1,5,0.05,1,48.04,1
0.4,0.25793,0,1,2,0.35,1,24.36,0
8.2,0.53495,0,1,3,0.28,0,58.33,2
3.6,0.16647,0,0,2,0.18,1,24.99,0
1.3,0.05345,0,1,4,0.85,1,28.85,0
5.2,0.24925,0,0,2,0.6,0,32.62,1
7.7,0.08067,0,1,3,0.68,0,47.06,1
2.2,0.07878,0,0,3,0.49,1,18.52,0
6.2,0.52653,0,0,2,0.75,0,42.34,1
0.9,0.38334,0,1,2,0.37,1,30.88,1
0.5,0.18008,0,0,4,0.44,0,24.11,0
5.3,0.24468,0,0,2,0.08,1,26.86,0
5.4,0.22624,1,1,3,0.32,0,63.46,2
6.4,0.28084,0,0,2,0.11,0,34.68,1
7.3,0.15737,0,0,1,0.48,1,29.16,0
9.8,0.0002,0,1,3,0.94,1,42.06,1
5.2,0.07906,1,1,3,0.81,1,47.9,1
3.2,0.47434,0,0,4,0.44,0,40.65,1
8.0,0.28367,0,0,4,0.3,1,46.36,1
2.7,0.0742,0,1,5,0.33,1,35.54,1
4.4,0.04285,0,0,4,0.47,1,33.22,1
0.8,0.40789,0,1,1,0.24,0,29.78,0
0.3,0.27314,1,0,4,0.34,1,33.71,1
9.6,0.02623,0,0,5,0.49,0,41.27,1
8.4,0.30581,0,1,3,0.84,0,53.92,2
7.0,0.12902,1,0,4,0.1,1,48.98,1
4.1,0.10005,0,0,5,0.4,0,39.32,1
1.7,0.18025,0,0,4,0.19,0,31.15,1
1.6,0.16361,0,0,4,0.64,1,31.28,1
2.5,0.20488,0,0,3,0.57,0,26.61,0
5.5,0.2093,0,0,5,0.58,1,33.7,1
7.1,0.0484,0,0,4,0.53,0,37.42,1
6.6,0.62073,0,1,3,0.73,1,54.92,2
2.8,0.0157,0,1,5,0.15,0,42.29,1
9.5,0.11466,0,1,2,0.19,1,53.96,2
7.4,0.4574,0,0,5,0.71,1,43.82,1
5.5,0.08187,0,1,4,0.13,0,50.87,2
6.1,0.36934,0,0,4,0.73,1,36.34,1
4.2,0.04745,0,0,5,0.16,1,37.77,1
2.5,0.51523,1,0,3,0.99,1,47.54,1
3.6,0.07276,0,1,5,0.05,1,39.89,1
7.6,0.13489,0,0,4,0.78,1,36.75,1
0.1,0.1945,0,0,4,0.23,0,25.21,0
1.2,0.07215,0,0,1,0.32,1,12.25,0
0.5,0.33122,1,0,3,0.91,0,32.83,1
0.4,0.35984,1,0,1,0.31,0,34.13,1
8.6,0.15297,1,0,4,0.38,1,57.02,2
7.0,0.04502,0,1,3,0.18,1,44.28,1
4.7,0.75223,0,1,3,0.08,1,57.62,2
1.0,0.14954,0,0,3,0.11,1,19.83,0
4.9,0.30639,0,0,5,0.59,1,40.42,1
4.7,0.14645,0,0,5,0.05,0,38.13,1
1.7,0.08837,0,0,4,0.23,0,21.59,0
4.3,0.26026,0,1,3,0.39,1,32.39,1
4.0,0.06665,0,0,3,0.11,1,22.74,0
6.2,0.33001,1,1,3,0.75,1,57.57,2
6.4,0.56659,0,0,5,0.97,1,45.48,1
0.5,0.10588,0,1,4,0.89,0,35.62,1
3.7,0.12756,0,1,3,0.95,0,32.48,1
6.3,0.07785,0,1,3,0.54,1,42.92,1
5.0,0.11628,0,0,2,0.15,1,24.32,0
8.6,0.14174,0,0,1,0.67,1,32.25,1
6.6,0.38823,0,1,5,0.06,0,59.5,2
1.6,0.26861,1,0,2,0.48,0,42.93,1
0.7,0.40536,0,1,4,0.79,0,43.45,1
6.4,0.14149,0,1,1,0.85,1,39.13,1
0.3,0.27357,0,1,4,0.3,1,34.08,1
5.9,0.20557,0,0,5,0.22,0,44.81,1
9.4,0.00837,1,1,4,0.69,1,63.06,2
5.8,0.00813,0,0,3,0.14,1,31.32,1
3.9,0.01453,0,1,3,0.99,1,32.15,1
6.4,0.18386,0,0,4,0.33,1,37.36,1
4.6,0.34182,0,0,4,0.75,1,34.86,1
5.5,0.08493,0,1,4,0.73,0,49.49,1
9.4,0.0278,0,1,4,0.31,0,58.71,2
3.9,0.10179,0,0,3,0.39,1,22.16,0
9.6,0.20249,0,0,2,0.84,1,36.22,1
9.1,0.05348,0,0,2,0.23,1,32.63,1
2.0,0.04133,0,0,4,0.06,1,27.2,0
0.7,0.04109,0,0,4,0.15,1,16.32,0
1.0,0.68146,0,1,1,0.68,1,38.51,1
0.2,0.03794,0,1,4,0.24,1,25.66,0
0.9,0.27754,0,1,2,0.57,1,24.44,0
6.8,0.68097,0,0,5,0.39,1,48.74,1
0.7,0.39672,0,1,5,0.87,0,34.51,1
3.2,0.04766,0,0,4,0.49,1,24.08,0
8.4,0.56887,0,1,4,0.14,1,62.53,2
0.2,0.03661,0,1,5,0.83,1,23.88,0
8.1,0.10547,0,1,1,0.08,1,38.57,1
2.8,0.13931,0,0,2,0.83,0,24.21,0
1.2,0.05383,0,0,4,0.04,1,24.53,0
7.0,0.2293,0,1,4,0.0,0,56.64,2
6.3,0.08021,0,1,1,0.76,0,33.41,1
8.8,0.67234,0,0,2,0.56,1,45.32,1
7.4,0.11929,0,1,4,0.22,0,46.19,1
8.0,0.33359,0,1,2,0.97,0,50.62,2
2.8,0.54653,1,0,2,0.64,0,51.44,2
1.8,0.29937,0,0,5,0.24,1,34.32,1
7.5,0.66234,1,1,4,0.42,1,75.4,3
8.1,0.39707,0,0,5,0.91,1,44.08,1
9.9,0.23272,0,1,2,0.2,0,57.41,2
4.1,0.14828,0,1,4,0.93,1,40.41,1
3.7,0.02162,0,0,3,0.22,1,26.61,0
7.8,0.18081,0,1,3,0.02,1,48.56,1
3.4,0.07195,0,0,1,0.27,1,21.82,0
9.3,0.47088,0,0,5,0.05,0,62.59,2
8.6,0.06268,1,1,2,0.23,1,62.07,2
4.3,0.21024,1,0,3,0.27,1,41.13,1
7.5,0.33808,0,0,4,0.42,1,38.97,1
7.5,0.05362,0,0,2,0.28,1,29.74,0
1.0,0.23637,0,0,1,0.71,1,18.47,0
9.0,0.11334,0,0,2,0.97,1,32.18,1
5.1,0.32214,1,0,1,0.05,0,43.98,1
8.3,0.0803,0,1,2,0.51,0,44.52,1
3.2,0.02319,0,0,4,0.26,1,24.69,0
9.0,0.08929,0,0,5,0.46,0,51.47,2
3.9,0.41276,0,1,3,0.7,1,41.25,1
0.1,0.07702,1,0,2,0.88,0,27.2,0
9.1,0.34863,0,1,2,0.89,1,56.86,2
0.9,0.51947,0,1,4,0.16,1,42.04,1
3.2,0.44269,0,0,4,0.56,0,41.3,1
9.5,0.25251,1,0,3,0.28,1,55.43,2
9.5,0.08676,0,0,2,0.5,0,38.87,1
5.7,0.2834,0,1,4,0.92,0,44.97,1
6.3,0.27445,0,1,5,0.06,0,59.77,2
4.5,0.12772,0,0,1,0.59,1,18.64,0
2.9,0.05218,0,0,1,0.36,1,20.02,0
3.3,0.23275,0,1,4,0.87,0,44.8,1
6.7,0.06576,1,0,3,0.22,0,49.32,1
7.5,0.13326,0,0,4,0.33,0,42.77,1
7.9,0.31829,0,0,4,0.02,1,46.75,1
7.9,0.06883,1,1,1,0.43,1,47.54,1
0.9,0.03864,0,1,4,0.63,0,28.68,0
4.9,0.01841,0,0,3,0.2,1,26.33,0
0.6,0.26894,0,0,1,0.64,0,15.5,0
5.5,0.2874,1,0,1,0.74,0,38.07,1
4.4,0.13037,0,0,1,0.19,0,27.19,0
8.9,0.40344,0,0,5,0.76,0,49.26,1
3.5,0.16972,0,0,2,0.93,0,18.33,0
1.2,0.17088,0,0,4,0.22,1,20.69,0
1.4,0.1475,0,0,5,0.13,0,31.0,1
7.6,0.02003,0,0,4,0.33,0,34.78,1
6.2,0.09651,0,1,3,0.19,0,46.51,1
1.0,0.01155,0,1,2,0.78,1,23.89,0
0.8,0.13042,0,1,4,0.13,0,33.06,1
7.0,0.34604,1,0,4,0.02,0,64.26,2
0.7,0.01281,0,0,2,0.35,0,18.74,0
8.2,0.10474,0,0,3,0.78,1,29.85,0
7.1,0.10474,1,1,3,0.65,0,61.73,2
0.8,0.33278,1,0,4,0.53,1,44.1,1
0.8,0.08577,0,0,2,0.46,0,19.14,0
9.9,0.42239,0,0,1,0.65,0,44.17,1
3.7,0.24329,0,1,1,0.49,0,41.19,1
3.7,0.07176,0,1,5,0.77,0,40.52,1
8.1,0.43278,0,1,2,0.87,1,45.19,1
9.5,0.08527,0,0,3,0.17,0,38.99,1
9.9,0.72694,0,1,5,0.23,0,78.43,3
7.5,0.19826,0,1,3,0.51,1,44.27,1
3.8,0.32164,0,1,5,0.87,0,44.6,1
0.8,0.22625,0,1,3,0.92,1,25.13,0
7.8,0.10261,0,0,4,0.13,1,41.07,1
5.6,0.05822,1,1,3,0.3,1,52.82,2
4.2,0.22556,1,1,2,0.77,1,44.43,1
9.1,0.31493,0,0,5,0.93,0,53.45,2
1.1,0.05499,0,1,1,0.08,1,21.02,0
4.9,0.12426,1,0,4,0.47,0,49.05,1
0.1,0.17734,0,1,3,0.5,0,30.65,1
4.7,0.26323,1,0,1,0.01,0,46.31,1
0.6,0.6177,0,0,5,0.85,1,36.33,1
1.2,0.17253,0,0,4,0.11,1,27.36,0
1.2,0.36391,0,1,4,0.84,1,33.06,1
6.5,0.06121,0,1,4,0.02,0,49.15,1
7.5,0.01858,0,0,1,0.98,1,21.83,0
5.8,0.21038,0,0,5,0.52,0,42.47,1
9.6,0.38793,1,1,3,0.3,0,75.01,3
3.7,0.29473,0,0,5,0.61,0,36.75,1
2.9,0.06254,0,1,4,0.28,0,38.23,1
8.7,0.00126,1,1,5,0.11,1,64.79,2
2.2,0.2066,0,1,3,0.25,0,37.59,1
9.6,0.33707,0,1,5,0.84,0,61.74,2
0.1,0.00515,0,1,4,0.25,0,33.77,1
9.7,0.03704,0,0,4,0.41,0,44.44,1
0.4,0.10519,0,0,3,0.55,1,17.59,0
8.9,0.33047,0,0,2,0.87,0,41.64,1
5.3,0.03038,0,1,5,0.01,1,50.25,2
9.9,0.19846,0,1,4,0.88,0,56.31,2
0.7,0.33762,0,0,5,0.74,0,30.4,1
5.5,0.11357,0,0,3,0.39,0,33.8,1
9.7,0.23076,0,0,1,0.99,1,32.02,1
5.2,0.28262,1,1,1,0.06,1,57.62,2
6.3,0.31813,0,0,4,0.74,0,37.81,1
7.0,0.16301,1,0,3,0.72,0,54.85,2
4.5,0.24698,1,0,3,0.95,0,44.78,1
6.3,0.24085,1,0,5,0.82,1,53.15,2
5.8,0.12126,0,0,4,0.58,0,33.08,1
9.0,0.20394,1,0,1,0.23,1,51.01,2
0.5,0.42356,0,1,3,0.51,1,34.85,1
2.8,0.1272,0,0,3,0.1,1,24.35,0
9.5,0.18335,0,1,1,0.49,0,44.06,1
8.9,0.30995,0,0,5,0.19,1,49.99,1
4.6,0.22217,0,1,5,0.93,0,43.65,1
6.2,0.63016,0,0,5,0.41,0,51.29,2
2.8,0.29454,0,0,5,0.15,0,39.62,1
1.9,0.35648,0,0,4,0.02,1,36.16,1
4.6,0.03968,0,0,5,0.33,1,32.81,1
3.5,0.27786,0,0,5,0.06,0,38.87,1
5.8,0.37181,0,0,4,0.46,1,47.4,1
0.8,0.2065,0,0,3,0.05,1,24.76,0
9.7,0.0979,0,0,2,0.83,1,41.57,1
9.9,0.10143,1,1,5,0.47,0,74.7,3
7.0,0.60222,1,1,2,0.79,1,62.63,2
5.4,0.32034,0,0,1,0.36,1,35.0,1
3.1,0.31203,1,0,2,0.77,1,43.01,1
8.1,0.02278,0,0,1,0.41,1,34.64,1
6.8,0.28963,0,0,2,0.67,0,39.06,1
1.6,0.11026,0,0,5,0.71,0,25.3,0
9.1,0.07717,0,0,2,0.6,1,28.93,0
8.2,0.21771,0,1,3,0.06,0,53.37,2
9.5,0.19751,0,1,2,0.37,0,52.11,2
7.3,0.35191,0,1,1,0.78,1,38.7,1
6.1,0.1861,0,0,3,0.92,1,25.28,0
4.2,0.05702,0,1,2,0.66,0,31.32,1
9.3,0.04437,0,1,1,0.97,1,38.33,1
8.7,0.20577,0,1,1,0.27,0,47.08,1
0.5,0.18911,0,0,5,0.14,0,30.48,1
0.3,0.12718,0,1,1,0.33,0,29.04,0
3.8,0.40321,0,1,3,0.68,0,44.2,1
8.1,0.05143,0,0,4,0.39,1,41.55,1
9.9,0.09899,1,0,1,0.66,0,47.32,1
1.5,0.387,0,1,3,0.7,1,32.39,1
5.9,0.07936,0,1,4,0.61,0,43.78,1
3.8,0.22661,0,1,2,0.78,0,31.29,1
9.7,0.11428,0,1,1,0.23,1,42.5,1
8.4,0.17436,0,0,5,0.11,1,47.78,1
8.4,0.75111,0,1,2,0.05,0,68.75,2
4.7,0.08047,0,0,5,0.98,1,26.02,0
4.1,0.35027,0,0,3,0.72,0,32.94,1
2.7,0.09403,1,1,3,0.24,0,50.98,2
0.6,0.54156,0,1,4,0.48,0,45.22,1
8.6,0.12286,0,1,5,0.06,1,55.4,2
8.1,0.33605,0,1,3,0.66,0,52.71,2
10.0,0.02579,0,0,5,0.97,0,45.32,1
10.0,0.1673,1,0,3,0.71,0,52.53,2
5.6,0.38135,1,1,5,0.62,0,72.96,3
7.7,0.51631,0,0,4,0.92,1,45.1,1
9.4,0.20634,0,0,2,0.51,1,35.25,1
8.5,0.20815,1,0,1,0.75,1,45.14,1
2.5,0.19754,0,0,3,0.93,1,24.09,0
4.5,0.39311,0,0,5,0.65,1,30.97,1
1.3,0.24494,0,0,3,0.53,0,25.06,0
9.5,0.17093,0,1,3,0.58,0,54.32,2
6.1,0.19404,0,1,1,0.77,1,40.13,1
2.3,0.28006,0,0,4,0.05,1,26.88,0
6.7,0.15832,0,1,1,0.33,1,38.62,1
6.2,0.07566,0,0,2,0.05,0,32.6,1
3.6,0.28047,0,1,2,0.79,0,44.24,1
1.1,0.37358,0,0,2,0.91,0,24.52,0
6.7,0.17954,0,1,2,0.4,0,48.72,1
5.2,0.03344,0,1,2,0.25,0,40.8,1
7.7,0.36024,0,0,5,0.04,0,48.67,1
5.2,0.22268,1,1,3,0.01,0,64.6,2
8.5,0.16471,0,1,5,0.55,1,57.19,2
5.5,0.33164,0,1,5,0.33,0,61.12,2
5.6,0.07021,0,0,1,0.96,0,22.02,0
8.8,0.34152,0,1,1,0.82,1,38.53,1
4.0,0.08434,0,0,5,0.45,0,32.91,1
1.3,0.02273,0,1,2,0.2,1,24.91,0
0.3,0.06539,0,1,4,0.38,1,28.85,0
7.6,0.24082,0,0,3,0.07,1,48.95,1
6.2,0.08517,0,1,2,0.62,0,39.31,1
7.0,0.40902,0,0,1,0.87,1,30.34,1
2.1,0.05549,1,1,5,0.44,0,51.97,2
1.4,0.18495,0,0,1,0.48,0,18.39,0
0.1,0.28207,0,0,3,0.94,0,17.94,0
3.5,0.29999,0,0,5,0.31,0,34.97,1
5.9,0.4894,0,1,4,0.1,1,55.33,2
3.9,0.15488,1,0,5,0.07,0,55.15,2
4.4,0.59902,0,1,1,0.77,1,36.9,1
9.0,0.13025,0,1,2,0.22,1,47.1,1
3.5,0.0796,1,0,1,1.0,1,33.03,1
5.1,0.26838,0,0,3,0.96,0,26.17,0
7.8,0.11222,0,0,4,0.85,0,37.06,1
4.0,0.11227,0,1,3,0.5,1,37.78,1
6.2,0.28595,0,0,3,0.51,0,37.26,1
8.6,0.06352,0,1,2,0.93,0,42.6,1
9.5,0.01894,0,0,1,0.3,1,33.75,1
1.5,0.06138,0,1,2,0.49,1,20.11,0
9.3,0.64926,0,0,2,0.4,0,49.02,1
4.9,0.25506,0,0,5,0.36,1,39.74,1
2.6,0.06865,0,0,1,0.89,1,13.77,0
4.6,0.28872,0,0,5,0.72,1,33.87,1
9.8,0.38808,0,0,1,0.94,1,42.71,1
4.9,0.04016,0,0,2,0.07,1,26.08,0
3.3,0.33928,0,0,4,0.83,1,27.37,0
6.3,0.26456,0,0,5,0.33,1,44.24,1
2.4,0.29566,0,1,1,0.59,0,32.32,1
0.8,0.0608,0,1,5,0.7,0,30.88,1
1.3,0.11492,0,1,1,0.14,0,23.08,0
1.3,0.45263,0,0,5,0.75,1,30.43,1
1.5,0.17885,1,0,4,0.34,1,36.73,1
1.4,0.1666,0,0,1,0.28,1,16.2,0
6.4,0.14035,0,1,4,0.47,0,50.03,2
1.8,0.41781,1,1,4,0.78,0,50.28,2
3.5,0.29548,0,1,4,0.41,1,41.56,1
9.0,0.20596,0,0,5,0.55,1,52.3,2
4.7,0.09492,0,1,3,0.24,0,41.83,1
6.7,0.0016,0,0,2,0.32,1,26.29,0
1.7,0.18218,0,0,3,0.94,0,21.85,0
1.9,0.01722,0,0,3,0.92,1,17.15,0
0.4,0.20612,0,0,5,0.89,0,25.79,0
1.7,0.04716,0,0,3,0.39,0,17.04,0
2.8,0.1459,0,1,3,0.03,0,38.07,1
1.8,0.17759,0,0,5,0.92,0,25.5,0
0.9,0.54074,0,0,2,0.4,1,27.0,0
1.2,0.3064,0,0,2,0.8,1,18.13,0
4.6,0.2803,1,0,3,0.52,1,48.14,1
2.1,0.15223,1,0,2,0.89,1,27.15,0
3.6,0.22503,0,0,5,0.12,0,42.81,1
5.0,0.18616,0,0,4,0.83,0,38.91,1
6.9,0.03636,0,0,1,0.87,1,17.01,0
0.4,0.17619,0,1,5,0.29,0,40.85,1
8.0,0.1325,0,1,2,0.63,1,40.05,1
6.3,0.10699,0,0,3,0.06,0,36.98,1
0.8,0.49718,0,1,2,0.31,0,37.27,1
8.7,0.31494,0,0,3,0.37,1,46.78,1
9.2,0.57979,0,0,1,0.09,0,49.19,1
0.6,0.37418,0,1,4,0.43,1,33.43,1
2.8,0.27031,0,0,4,0.65,0,30.79,1
8.1,0.19027,0,1,5,0.65,0,48.75,1
7.5,0.03964,0,0,1,0.47,1,21.49,0
1.8,0.14146,0,1,5,0.12,1,41.5,1
2.1,0.1682,0,0,1,0.08,1,19.03,0
3.7,0.30978,0,1,1,0.82,1,28.96,0
4.8,0.20382,1,0,4,0.56,0,50.84,2
6.2,0.03176,0,0,1,0.75,1,16.7,0
3.7,0.50864,0,1,1,0.03,1,34.96,1
4.6,0.12251,0,1,2,0.44,1,34.69,1
7.5,0.20353,0,1,1,0.9,1,41.45,1
0.4,0.14235,0,0,4,0.71,0,18.38,0
2.5,0.23589,0,1,4,0.77,0,38.16,1
7.1,0.37671,1,1,4,0.47,1,69.96,2
9.0,0.6396,0,0,3,0.75,1,51.39,2
5.1,0.09203,1,0,5,0.67,0,52.12,2
5.3,0.31321,0,0,1,0.13,1,26.89,0
1.1,0.12982,0,0,3,0.09,1,21.82,0
4.5,0.4202,0,1,4,0.18,0,50.09,2
5.3,0.37869,0,0,4,0.08,0,41.0,1
2.4,0.0228,0,0,4,0.58,0,24.87,0
2.7,0.02107,0,0,1,0.97,0,11.56,0
3.8,0.30405,0,1,3,0.77,0,41.47,1
0.2,0.32047,0,0,3,0.75,1,18.12,0
3.2,0.30214,0,0,2,0.83,0,26.77,0
2.1,0.22977,0,1,5,0.9,0,43.08,1
3.3,0.18431,0,1,4,0.3,0,42.05,1
1.2,0.22976,0,0,2,0.09,1,18.56,0
8.9,0.0225,0,1,1,0.75,0,43.59,1
5.9,0.25504,0,1,2,0.43,0,46.42,1
6.8,0.20508,0,1,4,0.95,0,49.11,1
7.9,0.60764,0,1,2,0.93,0,53.88,2
5.0,0.18931,0,0,4,0.97,1,26.04,0
0.9,0.00724,0,0,2,0.77,0,14.52,0
5.4,0.57829,0,1,4,0.61,1,52.42,2
5.9,0.4482,1,0,3,0.77,1,50.34,2
7.5,0.36324,0,1,2,0.28,1,49.09,1
4.3,0.24915,0,0,3,0.0,1,31.66,1
1.3,0.14593,0,0,5,0.46,1,28.29,0
2.8,0.09856,0,0,5,0.64,1,27.61,0
3.6,0.16457,1,1,5,0.84,0,62.22,2
6.5,0.23457,0,1,2,0.05,1,48.65,1
5.7,0.15416,0,0,5,0.05,0,40.7,1
3.6,0.27501,0,1,3,0.94,0,34.04,1
9.9,0.31229,0,0,3,0.2,1,48.73,1
6.1,0.50141,0,1,5,0.69,0,58.23,2
2.4,0.13833,0,0,5,0.15,0,36.52,1
1.0,0.20326,1,0,1,0.9,0,27.08,0
1.5,0.19135,0,0,1,0.75,0,13.08,0
2.5,0.1524,0,0,2,0.05,0,27.03,0
1.6,0.75068,1,1,1,0.27,0,63.2,2
1.9,0.28635,0,0,3,0.97,1,18.43,0
2.9,0.06035,0,0,3,0.85,0,21.51,0
1.7,0.43611,0,1,2,0.05,0,43.79,1
9.0,0.41857,1,1,2,0.31,1,70.18,3
0.8,0.17355,0,1,4,0.33,1,31.8,1
5.2,0.20191,0,0,1,0.48,0,29.38,0
4.1,0.05388,0,0,4,0.28,0,33.51,1
9.8,0.05682,0,0,5,0.83,0,45.48,1
1.1,0.34087,1,0,3,0.47,1,38.47,1
4.0,0.19537,0,1,2,0.01,0,41.35,1
9.7,0.40401,0,1,5,0.39,1,61.14,2
8.7,0.02929,0,1,4,0.59,0,49.69,1
8.2,0.45833,0,0,5,0.66,0,53.43,2
2.6,0.17905,0,1,5,0.1,1,45.69,1
1.7,0.04243,0,1,2,0.5,1,22.25,0
6.7,0.43793,0,1,1,0.43,0,49.22,1
9.3,0.07213,0,1,2,0.18,0,47.09,1
5.6,0.25361,1,0,2,0.18,0,52.31,2
5.7,0.27319,0,0,1,0.97,0,31.07,1
2.8,0.64424,0,1,1,0.41,1,36.89,1
7.7,0.21109,0,1,2,0.64,1,41.37,1
1.9,0.11438,0,1,1,0.21,1,23.76,0
3.2,0.08954,0,0,3,0.96,1,19.12,0
4.3,0.44987,0,0,5,0.95,1,35.97,1
5.1,0.28139,0,1,5,0.79,0,52.25,2
2.4,0.39325,1,0,4,0.44,0,50.59,2
1.1,0.00976,1,0,2,0.42,0,32.11,1
6.1,0.13874,0,0,5,0.89,0,36.68,1
2.9,0.38885,0,1,5,0.87,1,44.53,1
5.8,0.16799,0,0,5,0.92,0,40.64,1
1.5,0.14949,0,1,1,0.27,1,24.37,0
4.8,0.38385,0,1,1,0.66,1,39.52,1
5.3,0.04209,0,1,5,0.67,0,41.52,1
0.5,0.28373,0,0,3,0.36,1,29.18,0
3.4,0.02666,0,0,1,0.09,0,19.26,0
1.3,0.32331,1,1,5,0.1,1,61.39,2
0.6,0.04077,0,1,4,0.84,0,26.58,0
9.9,0.41055,0,0,5,0.34,0,58.18,2
3.2,0.14664,1,0,2,0.89,0,38.68,1
8.1,0.0063,0,0,5,0.29,1,43.05,1
2.5,0.07992,1,0,2,0.2,0,38.88,1
6.8,0.37932,0,1,4,0.39,1,55.43,2
7.6,0.62634,0,0,4,0.72,1,44.32,1
6.0,0.25143,0,1,3,0.62,0,46.26,1
4.7,0.48159,0,0,5,0.15,1,48.94,1
4.1,0.25957,1,0,1,0.98,1,37.47,1
3.5,0.43851,0,0,3,0.98,1,28.56,0
9.3,0.16381,1,0,3,0.27,1,57.06,2
8.3,0.27049,0,1,2,0.53,0,47.59,1
9.7,0.34527,0,0,3,0.23,0,44.09,1
1.2,0.08729,0,1,3,0.99,0,29.84,0
7.3,0.04321,0,0,3,0.35,1,34.33,1
9.4,0.2172,0,0,2,0.9,1,36.46,1
1.8,0.0322,0,0,4,0.43,1,16.3,0
0.7,0.18209,0,0,3,0.72,1,16.56,0
7.4,0.36744,0,1,4,0.91,1,45.38,1
5.7,0.5873,0,0,4,0.62,0,40.07,1
8.4,0.06836,0,1,2,0.23,1,42.2,1
1.4,0.38255,0,0,4,0.8,1,31.55,1
8.0,0.02162,0,0,2,0.91,1,28.15,0
2.0,0.61544,1,1,3,0.09,0,62.9,2
1.6,0.08133,0,1,1,0.37,0,25.24,0
1.6,0.34561,1,0,2,0.99,0,35.04,1
8.1,0.06403,0,0,1,0.65,0,34.09,1
6.7,0.10235,0,1,3,0.17,0,47.05,1
5.2,0.22472,0,1,1,0.84,1,37.53,1
3.6,0.22871,0,1,5,0.47,0,46.36,1
8.8,0.25008,0,0,5,0.86,0,53.2,2
3.9,0.2905,0,1,3,0.76,0,43.73,1
8.2,0.11696,0,1,4,0.72,0,50.28,2
4.4,0.05226,0,1,4,0.27,1,36.95,1
3.8,0.03214,0,1,2,0.56,1,30.26,1
4.6,0.76101,0,0,5,0.86,1,43.22,1
3.0,0.18687,0,1,2,0.85,0,32.85,1
7.5,0.00635,0,1,3,0.17,1,49.12,1
5.0,0.49514,0,1,1,0.4,0,47.82,1
2.3,0.26727,1,0,5,0.46,0,47.88,1
9.0,0.39381,0,0,4,0.48,1,46.79,1
3.8,0.06346,0,0,2,0.46,0,25.22,0
5.4,0.25007,0,0,1,0.1,0,30.73,1
9.1,0.3134,0,0,4,0.9,0,47.62,1
6.2,0.34256,0,1,4,0.78,1,45.98,1
1.2,0.82005,0,1,3,0.43,1,44.35,1
9.4,0.68317,0,1,4,0.95,0,64.17,2
6.3,0.01779,0,1,4,0.54,1,44.17,1
3.3,0.34883,0,0,4,0.06,1,36.52,1
1.4,0.03731,0,0,1,0.44,1,12.8,0
7.9,0.18584,0,0,1,0.21,0,41.09,1
6.2,0.35909,0,0,4,1.0,0,37.95,1
5.3,0.13291,0,0,3,0.12,0,30.37,1
8.9,0.37361,1,1,4,0.31,1,74.44,3
7.9,0.41555,0,0,5,0.68,0,51.61,2
1.5,0.04796,0,0,5,0.22,1,26.64,0
3.1,0.08509,0,0,2,0.11,1,21.2,0
2.5,0.00186,0,0,5,0.39,0,31.17,1
7.4,0.30577,0,1,2,0.9,0,48.88,1
0.3,0.44627,0,0,2,0.58,0,27.12,0
5.7,0.2143,0,1,2,0.75,1,38.13,1
7.6,0.18997,0,0,2,0.29,0,36.73,1
8.8,0.08821,0,0,4,0.89,0,41.52,1
3.4,0.39406,0,0,1,0.56,1,22.88,0
8.2,0.03356,0,0,5,0.35,0,45.25,1
1.1,0.02861,0,1,5,0.66,0,36.14,1
8.5,0.00432,0,0,5,0.41,0,42.91,1
1.3,0.05712,0,1,2,0.28,0,26.86,0
4.0,0.13089,0,1,3,0.77,0,31.56,1
8.0,0.12304,1,0,1,0.11,0,55.28,2
1.5,0.28486,1,0,3,0.66,0,34.68,1
2.3,0.69561,0,0,3,0.53,0,38.96,1
7.2,0.61938,0,0,5,0.51,0,58.64,2
7.2,0.36974,0,1,3,0.34,1,47.3,1
6.4,0.05069,0,0,4,0.28,1,40.24,1
6.9,0.62311,0,0,3,0.69,1,47.03,1
5.4,0.09274,0,1,3,0.81,0,34.42,1
2.5,0.02914,0,1,5,0.39,0,39.32,1
3.5,0.39756,0,1,3,0.14,1,47.88,1
1.8,0.51417,0,1,2,0.02,1,39.14,1
9.1,0.31808,0,1,1,0.58,1,48.58,1
5.8,0.09043,0,1,4,0.25,0,48.22,1
4.0,0.20568,0,1,1,0.41,1,34.92,1
4.6,0.40112,1,0,2,0.56,0,46.57,1
9.5,0.08678,0,0,3,0.72,1,31.93,1
1.5,0.05471,0,0,5,0.42,1,25.85,0
5.9,0.3319,0,0,1,0.7,1,32.25,1
5.1,0.07598,0,0,3,0.91,0,26.55,0
6.1,0.45667,0,0,1,0.28,1,36.26,1
0.2,0.20985,0,1,3,0.7,0,32.08,1
8.7,0.4897,0,0,5,0.3,0,54.39,2
9.3,0.38457,0,0,2,0.07,0,44.81,1
5.7,0.25666,0,0,1,0.08,0,30.4,1
7.0,0.20492,0,0,4,0.7,1,36.31,1
9.2,0.22993,0,1,2,0.15,0,53.46,2
7.1,0.05989,1,1,5,1.0,0,57.32,2
1.5,0.48366,1,0,4,0.54,1,47.43,1
5.8,0.20231,0,0,3,0.31,0,37.64,1
6.1,0.37158,0,0,1,0.61,0,33.74,1
4.2,0.27414,0,0,4,0.09,1,32.86,1
7.4,0.16616,0,0,2,0.05,1,39.81,1
9.3,0.02936,1,1,4,0.54,1,62.66,2
9.3,0.13312,0,0,5,0.18,1,44.24,1
4.5,0.36566,0,0,4,0.07,1,41.98,1
1.1,0.06268,0,1,1,0.63,0,22.57,0
9.8,0.10095,0,0,1,0.45,0,26.71,0
8.4,0.02096,1,1,3,0.5,1,59.26,2
1.2,0.12632,0,1,4,0.76,0,30.57,1
9.2,0.25935,0,1,4,0.69,1,49.33,1
8.7,0.04828,1,0,5,0.81,1,53.1,2
5.2,0.01621,0,0,1,0.09,0,22.89,0
5.9,0.08757,1,0,2,0.08,0,44.55,1
4.0,0.08139,0,0,3,0.58,0,27.56,0
0.5,0.07193,0,0,4,0.92,0,21.7,0
3.4,0.26865,0,0,3,0.75,1,20.57,0
8.0,0.28463,0,1,4,0.7,1,54.52,2
0.0,0.02015,0,0,4,0.35,0,19.62,0
3.3,0.00044,0,1,5,0.57,0,44.36,1
4.0,0.19271,0,0,4,0.7,0,34.72,1
5.4,0.53253,0,1,3,0.51,1,43.45,1
9.2,0.03077,0,1,3,0.23,0,51.99,2
3.5,0.17607,0,0,5,0.68,0,35.33,1
3.5,0.1754,1,1,5,0.52,1,53.9,2
7.4,0.23401,0,1,3,0.25,1,51.44,2
4.5,0.01787,0,1,3,0.53,0,39.14,1
2.2,0.10888,0,1,4,0.34,0,37.15,1
4.5,0.1991,0,0,1,0.07,1,25.65,0
1.4,0.31624,0,0,3,0.47,1,23.36,0
1.8,0.3678,0,1,2,0.97,0,34.16,1
5.0,0.10673,0,1,1,0.25,0,39.92,1
4.2,0.3509,0,1,2,0.44,1,38.14,1
9.1,0.1285,0,0,1,0.82,0,34.38,1
3.6,0.33828,0,1,3,0.95,1,39.09,1
5.8,0.20273,0,0,5,0.06,1,47.11,1
6.3,0.13049,0,0,5,0.75,1,33.28,1
0.1,0.38926,0,0,3,0.32,1,19.6,0
6.6,0.26768,1,1,1,0.11,0,59.46,2
1.8,0.52917,0,1,3,0.76,1,41.58,1
9.6,0.0936,0,0,1,0.47,1,28.12,0
1.5,0.10969,0,1,3,0.21,0,35.24,1
4.1,0.05487,0,0,2,0.72,1,17.08,0
0.9,0.02474,0,1,3,0.22,1,25.75,0
10.0,0.20009,0,0,1,0.63,1,35.26,1
5.0,0.16699,0,0,4,0.33,0,36.53,1
6.0,0.11705,0,0,5,0.23,1,34.19,1
0.7,0.03125,1,1,4,0.04,1,43.13,1
7.5,0.3537,0,1,3,0.16,0,55.63,2
2.1,0.15571,0,0,1,0.93,1,16.16,0
9.0,0.46553,1,0,5,0.45,1,72.88,3
2.1,0.07376,0,0,3,0.85,1,20.97,0
1.9,0.13527,0,1,4,0.76,1,28.02,0
0.4,0.27981,0,0,5,0.69,0,27.24,0
4.7,0.45156,1,0,3,0.74,0,51.15,2
5.6,0.24221,0,1,5,0.17,0,56.85,2
0.7,0.48187,0,0,2,0.25,0,31.85,1
7.8,0.7122,0,1,5,0.78,1,64.7,2
4.5,0.3851,0,0,2,0.67,1,32.46,1
5.2,0.11551,0,1,5,0.81,0,54.68,2
4.4,0.61964,0,1,5,0.69,0,60.39,2
4.0,0.11458,0,0,5,0.79,0,31.29,1
5.6,0.15587,0,1,2,0.58,1,33.41,1
1.6,0.46252,0,0,3,0.82,0,27.94,0
1.8,0.19323,0,1,4,0.32,0,47.09,1
8.6,0.24089,0,0,5,0.07,1,43.96,1
9.5,0.02975,0,1,4,0.2,1,50.41,2
3.7,0.13355,0,0,4,0.15,1,34.9,1
2.7,0.28948,0,0,5,0.47,0,32.46,1
6.4,0.14943,1,1,2,0.9,1,53.37,2
4.1,0.19291,0,1,1,0.31,0,38.62,1
0.3,0.46638,0,1,1,0.52,1,22.44,0
1.6,0.39268,0,0,1,0.82,1,14.71,0
7.2,0.03287,0,1,5,0.87,0,44.57,1
6.6,0.09966,0,0,4,0.28,1,37.62,1
0.3,0.21631,0,1,1,0.52,1,22.33,0
2.2,0.60366,0,0,5,0.26,1,40.55,1
2.3,0.33824,0,0,5,0.42,1,31.92,1
6.7,0.07167,0,1,5,0.39,1,45.11,1
0.2,0.09221,0,1,2,0.06,0,32.5,1
1.0,0.00473,0,0,3,0.03,1,25.43,0
8.0,0.49917,0,0,2,0.62,0,44.77,1
1.8,0.13971,0,0,4,0.17,1,24.45,0
6.5,0.26586,0,0,5,0.15,0,44.77,1
2.4,0.21915,0,0,2,0.36,1,17.01,0
1.0,0.30636,0,1,1,0.23,1,28.31,0
2.4,0.08839,0,1,3,0.75,0,25.05,0
7.2,0.11487,0,0,5,0.65,1,39.46,1
8.6,0.37897,0,1,2,0.96,0,48.95,1
8.3,0.1088,1,1,1,0.4,0,63.33,2
4.0,0.01256,0,0,1,0.03,1,21.09,0
6.7,0.42643,0,0,2,0.85,0,34.37,1
2.0,0.3261,0,0,2,0.12,1,28.06,0
2.9,0.33289,1,0,4,0.27,1,44.17,1
9.0,0.09726,0,0,5,0.63,1,42.63,1
0.1,0.16247,0,1,1,0.46,0,22.13,0
0.9,0.16468,0,1,4,0.69,1,32.41,1
2.1,0.17981,0,1,1,0.19,1,27.73,0
0.3,0.04719,1,1,2,0.59,0,35.95,1
1.8,0.43593,0,1,1,0.45,0,36.84,1
5.8,0.52107,0,0,1,0.59,0,37.69,1
4.2,0.06407,0,0,5,0.88,0,34.19,1
8.9,0.11239,0,0,2,0.53,0,37.2,1
8.2,0.12259,0,0,1,0.74,1,29.13,0
3.4,0.24327,0,1,3,0.74,1,38.17,1
2.6,0.21546,0,0,4,0.66,0,32.98,1
3.8,0.44858,0,0,1,0.48,0,27.97,0
5.9,0.06181,0,1,1,0.0,1,35.15,1
2.7,0.45781,0,1,4,0.12,1,52.42,2
6.2,0.33116,0,0,1,0.54,0,34.94,1
4.1,0.11126,0,0,2,0.04,1,27.4,0
5.5,0.43386,0,0,1,0.05,1,26.9,0
4.4,0.25924,0,0,2,0.13,0,28.6,0
2.9,0.0625,0,1,2,0.23,1,30.28,1
9.5,0.31856,0,1,2,1.0,1,50.64,2
7.6,0.14687,0,0,4,0.12,0,39.38,1
1.4,0.64473,0,0,2,0.27,0,30.75,1
8.7,0.08043,1,0,1,0.68,1,41.9,1
4.9,0.21738,1,1,5,0.68,1,60.4,2
8.9,0.10564,0,0,2,0.87,1,32.69,1
8.0,0.13865,0,1,1,0.61,1,41.98,1
4.3,0.00798,1,0,1,0.27,1,31.63,1
0.2,0.04215,0,0,3,0.24,1,12.96,0
2.7,0.01574,0,0,1,0.83,1,8.09,0
5.4,0.24749,0,1,3,0.1,0,44.88,1
6.3,0.20126,0,0,1,0.48,1,25.06,0
2.6,0.24031,0,1,2,0.48,1,34.1,1
1.4,0.23423,0,0,3,0.74,1,19.68,0
8.3,0.33075,0,0,3,1.0,1,36.1,1
9.8,0.02526,0,0,3,0.5,0,39.94,1
5.3,0.01072,0,1,2,0.78,0,34.4,1
1.7,0.22095,1,1,5,0.85,0,55.14,2
2.7,0.08459,0,0,2,0.03,1,18.38,0
0.2,0.09663,0,0,5,0.64,0,22.93,0
9.1,0.35961,0,1,2,0.88,1,50.4,2
1.2,0.17144,0,0,1,0.72,0,18.35,0
5.8,0.35335,0,1,2,0.77,1,39.67,1
2.7,0.48757,0,0,5,0.81,1,34.48,1
5.5,0.23188,0,1,4,0.02,1,47.25,1
6.5,0.55713,1,1,1,0.93,1,59.28,2
8.3,0.06864,0,0,3,0.91,1,35.49,1
2.1,0.0769,0,0,2,0.6,0,14.37,0
0.1,0.16063,0,0,1,0.35,1,14.54,0
1.4,0.07018,1,0,5,0.37,1,43.35,1
9.0,0.16489,0,0,3,0.54,1,39.21,1
8.7,0.51399,0,0,5,0.29,0,57.44,2
6.0,0.044,0,1,1,0.57,1,32.69,1
6.0,0.17811,0,1,1,0.62,1,33.85,1
6.7,0.40918,0,0,1,0.73,1,28.78,0
1.8,0.24277,0,1,1,0.07,1,26.25,0
9.1,0.1243,0,1,5,0.07,0,56.33,2
4.2,0.12177,0,0,4,0.92,1,27.03,0
3.8,0.35744,0,0,1,0.74,1,18.34,0
5.2,0.11533,0,0,3,0.34,1,31.18,1
0.5,0.15344,0,1,5,0.02,0,40.21,1
1.7,0.19193,0,0,2,0.61,0,24.69,0
7.4,0.23743,0,1,2,0.25,0,41.9,1
0.8,0.4927,0,1,5,0.06,0,49.55,1
6.0,0.3595,0,1,5,0.76,0,50.95,2
2.5,0.44685,0,1,1,0.98,0,37.98,1
3.9,0.47912,0,1,5,0.75,1,46.27,1
2.9,0.32703,0,0,3,0.11,1,27.71,0
3.6,0.03333,0,1,2,0.37,0,33.24,1
7.2,0.588,0,0,3,0.25,1,44.88,1
3.0,0.02081,0,1,3,0.37,1,31.91,1
5.7,0.09133,0,0,1,0.56,1,25.78,0
4.8,0.50127,0,1,5,0.63,0,52.72,2
6.6,0.25012,0,0,2,0.31,1,36.56,1
9.4,0.20365,0,0,2,0.67,0,40.53,1
7.3,0.15041,1,0,2,0.68,0,50.28,2
2.1,0.04478,0,0,3,0.99,0,17.28,0
0.3,0.23627,0,1,2,0.48,0,30.59,1
2.6,0.41003,0,0,2,0.33,0,30.23,1
6.0,0.09719,0,1,3,0.86,1,38.93,1
0.5,0.13208,0,1,1,0.17,1,25.45,0
5.0,0.38073,0,1,3,0.45,1,45.68,1
6.0,0.42564,0,1,3,0.63,1,51.38,2
3.3,0.37433,0,0,1,0.14,0,25.25,0
7.7,0.20003,0,0,4,0.05,0,40.82,1
1.1,0.09154,0,0,4,0.4,0,24.81,0
0.8,0.29243,0,0,5,0.35,1,20.52,0
7.3,0.36352,1,0,5,0.74,1,55.91,2
5.0,0.06109,1,1,3,0.53,0,58.63,2
6.9,0.42254,1,0,5,0.02,0,64.28,2
4.3,0.1858,0,0,4,0.92,0,34.73,1
2.5,0.59743,1,1,5,0.86,1,67.77,2
8.2,0.26798,0,1,4,0.07,1,58.25,2
8.0,0.44274,0,1,4,0.25,0,64.04,2
6.9,0.55523,0,1,3,0.62,0,49.09,1
2.7,0.21533,0,0,5,0.18,0,35.82,1
5.9,0.00053,0,0,5,0.97,1,28.9,0
3.6,0.33357,0,1,1,0.42,0,35.72,1
0.9,0.42331,0,0,1,0.7,0,23.61,0
9.2,0.09291,0,0,4,0.51,0,46.37,1
1.4,0.2117,0,1,3,0.31,0,33.37,1
9.5,0.45929,0,0,2,0.7,1,40.4,1
4.5,0.11529,0,0,5,0.48,1,28.03,0
1.9,0.04485,1,1,5,0.64,1,50.42,2
5.4,0.27859,1,0,4,0.39,0,52.63,2
8.7,0.08662,0,0,4,1.0,1,36.53,1
7.3,0.63446,1,1,5,0.21,0,80.25,3
8.1,0.26244,1,1,4,0.18,1,68.5,2
6.6,0.32477,0,0,3,0.01,1,41.67,1
6.9,0.13399,0,0,5,0.87,1,41.36,1
8.5,0.37149,0,1,5,0.16,0,61.59,2
2.5,0.0682,1,1,1,0.25,0,41.34,1
4.9,0.20127,0,1,4,0.21,1,42.98,1
2.2,0.0265,1,1,1,0.98,1,35.13,1
9.9,0.46387,0,1,4,0.85,1,61.07,2
9.4,0.09477,0,1,2,0.75,1,43.29,1
0.4,0.17143,0,1,5,0.39,1,34.45,1
7.1,0.51387,0,0,1,0.01,0,36.9,1
9.3,0.56825,1,1,5,0.97,0,79.02,3
1.8,0.67487,0,0,1,0.2,1,29.03,0
5.7,0.1197,0,1,1,0.07,0,39.76,1
9.2,0.03468,0,1,2,0.38,1,36.95,1
0.3,0.60412,1,0,5,0.28,0,56.68,2
7.0,0.24429,0,1,3,0.94,0,42.57,1
3.0,0.01327,0,0,4,0.03,0,32.32,1
9.2,0.22662,0,1,5,0.98,0,58.16,2
9.7,0.08284,0,0,4,0.59,1,38.11,1
9.4,0.52676,0,0,3,0.3,1,46.26,1
4.7,0.82769,0,0,3,0.87,1,45.95,1
8.6,0.05058,0,0,4,0.42,0,42.82,1
8.4,0.18909,0,1,4,0.53,0,51.75,2
3.2,0.46582,0,0,4,0.14,0,36.59,1
8.3,0.00762,0,0,3,0.88,1,30.19,1
0.4,0.06286,1,0,3,0.88,1,31.9,1
6.0,0.53894,0,1,3,0.75,1,47.58,1
2.3,0.53993,0,0,5,0.73,1,37.13,1
1.2,0.03486,0,0,4,0.2,0,21.56,0
0.8,0.25251,0,0,5,0.44,1,27.04,0
7.0,0.174,0,1,2,0.09,1,43.06,1
3.4,0.09111,0,1,3,0.59,1,30.34,1
7.2,0.38399,0,1,5,0.21,0,57.57,2
0.7,0.0624,1,0,3,0.3,1,27.74,0
3.2,0.0375,0,1,1,0.82,0,30.02,1
5.4,0.1824,0,0,4,0.99,1,32.62,1
7.9,0.28321,0,0,3,0.38,1,37.24,1
3.2,0.47089,0,0,4,0.79,1,39.78,1
6.3,0.07507,0,0,5,0.13,0,43.87,1
8.9,0.10611,0,0,1,0.53,0,29.96,0
6.2,0.14562,0,1,4,0.55,1,42.26,1
2.3,0.13292,0,1,2,0.89,1,23.74,0
0.2,0.30834,0,0,3,0.24,1,23.4,0
8.7,0.24756,0,0,4,0.06,1,44.19,1
0.2,0.02764,0,0,2,0.35,0,15.58,0
8.7,0.23296,0,0,4,0.75,1,43.78,1
5.3,0.04196,0,1,5,0.05,1,44.52,1
9.4,0.39739,0,1,3,0.15,1,52.93,2
8.0,0.01023,1,0,3,0.05,1,57.24,2
10.0,0.50595,0,0,2,0.5,1,49.4,1
3.5,0.03072,0,1,1,0.82,1,21.86,0
7.7,0.24826,0,0,1,0.27,1,35.21,1
4.0,0.31777,0,1,2,0.03,1,47.58,1
4.8,0.04424,0,1,4,0.18,1,38.25,1
6.3,0.36871,0,1,1,0.08,1,41.11,1
8.7,0.32703,0,1,3,0.55,1,54.18,2
9.8,0.05159,0,0,2,0.5,0,34.39,1
7.7,0.44827,1,0,2,0.25,0,56.27,2
4.2,0.17782,0,1,3,0.84,0,39.23,1
4.2,0.01812,0,0,1,0.41,1,18.43,0
7.4,0.12545,1,0,5,0.97,1,47.9,1
2.4,0.15335,0,0,2,0.23,0,28.04,0
1.1,0.07143,0,0,4,0.62,1,13.84,0
3.5,0.0272,0,0,2,0.8,0,17.27,0
2.9,0.13399,0,0,5,0.19,0,33.77,1
3.0,0.29331,0,1,3,0.79,0,39.58,1
2.3,0.3286,0,0,1,0.88,1,18.28,0
0.4,0.06261,0,1,3,0.67,0,24.27,0
0.2,0.04042,0,1,3,0.9,1,19.19,0
9.9,0.14679,0,1,1,0.39,1,44.18,1
4.3,0.18752,0,1,3,0.4,0,43.87,1
3.8,0.02393,0,0,3,0.02,1,22.08,0
6.8,0.13789,0,0,2,0.8,1,26.14,0
2.2,0.16173,0,1,4,0.03,1,35.87,1
9.5,0.21524,1,1,1,0.26,1,68.66,2
7.9,0.16113,0,0,2,0.62,0,31.33,1
0.9,0.60031,0,1,5,0.61,1,42.75,1
4.2,0.3407,1,0,2,0.48,0,44.03,1
8.8,0.73353,0,0,2,0.62,0,48.15,1
9.4,0.0472,0,1,3,0.32,1,51.29,2
4.7,0.015,0,0,4,0.2,1,27.84,0
6.1,0.19329,0,1,2,0.29,1,50.17,2
1.7,0.06224,0,0,5,0.25,1,23.6,0
9.9,0.28119,0,0,3,0.43,1,44.7,1
2.3,0.10911,1,0,2,0.76,1,29.88,0
9.4,0.03747,0,0,5,0.33,1,41.49,1
6.5,0.29596,0,1,1,0.36,1,37.41,1
6.1,0.62006,0,0,2,0.7,1,44.71,1
5.1,0.17343,0,1,1,0.91,1,29.95,0
2.3,0.14495,0,0,1,0.26,0,21.08,0
1.8,0.28429,0,1,5,0.74,1,36.29,1
2.2,0.28328,0,0,3,0.62,1,26.88,0
1.9,0.54142,0,0,4,0.52,0,35.03,1
7.8,0.14317,1,0,4,0.02,0,60.29,2
3.5,0.57445,0,0,2,0.38,0,39.62,1
0.6,0.39304,0,0,5,0.21,1,34.03,1
9.7,0.04672,0,0,1,0.14,1,41.51,1
8.8,0.07145,0,1,2,0.28,1,45.0,1
9.3,0.11164,1,1,3,0.65,1,67.99,2
9.9,0.70209,0,0,4,0.54,1,57.36,2
1.7,0.09462,0,1,4,0.44,1,31.41,1
4.0,0.40469,0,0,1,0.15,0,30.95,1
7.6,0.0381,1,1,2,0.78,0,58.73,2
7.0,0.23585,0,1,2,0.48,0,43.36,1
1.5,0.1428,1,0,4,0.65,1,33.72,1
8.2,0.5691,0,1,3,0.04,0,62.7,2
2.2,0.20207,0,0,5,0.89,1,23.78,0
2.2,0.42497,0,1,1,0.52,1,32.19,1
5.4,0.26648,0,0,4,0.35,1,39.21,1
5.9,0.14245,0,1,4,0.83,0,40.91,1
5.8,0.30348,0,0,2,0.81,1,33.86,1
0.9,0.07115,1,0,1,0.22,1,26.15,0
8.8,0.24293,0,1,4,0.37,0,56.71,2
2.7,0.2821,0,1,4,0.61,0,34.02,1
1.3,0.18895,0,0,4,1.0,1,17.34,0
8.9,0.01698,0,0,1,0.79,0,24.41,0
9.6,0.4193,0,0,4,0.05,0,60.36,2
8.6,0.52647,0,0,4,0.74,1,52.8,2
8.1,0.65151,0,0,2,0.49,0,48.32,1
6.6,0.12508,0,1,3,0.02,0,47.75,1
5.5,0.27343,0,0,5,0.45,0,39.45,1
0.9,0.43577,1,0,1,0.33,1,36.76,1
4.1,0.47666,0,1,5,0.1,0,57.34,2
3.7,0.55736,0,1,4,0.53,0,51.15,2
2.6,0.02393,0,1,3,0.94,1,23.07,0
7.2,0.19012,0,0,2,0.87,1,29.53,0
5.0,0.11138,0,1,2,0.56,1,35.21,1
0.8,0.42202,0,0,1,0.21,0,23.31,0
2.2,0.02287,0,0,3,0.11,1,23.32,0
6.8,0.14532,0,0,1,0.68,1,22.36,0
0.8,0.42681,0,0,2,0.39,0,30.09,1
8.5,0.13102,0,0,4,0.52,0,38.7,1
5.0,0.22757,0,0,1,0.78,0,27.26,0
4.8,0.02484,0,1,3,0.6,0,37.93,1
5.9,0.17423,0,0,1,0.08,1,35.58,1
8.2,0.2326,0,0,2,0.99,0,32.73,1
3.5,0.33859,0,1,1,0.14,1,30.22,1
6.8,0.04213,0,0,4,0.98,1,22.18,0
5.7,0.17248,0,1,2,0.51,0,40.92,1
2.7,0.26244,0,0,1,0.84,1,21.19,0
8.8,0.19437,0,0,5,0.12,1,51.43,2
8.0,0.12293,0,1,5,0.86,1,51.08,2
6.6,0.06088,0,1,2,0.13,1,42.01,1
8.5,0.18779,0,1,4,0.89,1,49.62,1
8.7,0.25969,0,0,3,0.44,1,48.37,1
7.1,0.33414,0,1,4,0.86,1,49.76,1
8.4,0.05897,0,0,1,0.28,1,33.56,1
7.0,0.35355,0,1,2,0.71,1,43.58,1
6.8,0.02965,0,1,5,0.77,0,45.24,1
6.2,0.04555,0,1,3,0.5,1,37.11,1
7.5,0.36825,0,0,2,0.86,1,39.8,1
1.6,0.18436,1,0,2,0.68,1,31.39,1
8.8,0.31776,1,0,2,0.31,0,63.01,2
8.7,0.48886,0,1,1,0.93,0,45.76,1
0.3,0.3064,0,1,5,0.34,1,34.45,1
8.3,0.07143,0,0,5,0.73,1,38.76,1
1.3,0.19936,0,0,5,0.69,0,22.48,0
3.4,0.72833,0,1,3,0.13,1,53.96,2
7.4,0.05978,0,1,1,0.43,1,37.49,1
1.6,0.42029,1,0,4,0.57,0,44.95,1
8.2,0.19323,0,1,5,0.19,0,61.06,2
8.3,0.6783,0,0,4,0.1,0,53.4,2
5.1,0.20239,0,1,2,0.55,1,35.62,1
0.1,0.18531,0,0,2,0.15,0,22.07,0
2.9,0.18147,0,0,2,0.79,0,18.63,0
6.2,0.46333,0,0,5,0.86,1,39.9,1
9.8,0.17535,0,1,2,0.09,0,53.5,2
6.3,0.14618,0,0,1,0.7,1,33.35,1
2.6,0.45297,1,0,2,0.73,1,42.64,1
6.3,0.1544,0,1,5,0.07,1,52.65,2
5.4,0.30445,0,1,1,0.6,1,34.3,1
7.8,0.07003,0,0,5,0.62,0,42.72,1
1.1,0.09812,0,1,2,0.51,1,21.97,0
7.6,0.32832,0,0,1,0.69,0,38.73,1
5.4,0.07704,0,1,2,0.25,1,38.25,1
9.6,0.0585,0,0,1,0.26,1,34.63,1
3.4,0.26138,0,0,4,0.92,1,29.85,0
6.3,0.70142,0,1,1,0.68,1,53.09,2
9.3,0.11197,0,0,4,0.4,1,45.36,1
1.0,0.23333,1,0,2,0.67,0,41.62,1
9.4,0.31277,0,1,1,0.75,1,47.71,1
6.9,0.08877,0,1,5,0.3,0,53.21,2
0.7,0.04786,1,0,1,0.52,0,29.06,0
3.0,0.11053,0,0,1,0.11,1,22.72,0
7.1,0.12758,0,1,1,0.6,0,36.76,1
0.7,0.33764,0,1,3,0.69,1,31.06,1
5.8,0.06167,0,1,5,0.74,1,40.24,1
3.5,0.52581,0,1,1,0.96,0,33.31,1
6.2,0.14417,1,0,1,0.17,1,39.77,1
0.5,0.19313,0,1,2,0.07,1,25.27,0
8.7,0.20218,0,0,5,0.94,1,43.46,1
9.7,0.22395,0,1,1,0.65,0,46.56,1
9.7,0.31151,1,0,1,0.56,1,58.53,2
7.5,0.21727,0,1,1,0.42,1,40.19,1
1.3,0.38921,0,1,4,0.44,1,34.82,1
7.6,0.22752,1,0,3,0.3,0,60.28,2
0.2,0.13873,1,0,5,0.62,0,37.81,1
0.2,0.21861,0,1,4,0.02,0,40.81,1
3.2,0.11168,0,0,1,0.54,0,21.43,0
4.9,0.23237,0,0,5,0.06,1,35.04,1
7.7,0.06149,0,0,4,0.72,0,36.07,1
6.8,0.23087,1,1,3,0.96,0,58.3,2
4.5,0.11341,0,0,4,0.19,0,31.36,1
2.7,0.29585,0,1,2,0.27,1,32.5,1
10.0,0.10108,0,0,1,0.54,1,32.56,1
4.3,0.34067,1,1,4,0.49,1,57.55,2
4.5,0.57788,0,1,3,0.82,1,46.5,1
1.6,0.25582,0,0,1,0.13,0,15.07,0
7.9,0.26167,0,1,2,0.55,0,48.45,1
6.9,0.07209,0,1,2,0.92,0,36.97,1
2.2,0.20293,0,1,4,0.67,0,39.74,1
0.8,0.11018,0,1,1,0.27,0,22.86,0
6.8,0.27381,0,1,4,0.06,1,52.9,2
6.5,0.21045,0,1,2,0.42,1,38.69,1
2.7,0.54117,0,0,5,0.47,1,42.56,1
9.5,0.53183,0,1,4,0.13,0,72.55,3
1.5,0.25672,1,0,5,0.48,1,43.48,1
4.3,0.00144,0,1,1,0.68,1,23.35,0
9.4,0.20893,0,0,2,0.48,0,41.02,1
4.2,0.18333,0,1,4,0.23,1,39.59,1
6.4,0.10199,0,1,4,0.96,0,40.64,1
4.0,0.44588,0,0,4,0.11,1,42.13,1
2.7,0.02691,0,1,1,0.61,0,28.23,0
9.8,0.1865,0,1,1,0.73,0,40.98,1
4.1,0.17291,0,0,3,0.27,0,32.88,1
8.9,0.01498,0,0,4,0.38,1,44.18,1
2.3,0.26618,0,1,1,0.44,0,28.47,0
2.1,0.17699,0,1,2,0.65,0,27.75,0
0.3,0.31363,0,0,1,0.51,1,16.41,0
6.5,0.03172,0,1,1,0.19,1,44.21,1
3.7,0.25753,1,1,4,0.89,0,56.53,2
8.6,0.35126,0,0,5,0.36,0,52.11,2
4.7,0.38709,0,1,2,0.38,1,46.7,1
9.7,0.011,0,1,5,0.8,0,54.48,2
1.9,0.06726,0,0,3,0.54,0,23.12,0
8.7,0.1209,0,1,4,0.23,1,54.03,2
7.8,0.37504,0,0,5,0.91,0,52.32,2
7.7,0.23156,0,1,1,0.81,0,41.15,1
8.4,0.1504,0,0,1,0.6,1,33.57,1
7.6,0.54828,0,0,3,0.51,1,39.33,1
6.3,0.04115,0,0,3,0.68,0,27.15,0
1.3,0.1446,0,0,2,0.36,1,22.41,0
0.3,0.30265,0,1,2,0.69,1,19.6,0
9.2,0.26262,0,0,4,0.04,1,46.66,1
6.2,0.27441,0,1,3,0.4,1,45.23,1
8.0,0.13797,0,1,4,0.62,1,45.11,1
4.8,0.23025,0,0,5,0.62,1,42.81,1
1.2,0.01649,0,1,2,0.07,0,32.65,1
1.3,0.09467,0,0,4,0.72,0,20.7,0
6.9,0.13026,0,0,3,0.08,0,35.95,1
4.3,0.24021,0,1,5,0.74,1,46.98,1
2.0,0.06086,0,1,2,0.91,0,23.77,0
4.9,0.3235,0,0,4,0.98,1,35.63,1
0.6,0.15633,0,1,3,0.6,0,32.05,1
5.8,0.28223,0,0,4,0.71,1,33.88,1
2.7,0.07106,0,1,2,0.23,1,30.23,1
8.0,0.1585,0,1,5,0.37,1,54.04,2
3.1,0.1402,0,1,1,0.01,0,36.21,1
4.6,0.14367,0,1,5,0.8,0,36.38,1
0.1,0.50795,0,1,4,0.69,1,38.73,1
0.7,0.26008,1,0,4,0.26,1,39.96,1
3.9,0.19314,0,0,1,0.49,0,25.17,0
4.8,0.19565,1,1,4,0.73,1,56.2,2
6.0,0.13193,0,1,5,0.67,1,46.47,1
2.9,0.3253,0,0,2,0.32,1,28.01,0
6.9,0.04616,0,0,5,0.37,1,36.93,1
8.6,0.48111,0,1,5,0.15,1,59.86,2
7.8,0.07238,0,0,5,0.14,0,44.25,1
0.4,0.09192,0,0,2,0.4,1,19.52,0
4.8,0.41404,0,0,4,0.48,1,31.82,1
1.0,0.02377,0,0,5,0.95,1,13.83,0
2.4,0.56764,0,0,2,0.51,0,31.38,1
9.9,0.14298,0,1,4,0.19,1,52.5,2
1.4,0.43384,0,0,2,0.17,1,30.83,1
5.0,0.30507,0,1,2,0.35,1,40.88,1
6.2,0.22469,0,0,5,0.92,1,35.0,1
7.0,0.48098,0,0,1,0.79,0,32.62,1
5.6,0.15106,0,1,5,0.49,0,45.22,1
0.1,0.34758,0,0,2,0.96,0,20.24,0
3.3,0.25463,0,1,2,0.22,1,34.6,1
5.2,0.19366,1,1,2,0.43,0,48.77,1
0.9,0.12567,0,0,3,0.0,1,22.85,0
3.5,0.0113,0,0,5,0.87,1,27.52,0
0.3,0.1726,0,0,1,0.16,0,9.37,0
0.8,0.37628,0,0,4,0.96,1,21.11,0
4.0,0.15074,0,1,1,0.51,1,32.96,1
1.3,0.25848,0,0,1,0.99,1,13.2,0
5.7,0.06818,0,0,3,0.54,0,31.42,1
6.9,0.01541,0,0,2,0.46,1,31.16,1
8.0,0.15595,0,1,1,0.47,1,42.0,1
2.0,0.35504,0,1,2,0.84,0,37.04,1
1.7,0.21344,0,0,5,0.36,0,31.07,1
1.0,0.07812,0,0,2,0.85,0,18.33,0
6.4,0.1632,0,1,2,0.89,0,40.95,1
7.1,0.0157,0,0,5,0.29,1,38.11,1
0.3,0.25654,0,1,5,0.93,1,33.51,1
9.4,0.25957,1,1,1,0.19,0,63.93,2
0.5,0.03453,0,1,3,0.83,0,25.37,0
5.4,0.20141,0,0,4,0.17,1,30.58,1
7.1,0.28363,0,0,5,0.72,0,44.74,1
8.7,0.59609,0,0,5,0.98,0,57.76,2
7.1,0.12262,0,0,4,0.08,0,42.72,1
8.0,0.23169,1,1,2,0.2,0,63.01,2
3.4,0.2776,0,1,5,0.35,1,44.6,1
8.1,0.11911,0,1,4,0.36,0,53.05,2
0.8,0.33269,1,0,1,0.18,0,37.71,1
8.9,0.03451,0,1,3,0.5,0,50.33,2
5.5,0.06409,0,0,5,0.79,1,30.51,1
8.2,0.37509,0,0,4,0.8,1,41.28,1
4.5,0.00898,0,0,5,0.47,1,30.25,1
6.4,0.1402,0,0,2,0.31,0,33.56,1
5.3,0.47249,0,0,5,0.24,0,50.24,2
7.3,0.44409,0,0,5,0.72,1,46.24,1
0.8,0.64754,0,1,2,0.09,0,43.3,1
0.6,0.01024,0,0,5,0.55,0,21.85,0
2.5,0.01544,0,0,2,0.54,1,17.63,0
1.6,0.326,0,1,4,0.11,0,47.05,1
8.7,0.10068,0,1,3,0.47,1,47.3,1
2.2,0.17877,1,0,3,0.25,1,35.99,1
9.8,0.35044,1,1,4,0.17,1,79.75,3
3.4,0.145,0,1,1,0.08,0,35.4,1
1.8,0.1494,1,0,1,0.19,1,34.67,1
7.9,0.11091,0,0,3,0.64,1,35.39,1
6.6,0.4979,0,1,4,0.73,1,49.67,1
5.0,0.21174,0,1,5,0.23,0,51.88,2
5.6,0.21682,0,1,4,0.57,1,46.59,1
7.2,0.04977,1,0,2,0.37,0,51.61,2
2.3,0.0954,0,0,4,0.54,0,29.54,0
10.0,0.01474,0,1,1,0.25,1,42.1,1
9.7,0.13252,0,1,5,0.05,1,60.24,2
6.5,0.11272,0,0,5,0.33,0,43.44,1
2.0,0.17774,0,0,3,0.16,1,18.46,0
6.8,0.396,0,0,2,0.73,1,34.3,1
0.7,0.28793,0,1,5,0.73,0,40.67,1
0.3,0.01577,0,0,3,0.07,0,18.15,0
2.6,0.07477,0,0,5,0.4,0,34.42,1
4.6,0.08908,0,0,1,0.09,0,30.22,1
8.7,0.15566,0,1,5,0.71,0,56.44,2
7.3,0.0176,0,1,1,0.02,1,34.4,1
7.4,0.39096,0,0,4,0.44,0,47.1,1
4.3,0.07303,0,1,1,0.15,1,32.36,1
3.5,0.08814,0,1,1,0.66,0,32.45,1
3.7,0.2284,0,0,1,0.21,0,26.92,0
9.9,0.02196,1,0,5,0.41,1,60.26,2
0.4,0.02797,0,1,2,0.01,1,26.77,0
8.7,0.21235,0,0,1,0.99,1,33.7,1
5.8,0.20068,0,0,3,0.75,0,31.16,1
4.4,0.36102,0,0,5,0.16,0,52.77,2
7.3,0.02273,0,0,2,0.44,1,26.58,0
4.9,0.48503,0,1,2,0.5,1,47.33,1
8.7,0.18978,0,0,5,0.23,1,48.44,1
9.0,0.12973,1,0,3,0.08,1,51.11,2
4.2,0.14714,1,0,4,0.57,1,43.59,1
2.8,0.55139,1,0,5,0.84,1,52.93,2
5.9,0.19994,0,0,2,0.57,0,32.0,1
9.1,0.2877,0,1,4,0.63,1,57.16,2
2.1,0.03782,0,0,2,0.59,1,8.4,0
6.2,0.10261,0,1,1,0.46,1,28.88,0
6.3,0.35072,0,0,4,0.15,0,45.82,1
7.3,0.06702,1,1,5,0.2,0,67.61,2
1.3,0.38921,0,0,5,0.33,0,34.42,1
7.2,0.12021,0,0,3,0.29,0,41.48,1
9.1,0.59055,0,1,4,0.52,0,64.83,2
1.8,0.55236,0,0,3,0.42,1,30.14,1
2.4,0.32858,0,1,5,0.64,1,48.39,1
9.7,0.0451,1,1,3,0.84,0,59.36,2
1.8,0.01327,0,1,4,0.05,0,37.27,1
8.5,0.03707,1,1,5,0.46,0,70.89,3
4.9,0.06125,0,0,2,0.22,1,24.99,0
2.5,0.4195,0,1,5,0.91,0,46.59,1
8.7,0.06469,0,1,3,0.54,1,43.41,1
4.5,0.25496,1,0,3,0.88,1,40.44,1
5.1,0.14813,0,0,5,0.67,1,31.51,1
3.6,0.27752,0,1,1,0.14,0,35.22,1
5.9,0.13965,0,0,1,0.85,0,26.32,0
1.6,0.12806,1,1,1,0.32,0,38.34,1
3.9,0.00975,0,0,2,0.74,1,13.48,0
9.7,0.16777,0,1,2,0.51,1,42.1,1
2.6,0.22468,0,1,2,0.73,0,31.58,1
6.6,0.15534,0,0,5,0.53,1,41.33,1
3.3,0.02935,0,0,5,0.93,0,25.34,0
7.7,0.09196,0,1,4,0.51,1,47.66,1
1.3,0.52735,0,0,1,0.06,1,25.59,0
9.7,0.18676,0,0,4,0.45,1,50.46,2
4.5,0.15474,0,1,1,0.97,1,26.79,0
2.4,0.06487,1,0,3,0.79,1,37.49,1
0.7,0.34001,1,0,4,0.63,1,40.8,1
1.7,0.34884,1,1,5,0.15,0,62.91,2
5.2,0.45148,0,0,3,0.18,1,39.72,1
3.4,0.19811,0,0,4,0.72,0,36.29,1
8.3,0.63811,0,1,3,0.73,0,66.1,2
4.3,0.35662,0,1,3,0.37,1,43.27,1
2.5,0.13208,0,1,3,0.99,1,28.31,0
6.2,0.06941,0,0,5,0.69,0,33.01,1
7.1,0.13921,0,0,3,0.89,1,30.71,1
1.7,0.17823,0,1,5,0.05,1,46.03,1
1.7,0.10517,0,1,2,0.62,1,29.21,0
0.4,0.41314,0,1,3,0.75,1,32.99,1
7.4,0.07996,0,1,1,0.8,1,30.19,1
6.6,0.23374,0,1,5,0.67,0,51.83,2
4.7,0.39917,0,1,2,0.61,0,39.98,1
8.4,0.14138,0,1,5,0.75,1,49.28,1
8.1,0.18508,1,1,3,0.04,0,67.07,2
5.9,0.4787,0,1,5,0.75,0,58.24,2
8.7,0.02343,0,0,4,0.33,0,45.3,1
2.1,0.08218,1,1,4,0.76,0,50.44,2
1.1,0.38478,0,0,1,0.78,1,18.2,0
2.7,0.00603,0,1,5,0.28,1,41.15,1
0.6,0.38138,0,0,3,0.72,1,20.18,0
5.3,0.71284,0,1,3,0.33,0,55.07,2
9.4,0.01241,0,0,4,0.72,1,40.25,1
0.4,0.06712,0,1,5,0.19,1,34.76,1
1.2,0.44709,0,0,3,0.08,0,33.24,1
4.5,0.11466,0,1,2,0.59,1,29.62,0
9.3,0.1355,0,0,3,0.19,0,47.93,1
3.2,0.31575,1,1,5,0.89,0,61.71,2
5.1,0.17149,0,1,4,0.16,1,49.99,1
0.4,0.08437,0,1,2,0.61,0,22.97,0
1.5,0.1312,0,0,3,0.7,0,23.63,0
9.9,0.03791,0,0,1,0.0,0,37.98,1
9.7,0.01624,0,1,1,0.87,1,34.97,1
0.0,0.20857,0,0,4,0.73,1,16.75,0
9.5,0.1037,0,1,2,0.77,1,44.69,1
6.4,0.03165,0,0,1,0.06,1,24.17,0
8.7,0.0829,0,0,1,0.35,1,29.81,0
4.5,0.07192,0,1,3,0.64,0,39.83,1
5.2,0.36866,1,1,5,0.23,0,73.59,3
4.9,0.04702,0,0,3,0.83,1,21.65,0
6.7,0.3469,0,0,3,0.41,0,48.22,1
1.4,0.10679,1,1,4,0.8,1,47.37,1
0.3,0.13211,0,0,3,0.88,1,5.44,0
3.1,0.27067,0,0,2,0.48,1,25.26,0
7.0,0.12479,1,1,2,0.23,0,63.68,2
2.0,0.5132,0,0,5,0.38,0,37.61,1
6.7,0.13526,0,0,1,0.5,0,32.28,1
9.7,0.1871,0,0,1,0.46,0,45.53,1
0.9,0.03056,0,1,5,0.0,0,36.85,1
6.7,0.29545,0,1,5,0.08,1,56.2,2
4.4,0.01911,0,0,3,0.46,1,18.32,0
8.7,0.15669,0,0,4,0.44,0,45.83,1
1.8,0.08609,0,1,1,0.89,1,24.15,0
6.9,0.13215,0,0,1,0.28,0,35.82,1
8.4,0.27273,0,1,5,0.98,0,49.84,1
9.4,0.37797,0,0,5,0.97,0,55.17,2
6.8,0.00165,0,0,1,0.19,1,27.23,0
5.0,0.20769,0,1,1,0.02,1,39.45,1
6.2,0.30495,0,0,3,0.2,1,40.12,1
8.7,0.05877,0,0,1,0.42,0,33.4,1
5.7,0.20337,0,0,5,0.37,0,40.75,1
0.3,0.11074,1,0,2,0.47,1,33.84,1
9.3,0.42004,0,1,2,0.69,1,46.87,1
6.9,0.1155,0,1,2,0.52,1,44.28,1
6.8,0.23528,0,0,3,0.34,1,40.85,1
2.2,0.18535,0,0,2,0.68,1,16.23,0
6.6,0.24198,1,0,4,0.33,1,48.19,1
3.9,0.2703,0,1,4,0.35,1,42.98,1
6.5,0.21167,0,1,3,0.34,1,45.54,1
1.1,0.26274,0,1,2,0.3,0,29.69,0
6.6,0.36555,1,0,5,0.7,0,53.72,2
10.0,0.2552,0,1,3,0.17,1,54.55,2
0.5,0.40116,0,1,1,0.77,0,23.65,0
9.8,0.02268,0,1,3,0.92,1,43.56,1
4.1,0.28197,0,0,4,0.28,0,36.64,1
8.7,0.10259,0,0,5,0.7,1,42.52,1
7.8,0.34958,1,0,2,0.6,0,54.57,2
5.7,0.05866,0,0,4,0.3,1,35.83,1
7.4,0.45721,0,0,2,0.24,1,37.32,1
8.8,0.22217,0,1,2,0.94,1,45.13,1
4.0,0.24622,1,1,3,0.7,1,51.78,2
3.3,0.10343,0,0,3,0.64,1,26.01,0
6.7,0.11699,1,1,4,1.0,1,55.7,2
8.1,0.18427,0,0,2,0.35,1,38.17,1
7.6,0.24263,0,1,3,0.23,0,52.97,2
8.0,0.04925,0,0,4,0.33,1,36.99,1
4.4,0.34246,0,1,2,0.17,1,37.57,1
8.2,0.01409,0,0,1,0.92,1,21.38,0
1.2,0.28854,0,0,1,0.7,1,14.73,0
5.4,0.12922,0,1,4,0.6,1,41.06,1
0.1,0.4138,0,0,1,0.81,0,19.45,0
3.2,0.20632,0,0,5,0.52,0,38.21,1
3.7,0.22239,0,1,4,0.19,0,50.42,2
4.0,0.15733,0,1,4,0.15,1,43.12,1
7.0,0.37369,0,1,2,0.52,1,41.7,1
3.9,0.20194,1,0,5,0.81,0,46.52,1
4.5,0.08211,0,1,4,0.22,0,40.8,1
2.4,0.23997,0,1,3,0.7,1,27.56,0
3.7,0.27747,0,1,4,0.25,0,52.92,2
2.3,0.06266,0,0,5,0.43,0,23.68,0
0.7,0.09113,0,0,4,0.06,0,21.56,0
6.0,0.25628,0,0,1,0.5,0,28.44,0
6.7,0.0397,0,1,5,0.17,0,54.42,2
6.2,0.07002,0,1,3,0.84,1,39.59,1
4.6,0.11373,0,1,5,0.96,0,37.38,1
3.8,0.08711,0,1,4,0.08,0,40.07,1
8.6,0.30343,0,0,3,0.53,1,40.69,1
5.2,0.23437,0,0,3,0.7,0,29.05,0
4.8,0.07553,0,0,3,0.07,1,31.61,1
0.3,0.5634,0,1,1,0.55,0,26.37,0
3.4,0.3001,0,0,5,0.94,1,33.9,1
3.8,0.12138,0,0,4,0.53,0,32.59,1
4.0,0.19098,0,0,1,0.62,0,24.89,0
5.8,0.04605,0,0,3,0.33,1,28.3,0
5.3,0.3068,0,0,4,0.62,1,40.57,1
6.1,0.3104,0,1,2,0.89,1,34.67,1
7.6,0.23119,0,0,4,0.33,1,36.51,1
8.1,0.20347,0,1,2,0.77,1,50.14,2
7.2,0.35439,0,1,2,0.57,0,48.97,1
9.6,0.48849,0,0,3,0.26,1,53.91,2
0.2,0.41808,0,1,2,0.39,1,28.56,0
2.0,0.02402,0,0,1,0.36,1,11.28,0
0.1,0.05349,0,1,3,0.47,1,30.6,1
6.5,0.203,0,1,2,0.11,1,45.15,1
9.0,0.28119,1,1,5,0.15,1,77.58,3
2.4,0.29661,0,0,1,0.38,0,23.28,0
9.3,0.2257,0,1,5,0.56,0,57.63,2
0.6,0.11462,0,1,4,0.62,1,32.13,1
9.3,0.20699,1,1,1,0.91,0,58.73,2
3.5,0.18345,1,0,5,0.57,1,45.14,1
1.0,0.11145,0,0,5,0.73,0,24.36,0
4.9,0.0071,0,0,3,0.48,0,28.42,0
2.6,0.06129,0,1,4,0.52,0,34.02,1
2.8,0.25966,0,0,1,0.59,0,19.52,0
3.1,0.16155,0,1,1,0.52,0,29.38,0
8.0,0.15845,1,0,1,0.31,1,44.72,1
5.4,0.53491,0,0,2,0.98,0,27.54,0
3.1,0.28716,0,1,1,0.62,1,35.34,1
6.1,0.05958,0,1,2,0.35,0,41.0,1
7.2,0.03186,1,0,3,0.8,1,42.24,1
2.7,0.31387,0,0,2,0.16,1,29.91,0
4.1,0.08018,0,0,4,0.99,1,19.34,0
1.2,0.01684,1,1,2,0.79,0,40.63,1
1.8,0.18605,0,1,4,0.1,0,39.9,1
6.8,0.12833,0,0,4,0.85,0,35.34,1
1.8,0.40803,0,0,4,0.26,1,30.37,1
5.3,0.24115,0,0,4,0.64,0,39.87,1
7.1,0.22173,0,0,1,0.17,0,34.23,1
1.1,0.01943,0,1,4,0.71,1,27.35,0
5.7,0.37349,0,1,5,0.76,1,55.59,2
2.6,0.28773,0,0,3,0.85,0,27.27,0
9.6,0.09956,1,0,5,0.49,0,62.0,2
4.8,0.28576,1,0,1,0.55,0,43.48,1
8.1,0.18675,0,1,4,0.22,1,54.4,2
5.5,0.04768,1,0,2,0.52,1,36.15,1
0.4,0.05303,1,0,1,0.53,1,26.25,0
6.3,0.20026,0,0,3,0.81,0,32.78,1
9.5,0.31406,0,0,2,0.71,0,44.06,1
6.0,0.20199,1,1,2,0.7,0,57.46,2
8.2,0.49079,0,0,4,0.03,0,54.08,2
8.8,0.4275,0,1,3,0.55,1,56.5,2
2.3,0.24944,1,1,3,0.99,0,51.19,2
2.1,0.37736,0,0,2,0.75,0,22.9,0
6.1,0.27872,0,0,3,0.83,0,32.82,1
4.1,0.34893,0,0,5,0.49,0,43.49,1
8.4,0.20638,0,1,4,0.83,1,50.65,2
9.0,0.0618,0,1,4,0.82,1,44.49,1
3.5,0.45592,0,1,5,0.53,0,52.08,2
2.4,0.07482,0,1,5,0.57,0,35.55,1
7.8,0.33128,0,1,3,0.05,0,56.56,2
2.7,0.06678,0,1,2,0.85,0,24.43,0
8.2,0.54181,0,1,3,0.13,0,56.41,2
4.2,0.45391,1,0,5,0.3,1,56.71,2
6.7,0.23038,0,0,4,0.74,0,45.33,1
1.0,0.07952,0,1,4,0.3,0,33.56,1
6.2,0.16279,0,0,4,0.51,1,33.89,1
4.5,0.35448,1,1,3,0.15,0,64.76,2
5.9,0.06271,0,0,5,0.29,1,40.05,1
1.7,0.40198,0,1,2,0.73,1,33.12,1
7.4,0.50263,0,1,3,0.42,0,59.76,2
8.6,0.17027,0,0,4,0.56,0,44.82,1
2.2,0.06553,0,1,5,0.36,0,42.43,1
1.0,0.10195,0,0,2,0.93,1,11.04,0
0.2,0.24951,0,1,1,0.86,0,27.27,0
6.4,0.17876,0,0,3,0.11,0,40.33,1
6.1,0.29547,0,0,1,0.98,1,20.65,0
5.5,0.26329,1,1,5,0.81,1,63.65,2
2.3,0.25859,1,0,1,0.16,1,41.1,1
3.9,0.33954,1,1,4,0.04,0,66.39,2
5.9,0.09793,0,0,3,0.89,1,25.73,0
5.0,0.58616,0,1,2,0.76,1,50.91,2
9.9,0.19945,0,1,4,0.28,0,59.95,2
1.4,0.45533,0,0,5,0.95,1,29.21,0
7.0,0.29011,0,0,3,0.91,0,38.37,1
4.0,0.11929,0,1,5,0.21,1,46.5,1
4.3,0.26915,0,0,5,0.4,1,35.38,1
7.2,0.23222,1,0,5,0.05,1,60.48,2
6.9,0.19853,0,0,3,0.31,1,38.88,1
9.9,0.51853,0,0,4,0.5,0,55.01,2
1.3,0.11316,0,1,5,0.06,0,41.83,1
1.0,0.37504,0,1,2,0.34,0,34.2,1
7.2,0.3118,0,1,4,0.15,0,57.8,2
5.8,0.20304,0,1,5,0.92,1,40.01,1
2.7,0.03025,0,1,3,0.83,1,24.61,0
0.8,0.31006,0,1,5,0.77,0,36.53,1
0.9,0.14365,1,1,5,0.77,0,51.61,2
8.9,0.04867,0,0,1,0.01,0,38.65,1
1.9,0.23301,0,0,1,0.6,1,16.03,0
3.2,0.04059,1,0,4,0.59,1,34.41,1
2.3,0.27799,0,0,1,0.99,1,21.05,0
3.5,0.35535,0,0,3,0.63,1,29.51,0
0.7,0.50765,0,1,1,0.65,1,33.36,1
5.2,0.15443,0,0,3,0.38,1,33.79,1
0.7,0.64246,0,0,5,0.5,1,32.32,1
8.0,0.11976,0,0,4,0.4,1,37.42,1
2.3,0.40065,0,0,1,0.91,1,24.32,0
5.4,0.30795,0,0,1,0.2,1,29.85,0
8.8,0.11888,0,0,4,0.15,0,46.78,1
6.5,0.18961,0,0,3,1.0,1,31.46,1
5.3,0.17387,0,0,3,0.93,0,31.56,1
3.2,0.40375,0,1,1,0.59,1,33.62,1
3.3,0.22925,0,1,3,0.77,0,35.36,1
6.7,0.16524,1,0,3,0.11,0,52.58,2
9.9,0.1808,0,1,1,0.77,0,48.7,1
6.6,0.27547,0,1,1,0.46,1,36.66,1
5.6,0.19976,0,0,1,0.83,0,22.8,0
7.3,0.18285,0,0,2,0.52,1,31.19,1
4.7,0.09678,0,1,1,0.73,1,27.25,0
0.6,0.0412,0,0,2,0.34,0,17.4,0
5.6,0.43066,0,0,5,0.73,0,51.06,2
9.6,0.43107,0,0,3,0.27,1,50.82,2
1.8,0.37881,1,0,2,0.95,1,34.71,1
6.9,0.4432,0,0,5,0.67,1,37.68,1
2.0,0.58303,0,0,3,0.48,1,32.16,1
5.4,0.04379,1,0,3,0.61,0,42.19,1
1.0,0.15952,0,1,3,0.62,1,31.0,1
4.5,0.27423,0,1,4,0.85,0,41.72,1
7.6,0.6295,1,1,4,0.56,1,72.05,3
3.5,0.20584,0,0,2,0.56,1,24.96,0
6.6,0.03898,0,0,2,0.59,1,25.23,0
8.0,0.32781,0,0,3,0.77,1,38.21,1
9.3,0.00267,1,0,5,0.49,0,57.76,2
2.3,0.37863,0,0,2,0.21,1,29.09,0
4.0,0.02568,0,0,1,0.42,1,15.15,0
1.5,0.21749,0,0,1,0.38,0,20.5,0
9.9,0.34507,1,0,2,0.06,0,58.72,2
9.3,0.06086,0,1,5,0.8,0,52.02,2
5.4,0.18493,0,0,1,0.84,1,24.23,0
8.4,0.05491,0,1,3,0.27,1,48.38,1
5.2,0.06269,0,1,3,0.32,0,39.99,1
6.2,0.31789,1,0,4,0.32,0,60.01,2
0.9,0.27699,0,1,4,0.52,0,38.5,1
7.6,0.23203,0,1,4,0.47,1,51.47,2
1.3,0.20973,0,0,5,0.89,0,25.1,0
8.3,0.30669,0,1,3,0.49,1,48.62,1
7.8,0.37343,0,1,5,0.18,1,58.48,2
7.1,0.43928,0,0,1,0.75,1,32.33,1
0.4,0.02545,1,1,3,0.87,1,36.17,1
3.0,0.18879,0,0,4,0.61,0,31.42,1
2.6,0.30105,0,1,4,0.76,0,40.42,1
3.6,0.08952,0,1,1,0.22,1,28.93,0
0.9,0.13061,0,0,3,0.9,0,18.69,0
9.4,0.134,0,1,5,0.08,1,64.58,2
5.5,0.01889,0,1,5,0.9,1,38.94,1
3.1,0.44922,0,1,1,0.36,1,34.84,1
4.0,0.10127,0,1,3,0.09,0,41.78,1
4.5,0.00776,0,1,5,0.18,0,45.78,1
6.0,0.05483,0,1,4,0.99,1,40.03,1
5.2,0.10503,0,1,4,0.37,0,48.05,1
9.2,0.30723,0,1,5,0.77,0,54.63,2
5.0,0.51829,0,0,3,0.48,1,44.96,1
9.9,0.25793,0,0,5,0.58,0,53.83,2
8.5,0.31448,0,0,1,0.64,0,39.43,1
2.1,0.28102,0,0,3,0.6,1,24.12,0
9.3,0.11008,0,1,5,1.0,1,49.87,1
1.2,0.11826,0,0,4,0.55,0,25.42,0
8.2,0.44526,0,0,3,0.62,0,44.57,1
3.8,0.57759,0,0,2,0.35,1,34.65,1
8.8,0.12349,0,1,3,0.24,1,45.35,1
8.7,0.10031,0,0,4,0.45,1,37.08,1
8.1,0.01439,0,0,3,0.61,1,37.13,1
7.9,0.19297,1,0,1,0.31,1,49.24,1
3.0,0.08004,0,0,4,0.5,0,28.76,0
0.8,0.48663,0,0,4,0.81,1,24.65,0
4.0,0.72735,0,1,1,0.42,0,51.77,2
1.7,0.03088,0,0,2,0.58,1,9.93,0
6.9,0.14985,0,1,3,0.92,0,39.95,1
3.5,0.01227,0,0,1,0.62,0,15.05,0
9.8,0.42567,0,0,3,0.31,0,51.84,2
6.4,0.2495,0,1,3,0.57,0,48.01,1
8.2,0.55631,0,0,2,0.86,1,42.04,1
1.3,0.07077,0,0,3,0.15,1,17.76,0
8.6,0.00483,0,0,1,0.82,1,27.62,0
9.2,0.06842,0,1,3,0.1,0,62.15,2
4.9,0.01373,0,0,3,0.96,0,17.25,0
6.1,0.73527,0,1,2,0.16,1,54.01,2
7.6,0.33031,0,0,3,0.47,0,39.5,1
1.7,0.55954,0,0,4,0.95,1,27.52,0
5.0,0.24968,0,1,5,0.21,1,46.72,1
4.0,0.29969,1,1,4,0.64,1,51.97,2
1.5,0.16512,0,1,2,0.74,1,23.1,0
3.7,0.48744,0,1,3,0.04,0,50.73,2
0.7,0.21509,0,0,1,0.59,0,17.91,0
0.3,0.0378,0,1,3,0.76,1,17.21,0
1.4,0.38138,0,0,3,0.97,0,30.35,1
9.6,0.23345,0,0,2,0.14,1,35.58,1
5.5,0.23729,0,0,3,0.86,1,23.91,0
9.7,0.35957,1,1,1,0.63,0,67.99,2
4.3,0.63549,0,1,1,0.73,1,46.82,1
3.1,0.69653,0,0,5,0.74,0,47.7,1
5.1,0.61612,1,0,5,0.72,0,60.98,2
4.4,0.28038,0,0,3,0.92,1,31.03,1
1.1,0.39994,0,0,1,0.12,1,21.23,0
6.4,0.13084,0,1,3,0.28,0,41.9,1
2.2,0.32731,0,0,4,0.9,0,23.55,0
6.2,0.20648,0,1,2,0.46,0,48.09,1
6.5,0.03131,0,1,2,0.41,1,33.4,1
1.5,0.37485,0,0,1,0.54,1,15.99,0
0.6,0.06587,0,1,4,0.31,1,29.37,0
7.8,0.18321,0,0,1,0.6,1,25.63,0
4.6,0.17507,0,0,4,0.88,1,32.55,1
0.6,0.48604,0,0,1,0.4,0,22.48,0
9.9,0.13873,0,0,5,0.21,1,49.15,1
0.6,0.41483,0,1,3,0.16,0,38.81,1
7.0,0.05849,0,0,2,0.7,1,30.11,1
9.8,0.10204,0,1,2,0.07,1,46.77,1
2.4,0.49687,0,1,4,0.08,0,51.64,2
1.4,0.11387,0,0,5,0.96,0,27.37,0
1.2,0.09888,0,0,4,0.67,1,19.24,0
3.0,0.40319,0,0,5,0.19,0,43.52,1
1.0,0.28562,0,0,4,0.63,0,27.01,0
6.9,0.11116,0,1,1,0.58,1,39.4,1
0.6,0.30265,0,1,1,0.78,0,21.44,0
5.1,0.23194,1,1,2,0.42,1,50.43,2
10.0,0.29032,0,1,4,0.02,1,60.62,2
8.1,0.0814,0,0,4,0.44,1,31.53,1
6.2,0.06171,0,0,1,0.69,0,24.23,0
3.1,0.16528,0,1,4,0.96,0,36.16,1
6.2,0.02564,1,0,2,0.84,1,34.28,1
5.3,0.0045,0,0,2,0.02,1,23.29,0
4.3,0.05077,0,0,4,0.24,1,26.72,0
1.3,0.10947,0,0,2,0.55,0,19.33,0
8.9,0.04712,0,1,2,0.06,1,47.62,1
4.5,0.06338,1,1,4,0.6,0,52.36,2
1.9,0.33406,1,0,4,0.43,1,48.38,1
3.7,0.01507,0,1,1,0.67,0,29.82,0
4.1,0.19472,0,1,1,0.22,1,29.71,0
8.3,0.00978,0,0,5,0.19,0,47.52,1
7.3,0.17556,0,0,4,0.92,1,32.67,1
7.7,0.01585,0,1,5,0.34,0,54.92,2
0.1,0.25132,0,0,4,0.97,0,21.63,0
4.2,0.105,0,0,5,0.16,0,36.61,1
4.8,0.15419,1,0,3,0.75,1,44.39,1
0.2,0.60731,0,0,4,0.2,1,33.67,1
2.6,0.11319,0,0,2,0.72,0,21.38,0
7.6,0.57078,0,0,5,0.26,0,54.02,2
1.4,0.2107,0,0,3,0.33,1,23.08,0
5.4,0.21494,0,0,3,0.64,0,31.1,1
2.2,0.02596,0,0,1,0.03,1,14.34,0
0.1,0.1286,0,0,3,0.25,1,16.87,0
2.4,0.37771,1,1,5,0.86,1,56.09,2
9.8,0.14829,0,0,3,0.31,1,41.02,1
8.0,0.07622,1,0,3,0.96,0,47.74,1
9.6,0.03466,0,1,1,0.14,1,45.12,1
4.9,0.42048,0,0,1,0.72,1,27.58,0
1.1,0.3816,0,1,4,0.16,0,44.41,1
5.5,0.5952,0,1,2,0.76,1,52.23,2
4.5,0.06037,0,0,3,0.21,1,30.95,1
8.4,0.42368,0,1,2,0.87,1,46.88,1
1.0,0.03449,0,0,3,0.62,0,16.29,0
4.9,0.13169,0,1,1,0.88,0,32.31,1
1.5,0.24892,1,0,5,0.63,1,46.65,1
3.2,0.39705,1,0,4,0.81,0,51.67,2
7.4,0.037,0,1,3,0.87,1,42.85,1
4.8,0.595,0,1,5,0.47,1,52.77,2
3.8,0.1878,0,0,1,0.67,1,20.24,0
3.9,0.05355,0,0,4,0.03,1,36.48,1
4.6,0.27566,1,1,2,0.5,0,54.24,2
7.9,0.48484,0,0,4,0.21,1,47.62,1
8.9,0.13012,0,1,2,0.11,1,45.36,1
9.6,0.20135,0,1,3,1.0,0,55.15,2
7.9,0.04828,0,0,2,1.0,0,25.41,0
3.2,0.21668,0,1,2,0.21,0,36.66,1
6.9,0.14279,0,1,4,0.9,0,48.06,1
4.4,0.1446,0,0,3,0.9,1,23.23,0
2.5,0.09921,1,0,1,0.98,0,29.71,0
8.4,0.00516,1,0,4,0.39,1,53.67,2
0.4,0.10962,0,0,3,0.93,0,17.51,0
9.0,0.20353,0,1,5,0.78,1,55.46,2
4.6,0.10096,0,0,1,0.73,0,23.63,0
6.4,0.08138,1,0,2,0.25,0,48.65,1
6.6,0.10947,0,0,5,0.49,1,41.95,1
9.0,0.15928,0,0,2,0.79,0,34.05,1
6.4,0.12319,1,0,3,0.85,0,47.56,1
6.1,0.30936,0,1,1,0.2,0,40.41,1
0.7,0.05408,0,1,1,0.31,1,17.64,0
5.2,0.01988,0,0,4,0.16,1,32.6,1
1.5,0.13999,0,1,3,0.15,1,31.81,1
7.4,0.41833,0,1,2,0.21,0,53.64,2
5.1,0.11279,0,0,2,0.91,0,28.85,0
6.8,0.44618,0,0,2,0.36,1,40.73,1
0.4,0.59675,0,0,2,0.5,1,23.51,0
0.8,0.02545,1,0,1,0.01,0,29.64,0
7.2,0.26446,0,1,1,0.75,1,41.42,1
0.7,0.71899,0,1,2,0.29,1,34.97,1
0.7,0.39896,0,0,4,0.7,0,26.2,0
0.1,0.41136,0,0,5,0.2,0,34.47,1
9.6,0.11227,0,0,3,0.38,1,41.11,1
7.4,0.10599,0,0,2,0.52,1,31.91,1
3.5,0.23854,0,1,3,0.63,1,38.87,1
3.0,0.3778,0,1,2,0.16,0,46.02,1
3.5,0.20358,0,0,4,0.43,1,30.36,1
7.7,0.41626,0,0,5,0.01,1,48.99,1
6.6,0.52246,0,1,2,0.13,0,54.42,2
1.9,0.245,0,0,2,0.33,1,19.41,0
1.7,0.02395,1,1,5,0.94,1,44.03,1
1.0,0.46699,0,0,2,0.88,0,24.53,0
6.6,0.03638,0,0,1,0.52,1,29.65,0
7.6,0.44822,0,1,4,0.6,0,58.35,2
2.7,0.14726,0,0,1,0.29,1,14.31,0
0.2,0.05104,0,0,4,0.67,1,12.88,0
0.8,0.21881,0,0,1,0.24,0,24.1,0
9.7,0.21807,0,0,1,0.0,0,47.69,1
3.0,0.09565,0,1,2,0.96,1,22.07,0
7.7,0.28813,0,0,4,0.38,0,51.24,2
6.2,0.41086,0,1,4,0.52,1,53.83,2
3.8,0.36497,0,0,2,0.1,0,27.44,0
2.1,0.08583,0,1,4,0.53,0,36.62,1
1.2,0.03583,0,0,4,0.9,1,13.08,0
6.2,0.0381,1,0,2,0.88,1,34.74,1
7.7,0.05837,1,0,3,0.58,0,50.63,2
6.4,0.14147,0,0,5,0.86,1,33.56,1
5.3,0.09884,0,0,1,0.36,1,21.66,0
0.4,0.10096,0,0,4,0.19,0,29.63,0
9.7,0.16482,0,1,5,0.42,0,59.33,2
8.0,0.22318,0,1,2,0.81,1,41.09,1
2.9,0.03342,0,0,4,0.71,1,20.77,0
9.8,0.04718,0,0,5,0.38,1,50.69,2
6.0,0.13906,0,1,1,0.34,0,41.34,1
5.8,0.54903,0,1,5,0.96,0,56.89,2
7.5,0.27152,1,1,3,0.26,0,69.32,2
8.1,0.15798,1,1,4,0.31,1,62.92,2
6.6,0.23861,0,0,1,0.35,1,37.73,1
1.3,0.45595,0,0,1,0.78,1,18.5,0
3.4,0.21556,1,1,1,0.85,1,48.45,1
9.3,0.44015,0,1,3,0.22,1,60.46,2
2.2,0.27006,0,0,5,0.41,0,34.5,1
3.7,0.42364,0,0,1,0.87,0,27.43,0
4.3,0.22958,0,1,3,0.31,1,40.3,1
4.4,0.19957,0,1,4,0.4,1,44.61,1
6.1,0.09078,0,0,4,0.55,1,33.08,1
9.4,0.0994,0,0,2,0.64,1,32.83,1
2.4,0.46481,1,1,3,0.3,0,60.48,2
1.2,0.08611,0,0,1,0.58,1,12.6,0
2.0,0.30568,0,1,3,0.72,1,33.99,1
8.9,0.11607,0,0,3,0.09,0,39.97,1
6.5,0.13005,1,1,5,1.0,0,58.37,2
2.9,0.45905,0,0,2,0.93,1,25.31,0
8.2,0.09588,0,1,3,0.15,1,44.77,1
8.6,0.24183,0,0,1,0.33,1,38.25,1
8.5,0.03648,0,0,2,0.28,1,30.97,1
9.2,0.43582,0,0,4,0.02,1,54.75,2
2.5,0.10326,0,1,3,0.5,0,31.87,1
7.6,0.01666,0,0,5,0.16,0,45.24,1
4.6,0.02945,0,1,1,0.14,1,30.85,1
8.4,0.24765,0,0,3,0.21,1,44.61,1
7.3,0.17153,1,1,5,0.76,1,64.77,2
7.8,0.13114,0,0,4,0.13,1,40.1,1
6.6,0.34771,0,1,3,0.63,1,47.75,1
1.8,0.2779,0,1,5,0.29,1,37.78,1
5.5,0.26401,0,0,1,0.07,0,37.22,1
9.8,0.18557,0,0,1,0.98,0,33.84,1
9.4,0.41601,0,1,4,0.65,0,61.04,2
0.4,0.07831,0,0,2,0.2,1,12.95,0
1.6,0.47581,0,1,3,0.51,1,40.52,1
1.3,0.24621,0,0,5,0.39,1,30.1,1
7.3,0.13644,0,1,4,0.18,0,56.69,2
8.2,0.1193,0,1,4,0.96,0,45.98,1
2.1,0.25915,0,1,5,0.86,1,36.21,1
5.1,0.11338,0,1,2,0.37,0,37.52,1
8.4,0.16592,1,0,2,0.81,1,50.37,2
7.3,0.01594,0,0,4,0.19,1,37.48,1
5.4,0.45695,0,0,4,0.08,1,39.51,1
5.9,0.37431,1,0,4,0.53,0,60.93,2
5.1,0.16038,0,0,4,0.39,0,34.65,1
3.0,0.13636,0,0,4,0.07,0,31.04,1
5.7,0.18153,0,1,3,0.63,0,44.33,1
6.9,0.19169,0,0,3,0.82,0,37.42,1
8.7,0.18225,0,0,3,0.53,0,43.24,1
6.4,0.26165,0,1,1,0.05,1,40.09,1
7.6,0.17972,0,1,3,0.38,1,47.25,1
1.6,0.05895,0,0,3,0.25,1,24.24,0
4.6,0.24878,0,0,2,0.15,1,29.42,0
0.1,0.12609,0,0,4,0.5,1,21.28,0
2.5,0.21191,1,0,5,0.07,0,47.29,1
7.3,0.0353,0,1,2,0.06,1,44.14,1
9.9,0.14755,0,1,1,0.78,0,44.74,1
1.0,0.08728,0,1,2,0.43,1,23.36,0
4.0,0.30316,0,1,5,0.74,1,44.0,1
8.0,0.21663,1,1,2,0.33,1,59.44,2
2.0,0.10499,0,0,2,0.35,1,18.48,0
5.6,0.11906,0,0,3,0.43,0,32.99,1
7.3,0.2762,0,0,1,0.3,1,28.55,0
6.2,0.27464,0,1,3,0.56,1,42.53,1
1.9,0.19292,0,1,5,0.07,0,47.21,1
3.6,0.30473,0,0,1,0.56,0,23.82,0
7.8,0.44095,0,1,5,0.71,1,56.53,2
5.5,0.06993,1,0,5,0.99,0,51.34,2
0.1,0.01608,1,0,2,0.64,1,31.48,1
7.6,0.31043,0,1,2,0.71,0,42.37,1
0.4,0.09405,0,1,2,0.6,1,21.13,0
7.5,0.29006,0,0,2,0.95,0,38.0,1
2.0,0.30282,0,0,1,0.81,0,21.69,0
9.6,0.26332,0,0,3,0.62,1,39.76,1
3.7,0.09114,0,0,1,0.33,1,19.81,0
3.3,0.00475,0,0,2,0.32,1,17.09,0
1.5,0.04038,0,0,4,0.75,1,16.0,0
3.1,0.05894,1,0,5,0.93,0,38.38,1
8.8,0.28234,0,0,2,0.99,1,31.23,1
10.0,0.48462,0,0,2,0.26,0,51.58,2
3.7,0.08248,0,1,5,0.59,1,39.56,1
4.5,0.22659,0,1,5,0.7,1,40.33,1
7.2,0.13972,1,0,3,0.41,1,47.82,1
8.9,0.09357,0,0,1,0.11,0,37.12,1
5.9,0.34491,0,0,5,0.29,1,45.24,1
3.9,0.41374,0,0,1,0.52,1,31.71,1
4.1,0.22627,0,0,2,0.12,0,34.09,1
7.0,0.31736,0,0,4,0.31,0,49.62,1
0.0,0.22586,0,0,4,0.26,0,30.03,1
6.2,0.19086,0,1,3,0.35,0,42.61,1
3.6,0.46401,0,1,3,0.69,0,47.0,1
7.9,0.0526,0,1,3,0.48,0,42.54,1
0.9,0.04999,0,1,4,0.38,0,35.11,1
5.9,0.00818,0,1,5,0.27,1,44.71,1
4.8,0.28689,0,1,5,0.69,1,48.78,1
6.4,0.33152,0,1,5,0.67,1,51.5,2
0.6,0.20658,0,0,2,0.45,1,19.08,0
5.8,0.27698,1,1,1,0.28,1,54.93,2
5.6,0.07566,0,0,2,0.81,0,28.95,0
5.6,0.13802,0,0,3,0.85,1,23.91,0
6.0,0.1303,1,0,3,0.85,0,44.38,1
6.8,0.04818,0,0,5,0.39,1,34.12,1
8.0,0.07321,1,1,2,0.25,1,56.74,2
2.7,0.24461,0,1,2,0.85,1,29.97,0
8.3,0.0664,0,1,5,0.98,1,47.56,1
5.0,0.29847,0,0,1,0.19,0,25.76,0
0.8,0.44693,1,1,1,0.64,1,44.28,1
0.6,0.15361,0,1,2,0.33,1,29.58,0
3.3,0.15714,0,0,2,0.49,0,26.02,0
7.8,0.03408,0,1,1,0.57,0,35.44,1
7.1,0.04702,0,0,4,0.54,0,38.78,1
7.9,0.0227,0,0,4,0.76,0,38.84,1
5.2,0.22483,0,0,3,0.97,0,28.22,0
4.4,0.33363,1,1,2,0.09,1,58.1,2
1.5,0.07005,0,0,1,0.68,1,13.18,0
3.3,0.35741,0,1,5,0.52,0,47.72,1
4.3,0.47179,0,1,5,0.4,0,52.85,2
0.9,0.17526,0,0,4,0.66,1,24.43,0
2.2,0.23477,0,1,1,0.89,1,28.15,0
6.0,0.16733,0,0,4,0.61,1,28.34,0
7.4,0.23087,0,0,4,0.82,1,36.54,1
10.0,0.00858,1,1,2,0.3,0,63.13,2
9.3,0.16016,0,0,2,0.44,1,34.85,1
6.4,0.24568,1,0,1,0.17,0,52.16,2
4.2,0.00158,0,1,3,0.57,1,33.56,1
6.4,0.19577,0,1,2,0.74,1,38.06,1
7.9,0.32704,0,0,3,0.58,0,42.48,1
1.2,0.02323,1,1,4,0.91,0,44.5,1
4.1,0.01644,0,1,4,0.86,1,34.81,1
8.4,0.44698,0,1,1,0.42,1,47.97,1
3.8,0.06637,0,1,1,0.57,1,25.35,0
5.7,0.32936,0,0,4,0.65,1,38.29,1
5.9,0.13692,0,0,3,0.81,1,28.27,0
1.8,0.48614,1,0,3,0.07,1,46.6,1
3.6,0.25749,0,1,4,0.81,1,35.82,1
3.3,0.28617,0,1,5,0.07,1,47.44,1
0.3,0.0388,0,1,5,0.72,0,31.61,1
0.2,0.4704,1,0,3,0.47,1,39.54,1
8.3,0.68374,0,1,5,0.24,0,67.02,2
2.7,0.3024,0,1,2,0.71,1,36.35,1
5.2,0.03111,0,0,1,0.87,0,21.23,0
3.0,0.09882,0,1,1,0.83,0,27.86,0
9.4,0.3118,0,1,5,0.19,0,69.05,2
2.6,0.36406,0,1,4,0.6,0,43.69,1
4.3,0.46609,0,0,2,0.66,1,31.02,1
8.7,0.08921,1,0,5,0.05,0,65.08,2
8.4,0.05959,0,1,4,0.33,1,52.63,2
1.9,0.01511,0,1,4,0.1,0,33.45,1
8.0,0.15836,1,0,3,0.42,0,62.16,2
4.6,0.17313,0,0,2,0.73,0,26.58,0
4.8,0.3421,0,1,2,0.81,1,35.37,1
1.3,0.16489,0,0,3,0.76,1,15.7,0
0.8,0.32855,1,1,4,0.27,0,61.72,2
7.3,0.1916,0,0,4,0.15,1,36.57,1
5.0,0.21962,0,0,5,0.87,1,32.54,1
4.4,0.35232,0,0,1,0.74,1,21.04,0
7.3,0.02584,0,0,3,0.76,0,30.95,1
7.7,0.23458,1,1,5,0.27,0,73.82,3
1.6,0.65188,0,0,2,0.57,1,28.18,0
6.1,0.31927,0,0,2,0.9,1,30.43,1
1.4,0.46366,0,1,2,0.83,1,38.0,1
7.5,0.43712,0,0,1,0.27,1,38.38,1
6.6,0.03598,0,1,3,0.95,1,34.62,1
9.6,0.18437,0,0,1,0.38,1,34.45,1
0.7,0.09919,0,0,4,0.57,1,21.09,0
0.6,0.09666,0,0,4,0.73,0,17.27,0
2.8,0.18496,0,0,2,0.25,1,26.86,0
2.6,0.31013,1,1,3,0.39,1,53.43,2
2.5,0.05439,0,0,5,0.93,1,23.93,0
9.1,0.07003,0,0,4,0.08,0,45.49,1
2.5,0.16876,0,0,5,0.02,1,34.08,1
2.7,0.48372,0,1,5,0.96,0,50.0,2
7.6,0.25651,0,0,4,0.88,0,39.46,1
4.5,0.05426,0,1,5,0.8,1,42.63,1
7.8,0.47323,0,0,5,0.33,0,48.03,1
0.7,0.16639,0,0,5,0.38,1,22.56,0
4.9,0.37669,1,1,1,0.9,0,49.55,1
0.3,0.3807,0,0,3,0.98,1,17.76,0
0.6,0.55953,0,1,2,0.06,0,42.5,1
9.1,0.28435,0,0,1,0.47,0,46.65,1
1.4,0.45289,0,0,5,0.4,1,37.43,1
5.3,0.25853,0,0,1,0.74,0,28.84,0
4.1,0.08144,0,0,1,0.49,1,16.55,0
3.5,0.23076,0,0,3,0.08,1,31.85,1
9.0,0.17274,0,1,3,0.17,1,48.75,1
0.2,0.0788,0,1,5,0.31,1,37.19,1
6.6,0.11779,0,0,1,0.79,1,19.52,0
9.6,0.4552,0,0,3,0.77,1,46.77,1
5.6,0.4712,0,1,3,0.77,1,46.52,1
9.4,0.17636,0,0,1,0.78,0,35.05,1
0.5,0.3169,0,1,3,0.42,1,31.46,1
4.2,0.57601,0,1,4,0.61,0,57.05,2
2.6,0.1936,0,1,3,0.14,0,40.91,1
7.3,0.05953,0,0,5,0.22,1,38.42,1
9.8,0.46385,0,0,5,0.32,0,57.84,2
2.6,0.03758,0,1,2,0.51,1,25.55,0
6.5,0.05769,0,0,2,0.18,1,30.6,1
2.0,0.34123,0,1,1,0.87,1,21.33,0
5.7,0.0526,0,0,5,0.62,0,33.79,1
4.6,0.11809,0,0,2,0.54,1,22.9,0
9.7,0.67499,0,1,1,0.02,0,59.04,2
6.1,0.13807,0,0,2,0.56,0,30.44,1
3.5,0.26775,0,0,3,0.92,1,23.85,0
1.1,0.14683,0,1,4,0.22,0,43.75,1
1.5,0.06714,0,0,2,0.22,0,22.33,0
2.3,0.21011,0,0,3,0.91,0,17.75,0
2.5,0.01945,0,0,4,0.83,0,29.1,0
8.5,0.06135,0,1,2,0.68,0,41.56,1
5.6,0.434,0,0,5,0.73,0,45.25,1
5.2,0.1711,0,0,4,0.06,1,36.23,1
1.1,0.33456,0,0,3,0.76,0,26.1,0
8.6,0.22144,0,1,5,0.74,1,49.14,1
7.2,0.17895,0,1,3,0.05,0,51.11,2
0.7,0.11606,0,1,2,0.79,0,29.25,0
7.1,0.4963,0,1,3,0.64,0,50.75,2
5.4,0.20573,0,1,1,0.57,1,36.03,1
0.8,0.49748,0,1,3,0.51,1,38.18,1
4.6,0.26891,0,0,3,0.51,0,33.7,1
4.8,0.25465,0,0,5,0.23,1,35.34,1
1.7,0.19718,0,1,3,0.0,0,41.17,1
9.5,0.55717,0,1,4,0.96,1,63.22,2
8.5,0.27194,0,1,3,0.46,0,51.4,2
6.7,0.36532,0,0,2,0.04,1,38.38,1
4.6,0.09905,0,1,1,0.33,0,40.07,1
4.1,0.53596,0,1,1,0.37,1,43.14,1
6.5,0.44287,0,1,3,0.87,1,47.42,1
5.5,0.32511,0,1,1,0.34,0,40.11,1
0.6,0.17184,1,1,5,0.88,0,50.2,2
5.1,0.86274,0,0,1,0.44,1,37.34,1
8.1,0.25342,0,0,2,0.17,0,43.93,1
4.6,0.05513,0,1,3,0.29,1,38.51,1
0.5,0.33261,0,0,1,0.85,1,10.56,0
7.9,0.22156,0,1,2,0.16,1,43.42,1
2.0,0.20503,0,0,1,0.62,1,14.65,0
2.6,0.46851,0,1,2,0.73,1,40.24,1
1.6,0.10669,0,1,3,0.31,1,32.48,1
3.3,0.01656,0,1,2,0.8,1,26.24,0
7.6,0.11262,0,0,1,0.31,0,32.74,1
5.2,0.24346,0,0,2,0.27,0,34.82,1
2.0,0.07111,0,1,3,0.08,1,28.28,0
8.8,0.22301,0,0,2,0.59,1,35.59,1
8.8,0.29268,0,1,5,0.53,1,53.74,2
8.7,0.086,1,1,1,0.66,1,57.88,2
2.4,0.16572,0,1,2,0.47,0,34.48,1
4.5,0.66328,0,0,5,0.21,1,45.26,1
9.8,0.32937,1,0,5,0.1,1,65.32,2
7.7,0.11062,0,1,4,0.5,0,52.19,2
0.3,0.27732,0,0,2,0.54,0,16.67,0
0.7,0.06929,1,1,4,0.93,0,46.64,1
4.6,0.12294,0,0,5,0.49,0,37.13,1
9.1,0.82513,0,0,3,0.93,1,55.22,2
5.4,0.02536,0,0,2,0.64,0,26.65,0
5.0,0.30227,0,0,4,0.15,0,42.69,1
1.1,0.26917,0,1,1,0.09,0,35.48,1
6.6,0.2431,0,0,3,0.96,1,30.64,1
8.2,0.23538,0,0,4,0.2,0,51.55,2
3.8,0.53059,1,0,2,0.35,0,54.22,2
7.8,0.11226,0,1,1,0.04,0,39.76,1
9.6,0.26699,0,1,3,0.27,1,54.37,2
2.0,0.3618,0,0,5,0.96,1,29.79,0
5.2,0.22757,0,0,4,0.09,1,36.3,1
2.9,0.21056,0,1,3,0.9,1,35.84,1
7.9,0.22279,0,0,5,0.07,0,49.51,1
5.8,0.08414,0,0,2,0.65,1,27.03,0
6.3,0.14203,0,0,2,0.5,1,28.5,0
8.0,0.061,0,0,5,0.73,1,35.42,1
4.0,0.43104,0,1,3,0.78,1,35.32,1
9.2,0.51608,0,0,4,0.68,0,49.26,1
5.3,0.12371,1,0,2,0.2,0,49.29,1
1.6,0.31979,0,0,2,0.63,0,21.2,0
7.0,0.02921,0,0,3,0.62,0,30.6,1
7.9,0.30537,0,1,2,0.85,1,40.74,1
3.2,0.33883,0,0,1,0.11,0,28.09,0
8.6,0.41014,1,1,5,0.6,0,76.73,3
9.1,0.16699,0,1,4,0.21,1,55.23,2
2.8,0.01069,0,1,3,0.66,0,33.4,1
9.8,0.27346,0,0,1,0.52,0,38.34,1
1.4,0.04159,0,0,2,0.19,1,11.64,0
2.0,0.35753,0,1,2,0.12,1,35.2,1
1.8,0.02219,0,0,1,0.7,1,10.19,0
8.9,0.12484,0,1,2,0.82,1,44.85,1
6.5,0.31128,0,0,5,0.37,1,41.59,1
1.5,0.21023,0,0,2,0.62,0,22.69,0
4.4,0.31772,1,1,4,0.81,1,59.32,2
6.2,0.50518,0,1,5,0.72,0,54.38,2
0.8,0.24369,0,1,3,0.73,1,21.32,0
8.8,0.08446,0,1,5,0.56,1,50.09,2
8.0,0.55628,1,0,3,0.14,1,62.05,2
5.1,0.12846,1,1,3,0.95,0,51.32,2
9.7,0.09167,0,0,5,0.31,1,50.5,2
4.2,0.00702,0,0,4,0.11,0,27.66,0
9.8,0.29527,0,0,2,0.86,0,41.52,1
6.7,0.24886,0,1,5,0.88,1,47.38,1
6.3,0.05187,0,0,3,0.88,0,28.41,0
1.7,0.43111,1,0,5,0.52,1,53.01,2
8.8,0.13171,0,0,3,0.31,1,36.54,1
4.3,0.26137,1,1,3,0.81,1,53.24,2
1.6,0.30288,0,1,1,0.93,1,21.99,0
0.1,0.05515,1,1,4,0.01,0,49.93,1
5.6,0.22238,0,1,4,0.91,1,45.82,1
5.3,0.3614,0,1,3,0.24,1,46.82,1
7.2,0.31577,1,0,3,0.79,1,50.52,2
8.9,0.09798,0,1,2,0.81,1,38.37,1
0.8,0.18668,0,1,3,0.56,0,31.77,1
7.3,0.3444,0,0,3,0.44,1,41.07,1
1.9,0.21296,0,0,4,0.22,1,25.68,0
8.6,0.23623,0,1,3,0.24,0,55.28,2
8.2,0.0132,0,0,2,0.5,0,38.78,1
5.4,0.0443,0,1,1,0.14,0,36.39,1
7.1,0.17201,0,0,1,0.68,0,32.61,1
3.1,0.0342,0,1,2,0.03,1,25.98,0
4.7,0.40224,1,1,3,0.03,1,59.1,2
8.2,0.07439,0,1,2,0.51,0,45.58,1
4.6,0.12583,0,0,1,0.27,0,26.65,0
3.6,0.20101,0,1,4,0.48,0,47.51,1
4.9,0.13759,1,1,3,0.56,1,51.23,2
8.3,0.10607,0,0,3,0.31,0,35.75,1
3.4,0.42743,0,0,5,0.88,1,34.55,1
1.7,0.29437,0,0,3,0.5,0,28.38,0
7.1,0.55672,0,1,5,0.82,0,61.46,2
8.3,0.76403,0,0,5,0.89,1,55.07,2
1.0,0.22259,0,0,4,0.89,1,21.24,0
2.4,0.39574,0,1,5,0.07,0,49.14,1
1.4,0.18594,0,1,5,0.04,1,39.13,1
3.5,0.28431,1,0,5,0.59,0,58.76,2
4.5,0.37425,0,1,5,0.41,0,47.8,1
7.5,0.1034,0,1,5,0.77,1,49.63,1
6.5,0.09545,0,0,2,0.95,0,27.6,0
6.2,0.03125,1,1,5,0.07,0,66.53,2
3.5,0.22457,0,1,2,0.63,1,31.82,1
8.4,0.11552,0,0,2,0.6,1,38.04,1
4.7,0.37797,0,1,2,0.87,1,31.78,1
9.8,0.68528,0,1,3,0.31,0,69.65,2
6.3,0.22389,0,1,2,0.52,0,38.57,1
1.3,0.02374,0,0,3,0.94,1,9.8,0
6.8,0.41425,0,0,2,1.0,1,39.31,1
3.3,0.16309,0,0,2,0.57,1,26.19,0
6.9,0.12987,0,0,2,0.21,0,34.49,1
0.7,0.10118,0,1,4,0.79,0,28.71,0
1.7,0.02443,0,1,3,0.38,0,30.84,1
8.6,0.38751,0,0,3,0.91,1,43.21,1
2.3,0.5283,0,1,4,0.8,0,43.53,1
8.4,0.28777,0,0,5,0.94,0,46.0,1
2.8,0.29597,0,0,2,0.21,1,26.93,0
6.4,0.01602,0,0,1,0.42,0,30.06,1
6.9,0.04058,0,0,3,0.25,1,31.6,1
5.1,0.31173,0,0,3,0.94,0,29.38,0
3.1,0.0516,0,0,1,0.73,1,11.14,0
2.1,0.39496,0,1,1,0.02,1,37.7,1
0.3,0.47911,0,0,1,0.28,1,29.65,0
3.0,0.45304,0,0,4,0.74,1,29.89,0
6.5,0.14368,1,1,2,0.68,0,57.8,2
9.4,0.43453,0,0,2,0.04,0,55.14,2
8.7,0.1237,0,1,1,0.39,1,38.28,1
7.7,0.58385,1,0,5,0.79,0,67.8,2
7.9,0.08443,0,0,2,0.34,1,29.7,0
6.6,0.19037,0,0,5,0.24,0,39.93,1
2.6,0.04649,0,1,2,0.71,0,29.44,0
9.1,0.35393,0,1,5,0.65,1,61.0,2
6.7,0.06282,0,0,4,0.03,1,39.35,1
5.6,0.17327,1,0,2,0.91,0,52.12,2
1.1,0.13636,0,1,2,0.49,0,25.16,0
4.5,0.17799,0,0,3,0.86,1,27.73,0
4.6,0.10791,0,0,2,0.39,0,32.61,1
8.6,0.02426,1,0,3,0.38,0,47.72,1
5.5,0.0603,1,0,1,0.12,0,40.91,1
3.8,0.38752,0,0,3,0.8,1,29.14,0
9.8,0.01943,0,1,1,0.0,1,41.73,1
1.1,0.37849,0,0,2,0.29,1,22.54,0
4.2,0.051,0,1,3,0.07,1,37.37,1
0.4,0.05509,0,1,1,0.71,1,21.92,0
7.4,0.51375,0,1,3,0.72,1,52.02,2
9.2,0.37871,1,0,1,0.31,0,59.3,2
2.8,0.3613,0,1,3,0.7,1,34.32,1
8.6,0.25772,1,1,1,0.25,1,56.25,2
2.9,0.11484,1,1,5,0.31,1,57.15,2
9.1,0.02588,0,1,2,0.81,0,46.67,1
7.5,0.47309,0,1,2,0.74,0,53.67,2
8.0,0.24802,0,1,3,0.77,1,46.27,1
0.2,0.28565,1,0,1,0.11,0,41.36,1
9.6,0.00342,0,0,5,0.13,0,50.35,2
7.3,0.00928,0,1,2,0.3,0,44.25,1
3.0,0.29559,1,0,3,0.1,1,47.98,1
8.3,0.08683,0,0,2,0.52,0,35.06,1
2.8,0.04588,0,1,5,0.53,0,35.88,1
8.7,0.11122,0,1,2,0.35,0,46.41,1
1.1,0.05579,0,0,4,0.41,1,20.66,0
7.0,0.42056,1,1,5,0.1,1,76.64,3
5.4,0.28135,0,1,1,0.68,0,36.68,1
1.0,0.31603,0,0,5,0.26,1,33.52,1
2.4,0.06444,0,0,3,0.78,1,21.32,0
0.1,0.35932,0,1,1,0.77,1,20.73,0
4.7,0.04846,0,0,2,0.59,1,24.98,0
3.0,0.41862,0,1,5,0.44,0,46.2,1
6.0,0.19041,0,0,1,0.21,1,27.27,0
3.0,0.37601,0,1,2,0.94,0,34.6,1
3.0,0.17548,0,0,5,0.9,1,27.48,0
7.4,0.32036,0,0,1,0.75,1,31.12,1
0.5,0.29755,0,1,3,0.92,0,27.84,0
9.0,0.01377,1,0,2,0.9,1,49.35,1
8.5,0.11124,0,1,2,0.52,1,42.21,1
6.7,0.08794,0,1,3,0.21,1,34.88,1
5.9,0.18497,0,1,3,0.2,0,49.3,1
8.9,0.04812,0,1,3,0.5,1,44.67,1
1.9,0.8067,0,0,1,0.72,0,30.71,1
0.8,0.17684,1,1,3,0.4,0,46.1,1
2.4,0.22548,0,0,4,0.4,0,31.13,1
7.9,0.23334,0,0,1,0.07,1,32.43,1
0.3,0.0297,0,0,3,0.78,1,10.79,0
5.8,0.42573,0,0,3,0.17,0,42.55,1
10.0,0.26094,0,0,4,0.9,0,44.93,1
8.6,0.30278,0,0,5,0.17,1,51.83,2
5.2,0.19659,1,0,3,0.74,0,41.45,1
0.6,0.12904,0,0,2,0.75,1,12.26,0
8.3,0.5343,0,0,3,0.86,0,45.61,1
6.0,0.06563,0,0,1,0.52,0,27.46,0
1.1,0.75262,1,1,1,0.4,0,56.25,2
0.9,0.14172,0,0,3,0.1,0,27.05,0
9.1,0.52791,0,1,1,0.83,1,52.8,2
6.7,0.21773,0,0,2,0.42,0,36.04,1
8.3,0.02149,0,0,3,0.99,0,29.67,0
8.8,0.41866,1,1,2,0.3,0,71.69,3
5.7,0.13174,0,0,4,0.44,0,31.76,1
5.2,0.65287,0,1,5,0.42,1,57.53,2
4.3,0.53325,0,1,4,0.48,0,56.63,2
3.2,0.2382,0,1,3,0.22,0,39.2,1
4.3,0.04814,0,0,5,0.27,1,28.93,0
7.7,0.21797,0,1,3,0.46,0,54.62,2
6.0,0.04423,0,0,5,0.77,1,32.58,1
8.9,0.21656,0,1,3,0.74,1,49.79,1
4.4,0.6446,0,1,5,0.18,1,58.24,2
6.1,0.05442,1,0,2,0.53,1,44.72,1
6.3,0.12737,0,0,1,0.52,1,28.23,0
5.9,0.50089,0,0,3,0.57,1,43.36,1
7.0,0.19041,0,1,4,0.31,1,49.9,1
2.4,0.1848,0,1,4,0.72,1,37.36,1
5.1,0.16814,0,0,3,0.28,1,28.61,0
1.0,0.10081,1,1,2,0.33,1,41.55,1
3.8,0.22375,0,1,3,0.19,1,34.88,1
4.9,0.10174,0,1,5,0.16,0,49.69,1
6.5,0.37695,0,0,1,0.88,1,27.4,0
9.5,0.20501,0,0,2,0.39,0,43.44,1
6.0,0.23017,0,1,1,0.76,1,37.36,1
7.4,0.08824,0,0,4,0.76,0,33.79,1
5.1,0.31507,0,0,1,0.57,1,26.23,0
6.3,0.32431,0,1,1,0.83,1,36.18,1
0.7,0.28005,0,1,3,0.0,1,39.75,1
2.5,0.11917,0,1,4,0.16,0,36.59,1
3.6,0.1546,0,0,1,0.85,0,18.63,0
4.7,0.11336,0,1,5,0.94,1,32.61,1
0.5,0.22744,0,0,1,0.51,0,15.06,0
1.4,0.15187,0,0,3,0.69,0,21.69,0
2.8,0.12307,0,1,2,0.16,0,28.06,0
9.7,0.80457,0,0,2,0.67,1,51.37,2
3.3,0.17642,0,1,2,0.65,1,35.92,1
4.8,0.25622,0,0,5,0.11,0,41.89,1
2.0,0.45682,0,0,1,0.78,0,22.71,0
6.1,0.15484,1,1,4,0.03,1,62.13,2
2.8,0.18184,1,1,1,0.98,0,41.76,1
2.1,0.69997,0,0,2,0.97,1,28.7,0
5.2,0.22747,1,1,2,0.79,1,51.45,2
0.1,0.13602,1,0,4,0.49,0,34.4,1
0.1,0.55591,0,0,1,0.3,1,25.27,0
2.2,0.32627,1,1,2,0.34,0,53.01,2
0.4,0.26265,0,1,4,0.1,1,38.27,1
1.1,0.00723,0,1,3,0.73,1,24.7,0
3.4,0.14826,1,0,2,0.96,1,39.54,1
8.0,0.09911,0,0,3,0.24,0,41.38,1
5.7,0.54016,0,0,1,0.98,1,30.06,1
5.1,0.17269,1,1,5,0.45,1,61.09,2
2.9,0.23771,0,0,1,0.14,0,25.09,0
9.3,0.24477,0,0,5,0.77,0,47.46,1
4.0,0.36062,0,0,4,0.83,1,31.81,1
0.9,0.32013,0,1,5,0.34,1,35.16,1
6.2,0.36392,0,1,4,0.97,0,53.84,2
1.1,0.46374,1,0,2,0.54,0,47.74,1
3.5,0.01309,0,1,1,0.03,0,30.08,1
5.1,0.12552,0,1,4,0.34,1,42.58,1
8.7,0.36206,0,1,1,0.77,0,46.86,1
4.9,0.03173,0,1,1,0.2,0,33.19,1
7.0,0.44856,0,0,4,0.13,0,50.53,2
9.9,0.36038,0,1,4,0.61,1,63.7,2
1.3,0.16259,0,0,5,0.3,0,30.38,1
2.7,0.38162,1,1,2,0.61,0,50.39,2
3.9,0.43362,1,1,2,0.32,1,54.56,2
4.2,0.02591,0,0,3,0.77,0,28.03,0
4.1,0.53536,0,1,5,0.42,0,57.76,2
9.1,0.23809,0,0,5,0.99,1,39.48,1
7.1,0.1169,1,0,1,0.37,0,44.44,1
6.1,0.19195,1,0,1,0.15,0,47.17,1
3.1,0.29442,0,1,4,0.64,1,41.7,1
8.2,0.12694,0,0,3,0.73,1,39.83,1
9.6,0.28969,0,0,1,0.34,1,38.64,1
8.2,0.13453,0,0,5,0.75,1,39.68,1
0.0,0.59217,1,0,3,0.34,0,48.33,1
6.4,0.10314,0,0,5,0.1,1,40.0,1
0.5,0.11749,0,0,5,0.08,1,25.93,0
2.6,0.3799,0,0,5,0.48,0,39.37,1
0.6,0.45924,0,0,2,0.98,1,20.49,0
6.0,0.1994,0,1,5,0.53,1,46.55,1
6.9,0.61646,0,0,2,0.53,0,46.56,1
1.1,0.33093,0,1,1,0.86,0,24.12,0
3.8,0.0621,0,0,5,0.95,0,31.17,1
4.6,0.10794,0,1,4,0.18,0,45.36,1
3.7,0.65424,0,0,4,0.13,1,39.63,1
1.2,0.09934,0,1,2,0.68,0,29.03,0
4.2,0.44033,0,1,2,0.61,1,38.3,1
7.5,0.4525,0,1,3,0.35,1,57.71,2
0.7,0.05018,1,1,5,0.9,0,47.32,1
0.8,0.37381,1,0,5,0.54,1,42.87,1
3.5,0.22134,0,0,5,0.17,1,34.42,1
9.4,0.22389,0,0,5,0.39,0,50.3,2
6.7,0.28225,1,1,3,0.88,1,56.24,2
6.8,0.55117,1,0,1,0.02,1,56.58,2
3.6,0.24735,0,1,2,0.84,0,31.83,1
5.9,0.0586,0,0,2,0.95,1,21.36,0
0.1,0.10297,0,1,4,0.37,0,33.35,1
6.4,0.59338,0,1,5,0.28,0,64.66,2
9.1,0.46847,0,0,2,0.17,0,49.28,1
6.1,0.02321,0,1,4,0.04,0,43.63,1
8.7,0.06147,0,0,3,0.68,1,36.19,1
7.2,0.57666,0,1,4,0.17,1,56.32,2
1.2,0.03629,0,1,5,0.89,0,36.04,1
9.0,0.05418,0,1,4,0.46,1,56.0,2
0.7,0.18352,0,0,5,0.97,1,25.63,0
5.3,0.07727,0,0,3,0.98,0,26.4,0
1.4,0.14828,0,1,3,0.8,0,27.19,0
0.1,0.29242,0,1,3,0.44,0,36.72,1
4.2,0.49251,0,0,4,0.46,0,42.07,1
3.0,0.12872,0,1,5,0.95,0,40.89,1
4.9,0.62921,0,0,2,0.73,1,39.02,1
5.8,0.45661,0,1,5,0.4,1,52.95,2
0.4,0.05671,0,1,4,0.86,1,27.32,0
1.2,0.4773,1,1,3,0.27,1,50.54,2
5.6,0.07529,0,0,1,0.94,1,14.96,0
3.4,0.0317,0,1,2,0.24,0,39.62,1
7.3,0.06947,0,0,5,0.73,0,37.07,1
6.5,0.1357,0,0,5,0.65,0,36.92,1
8.5,0.01049,0,0,1,0.59,0,23.11,0
6.9,0.0668,0,0,3,0.47,0,38.41,1
4.3,0.01283,0,0,1,0.56,1,18.29,0
6.7,0.6396,1,1,3,0.69,1,75.2,3
2.8,0.13551,0,1,5,0.63,1,35.5,1
3.1,0.27634,0,1,3,0.28,1,38.99,1
7.9,0.10345,1,1,2,0.27,0,61.43,2
4.5,0.18286,0,1,4,0.65,1,40.46,1
8.0,0.03256,0,0,4,0.15,1,40.8,1
8.2,0.07608,0,0,3,0.98,1,32.43,1
8.6,0.22675,0,1,5,0.85,0,56.99,2
9.2,0.02754,0,1,5,0.45,1,53.32,2
4.3,0.09267,0,0,3,0.52,1,26.31,0
3.2,0.20805,0,1,1,0.35,0,29.32,0
5.8,0.0305,0,1,1,0.15,1,35.31,1
3.7,0.46329,1,1,1,0.59,0,59.0,2
6.0,0.14873,1,1,5,0.99,1,58.81,2
7.1,0.29481,0,1,3,0.16,1,50.86,2
6.9,0.14457,0,1,3,0.54,0,46.0,1
3.7,0.22549,1,0,5,0.96,0,48.74,1
1.7,0.09763,0,1,3,0.98,0,28.45,0
4.3,0.05941,1,0,2,0.49,0,42.56,1
1.4,0.03991,1,0,1,0.07,0,30.57,1
8.9,0.27663,0,1,3,0.25,0,60.09,2
3.5,0.14353,0,0,5,0.7,1,28.72,0
1.5,0.10068,0,0,3,0.07,0,27.28,0
0.3,0.06208,0,0,5,0.64,0,23.37,0
6.5,0.4959,0,0,3,0.45,1,43.76,1
6.4,0.05635,0,0,4,0.18,1,35.04,1
3.4,0.0755,0,0,2,0.1,0,26.38,0
0.7,0.05359,0,0,4,0.68,1,16.5,0
4.1,0.17906,1,0,3,0.18,1,42.37,1
3.1,0.30818,0,0,5,0.52,0,34.65,1
6.8,0.15234,0,1,3,0.49,1,43.73,1
6.1,0.32951,0,1,5,0.67,0,53.14,2
3.6,0.04961,0,0,1,0.43,0,16.12,0
2.2,0.2183,1,0,1,0.92,1,33.1,1
9.9,0.59231,1,1,3,0.85,1,72.33,3
4.5,0.16334,0,0,1,0.82,0,25.2,0
6.9,0.23516,0,1,3,0.28,0,50.73,2
1.4,0.44186,0,1,1,0.98,1,25.91,0
4.9,0.50549,0,0,2,0.52,0,35.55,1
0.3,0.31109,0,0,4,0.98,0,17.81,0
5.1,0.18284,0,1,1,0.84,1,29.71,0
9.6,0.07491,1,0,2,0.86,1,47.75,1
3.8,0.18349,0,0,4,0.71,0,29.43,0
0.4,0.43548,0,1,5,0.17,0,45.81,1
0.3,0.20696,1,0,4,0.96,0,37.94,1
3.9,0.36251,0,1,4,0.4,0,45.47,1
1.6,0.37006,0,1,2,0.94,1,29.85,0
0.2,0.05096,0,0,3,0.88,1,13.02,0
7.6,0.25617,0,0,2,0.82,0,39.6,1
4.6,0.35255,0,1,4,0.01,1,44.4,1
2.9,0.4805,1,0,4,0.58,1,48.97,1
9.0,0.26497,0,0,2,0.24,1,36.9,1
1.2,0.41578,0,1,1,0.88,0,33.45,1
9.6,0.14155,0,0,4,0.7,1,45.57,1
3.1,0.1201,0,0,4,0.65,1,24.4,0
8.9,0.00517,0,0,5,0.9,1,39.59,1
6.0,0.00699,0,1,3,0.3,1,38.51,1
8.3,0.02626,0,1,2,0.11,0,44.73,1
9.8,0.44979,0,1,4,0.31,1,62.61,2
2.9,0.27978,0,0,1,0.18,0,26.11,0
9.6,0.29992,0,0,1,0.25,0,44.71,1
3.9,0.02158,0,1,5,0.57,0,44.23,1
3.9,0.2192,0,1,1,0.46,0,38.81,1
3.4,0.20816,0,0,2,0.98,1,20.4,0
5.4,0.29755,0,1,1,0.42,1,38.09,1
1.5,0.20801,0,1,5,0.15,1,42.84,1
5.5,0.10854,1,1,5,0.87,1,56.09,2
5.4,0.32756,0,1,1,0.28,1,43.38,1
7.6,0.65244,1,0,4,0.11,0,70.89,3
8.3,0.08682,0,1,1,0.66,1,33.62,1
4.4,0.00222,0,0,5,0.26,1,29.41,0
3.0,0.41496,0,1,4,0.02,1,42.47,1
2.6,0.08467,0,1,5,0.66,0,35.8,1
1.9,0.2124,0,0,4,0.07,0,32.94,1
0.6,0.32261,0,1,1,0.0,1,31.16,1
3.4,0.04294,0,0,3,0.68,1,21.72,0
2.7,0.37442,1,1,2,0.45,0,54.83,2
9.7,0.19732,0,0,4,0.8,0,45.37,1
5.6,0.447,0,0,5,0.16,0,51.16,2
3.5,0.33535,0,1,5,0.51,0,53.85,2
5.8,0.15462,0,1,3,0.12,0,48.96,1
1.4,0.19667,0,0,5,0.41,1,27.03,0
4.4,0.13883,0,0,5,0.36,0,38.8,1
6.3,0.22807,0,1,5,0.64,0,54.44,2
4.9,0.49402,1,1,4,0.62,1,61.26,2
4.0,0.16682,0,0,4,0.26,0,31.91,1
9.9,0.48315,0,1,2,0.05,1,59.24,2
8.8,0.50773,0,1,3,0.1,1,58.83,2
6.2,0.06096,0,1,1,0.91,1,31.37,1
5.7,0.15296,0,1,3,0.73,1,40.02,1
6.2,0.10704,0,1,2,0.94,0,42.16,1
2.0,0.38283,0,1,4,0.62,1,40.82,1
4.0,0.17736,0,1,4,0.88,0,46.36,1
0.4,0.20757,0,1,3,0.77,1,25.65,0
4.8,0.40358,0,0,1,0.24,0,29.94,0
5.4,0.59665,0,0,4,0.75,1,42.86,1
2.3,0.59947,0,1,4,0.61,1,44.71,1
9.6,0.14146,0,0,3,0.17,1,43.02,1
9.1,0.51338,0,0,3,0.09,1,52.92,2
7.2,0.2941,0,1,1,0.37,1,39.05,1
5.3,0.33029,0,1,1,0.59,1,37.99,1
8.7,0.61311,0,0,3,0.56,1,52.78,2
1.3,0.04808,0,1,1,0.48,1,18.16,0
7.9,0.18232,0,1,2,0.48,0,43.96,1
1.2,0.50294,0,0,3,0.02,1,32.1,1
7.9,0.15902,0,0,5,0.02,0,44.46,1
2.8,0.27722,0,1,1,0.41,0,34.64,1
8.8,0.13122,0,1,3,0.52,1,47.12,1
9.4,0.14837,0,1,5,0.68,0,61.12,2
1.5,0.30364,0,0,2,0.67,1,22.1,0
4.6,0.37872,0,1,2,0.99,1,38.5,1
9.8,0.12282,0,1,4,0.39,1,55.32,2
4.8,0.37865,0,1,5,0.13,1,48.7,1
8.6,0.1791,0,1,5,0.3,0,59.26,2
5.9,0.34889,0,0,5,0.77,1,41.63,1
3.8,0.1954,0,0,2,0.24,1,24.41,0
2.9,0.27576,1,1,4,0.82,1,48.4,1
2.0,0.19126,0,1,2,0.81,0,29.6,0
7.6,0.03143,0,0,3,0.47,1,33.92,1
3.9,0.14705,0,0,5,0.73,0,34.21,1
5.1,0.19546,0,0,5,0.8,0,38.69,1
4.9,0.18569,0,0,4,0.73,1,31.48,1
5.8,0.67314,0,0,4,0.31,1,46.54,1
8.7,0.36958,0,1,5,0.17,1,56.67,2
9.8,0.28878,0,1,2,0.12,1,58.86,2
4.1,0.18961,0,1,4,0.96,0,37.62,1
8.3,0.02104,0,1,5,0.09,1,50.79,2
7.6,0.16694,1,1,3,0.44,1,62.44,2
5.7,0.3599,0,0,4,0.1,1,43.1,1
9.6,0.11311,0,1,1,0.79,0,51.37,2
2.0,0.11082,0,0,3,0.55,0,24.76,0
1.1,0.06404,0,0,5,0.18,1,27.57,0
8.5,0.07207,1,0,4,0.96,1,45.39,1
4.4,0.82318,0,0,4,0.85,0,47.63,1
8.5,0.36105,0,0,2,0.13,0,47.91,1
8.9,0.29047,0,0,5,0.81,0,45.33,1
0.6,0.28104,0,0,1,0.84,1,9.77,0
8.8,0.59631,0,1,5,0.77,0,66.72,2
4.5,0.45267,1,1,4,0.35,1,61.01,2
5.1,0.01132,0,0,4,0.26,1,30.09,1
6.3,0.08293,0,0,1,0.52,1,23.28,0
9.3,0.30172,1,0,3,0.47,0,60.05,2
0.2,0.2489,0,0,5,0.58,0,31.8,1
4.8,0.21461,0,1,5,0.42,0,49.82,1
6.9,0.05897,0,1,5,0.21,0,52.73,2
7.2,0.16742,1,0,2,0.57,1,47.42,1
6.9,0.33514,0,0,1,0.54,1,34.09,1
1.3,0.14359,0,0,3,0.91,1,15.19,0
3.0,0.04676,1,0,5,0.64,1,37.61,1
3.6,0.38597,0,0,3,0.77,1,23.74,0
8.0,0.0436,0,0,3,0.43,1,34.42,1
2.8,0.38321,0,0,3,0.82,1,30.06,1
2.1,0.16352,0,1,4,0.31,1,32.86,1
9.6,0.17272,0,1,5,0.98,0,55.55,2
0.1,0.31912,0,1,5,0.82,1,39.46,1
10.0,0.11947,0,1,5,0.0,1,58.63,2
6.8,0.52098,0,0,1,0.82,1,37.37,1
8.3,0.06694,0,0,2,0.54,0,36.72,1
2.9,0.34976,0,0,2,0.58,1,22.82,0
0.1,0.11391,0,1,2,1.0,0,25.97,0
7.4,0.25706,0,1,2,0.72,0,45.13,1
8.3,0.20269,0,0,4,0.13,1,46.82,1
7.4,0.3034,0,0,1,0.75,0,35.13,1
1.4,0.05522,0,1,1,0.2,1,26.44,0
7.5,0.44626,0,0,4,0.93,1,41.89,1
7.7,0.34601,0,1,5,0.26,0,57.29,2
6.6,0.25862,0,0,4,0.46,1,38.19,1
7.7,0.11703,0,0,2,0.81,0,31.04,1
8.5,0.13122,0,1,1,0.96,0,42.47,1
6.1,0.43338,1,0,4,0.16,1,57.46,2
0.9,0.05392,0,0,2,0.07,1,15.87,0
4.9,0.14825,0,1,2,0.79,0,36.55,1
0.8,0.55814,0,0,3,0.86,1,31.16,1
4.1,0.15621,0,0,5,0.6,0,35.83,1
4.1,0.30704,0,0,5,0.17,1,37.13,1
0.7,0.13514,0,0,5,0.16,0,29.45,0
3.5,0.56035,0,0,1,0.46,0,31.13,1
1.1,0.58817,0,0,1,0.19,1,22.43,0
8.1,0.40414,0,0,1,0.35,0,40.3,1
9.5,0.23219,1,0,1,0.79,1,41.76,1
0.7,0.24449,0,1,2,0.11,1,30.49,1
9.6,0.35268,0,0,5,0.3,1,51.97,2
5.2,0.39726,1,1,1,0.4,1,56.78,2
3.0,0.21941,0,0,5,0.23,1,33.53,1
0.8,0.36979,0,0,2,0.71,1,16.37,0
5.0,0.25616,0,0,1,0.47,1,22.95,0
7.9,0.0441,0,1,3,0.95,0,44.87,1
7.1,0.11968,0,0,4,0.34,1,31.3,1
0.5,0.30556,1,0,1,0.93,1,24.1,0
0.7,0.25813,0,0,1,0.57,0,13.96,0
4.0,0.2945,0,1,3,0.54,0,47.52,1
3.0,0.58321,0,1,2,0.23,0,46.47,1
2.3,0.01932,0,0,4,0.95,0,20.98,0
2.8,0.29861,0,1,2,0.32,0,33.84,1
8.0,0.46788,0,0,3,0.55,1,38.54,1
9.3,0.2923,1,1,1,0.94,1,61.45,2
4.1,0.11075,0,1,4,0.85,1,33.13,1
9.1,0.08195,0,0,2,0.31,0,36.93,1
3.2,0.05926,1,0,1,0.81,0,34.99,1
4.8,0.12225,0,0,5,0.68,0,34.85,1
2.3,0.2739,0,1,3,0.03,1,36.92,1
6.4,0.19094,0,0,2,0.49,0,29.82,0
9.8,0.7001,0,1,5,0.42,0,77.64,3
6.0,0.05266,0,1,2,0.66,0,32.78,1
3.6,0.16428,0,0,2,0.7,1,28.59,0
6.5,0.07337,0,1,5,0.7,1,44.36,1
1.2,0.02538,0,1,3,0.46,0,30.95,1
8.9,0.74018,0,0,3,0.95,0,52.6,2
5.0,0.46178,0,1,5,0.07,0,64.45,2
4.5,0.23625,0,0,3,0.65,0,28.58,0
5.9,0.38424,0,0,4,0.44,0,39.22,1
6.2,0.09317,1,1,4,0.23,1,58.57,2
0.7,0.08327,0,1,1,0.14,1,22.35,0
6.8,0.00431,0,1,5,0.46,1,41.22,1
2.4,0.35973,1,0,4,0.31,1,46.92,1
7.1,0.49191,1,0,2,0.22,0,58.28,2
8.2,0.16026,0,0,3,0.04,0,42.77,1
8.0,0.0372,0,1,4,0.31,0,54.46,2
5.5,0.33491,0,1,4,0.93,1,45.9,1
5.2,0.26987,0,0,5,0.54,0,37.07,1
1.4,0.32439,0,0,2,0.24,1,20.39,0
7.8,0.10783,0,1,4,0.98,0,44.85,1
2.7,0.16355,0,1,2,0.65,1,36.47,1
5.0,0.43144,1,0,3,0.51,1,51.45,2
2.8,0.05389,0,1,3,0.93,0,26.04,0
1.3,0.30769,0,1,3,0.78,0,35.28,1
6.3,0.21044,0,0,1,0.53,0,31.31,1
0.5,0.24708,0,0,5,0.01,0,33.73,1
7.5,0.39774,0,1,3,0.41,0,50.74,2
3.2,0.62432,0,1,1,0.8,0,45.34,1
0.0,0.18372,0,1,1,0.28,1,26.17,0
5.1,0.02932,0,0,5,0.05,1,32.62,1
0.5,0.00476,0,0,3,0.61,0,16.32,0
2.8,0.43371,0,0,5,0.9,1,35.57,1
7.1,0.13735,0,0,5,0.99,0,39.26,1
0.6,0.16477,0,0,4,0.11,0,24.07,0
8.4,0.11695,0,0,5,0.96,1,42.35,1
0.0,0.47829,1,1,1,0.38,1,38.73,1
2.5,0.01672,0,0,3,0.75,0,20.19,0
7.4,0.10367,0,0,5,0.2,1,44.5,1
3.2,0.13716,0,1,1,0.67,0,29.62,0
1.0,0.33426,0,1,3,0.67,1,36.21,1
3.6,0.46133,0,0,2,0.28,1,31.45,1
2.7,0.50508,0,1,1,0.45,0,41.12,1
8.4,0.05442,0,0,2,0.41,1,31.4,1
3.1,0.37995,0,0,2,0.66,0,34.02,1
7.9,0.08785,0,0,4,0.98,0,41.51,1
8.9,0.19177,1,1,2,0.57,1,59.33,2
4.3,0.37708,0,1,1,0.54,1,33.96,1
9.1,0.36184,0,1,5,0.34,0,66.53,2
3.8,0.06452,1,0,3,0.68,1,37.21,1
9.6,0.156,0,1,4,0.85,0,53.92,2
0.9,0.1399,0,0,3,0.1,0,23.87,0
6.9,0.06176,0,1,1,0.24,1,37.22,1
4.9,0.28639,0,0,5,0.59,0,42.74,1
3.9,0.03488,0,0,2,0.08,0,18.2,0
6.3,0.12197,0,1,2,0.35,0,44.34,1
7.0,0.21508,0,0,1,0.48,0,31.62,1
0.0,0.05146,0,0,1,0.81,1,6.78,0
1.7,0.24304,0,0,3,0.53,0,25.64,0
7.1,0.44142,0,1,3,0.38,1,50.13,2
6.7,0.04121,1,0,3,0.15,1,47.04,1
9.7,0.18724,1,0,2,0.2,0,60.97,2
7.6,0.31244,0,0,1,0.52,0,37.27,1
9.5,0.05755,1,0,4,0.8,1,54.59,2
7.0,0.26214,1,1,2,0.4,0,61.94,2
3.0,0.28651,0,1,4,0.23,1,42.75,1
1.1,0.10841,1,1,3,0.38,0,49.01,1
7.8,0.07571,0,0,3,0.06,0,40.17,1
6.4,0.26837,0,1,1,0.53,1,35.83,1
0.5,0.10199,0,1,5,0.07,0,37.05,1
3.6,0.39232,0,0,5,0.85,1,33.29,1
9.6,0.05802,0,1,3,0.76,0,49.41,1
5.0,0.14104,0,1,5,0.7,1,41.51,1
4.3,0.39486,0,0,5,0.95,1,39.5,1
4.6,0.00403,0,1,3,0.89,1,24.46,0
2.1,0.13397,1,1,1,0.0,1,37.86,1
3.7,0.20985,0,1,2,0.78,0,43.53,1
3.7,0.16036,0,1,5,0.59,1,40.43,1
0.5,0.44037,0,0,4,0.44,1,27.05,0
7.7,0.17316,0,1,5,0.29,0,55.08,2
4.2,0.5224,0,1,2,0.2,1,46.34,1
8.2,0.29302,0,0,2,0.88,1,37.21,1
8.5,0.07878,0,0,2,0.36,1,37.14,1
2.1,0.30811,0,1,2,0.45,0,38.05,1
6.6,0.19999,0,1,4,0.71,0,47.06,1
4.7,0.36132,0,1,1,0.79,0,32.5,1
8.8,0.43349,0,0,2,0.63,1,43.35,1
2.2,0.40186,0,0,2,0.42,1,26.18,0
6.8,0.23694,0,1,4,0.06,0,51.03,2
6.1,0.16209,0,1,5,0.61,0,45.11,1
3.0,0.21861,0,1,5,0.85,0,41.68,1
1.4,0.06943,1,0,4,0.05,0,46.29,1
6.5,0.61027,0,1,5,0.35,0,67.16,2
7.4,0.16288,0,0,3,0.25,1,42.67,1
3.2,0.27152,0,1,1,0.54,1,32.92,1
6.4,0.03157,0,0,5,0.01,1,39.94,1
4.0,0.26809,0,0,4,0.88,0,31.81,1
7.1,0.02673,0,1,3,0.79,1,39.93,1
2.0,0.57701,0,0,1,0.1,0,31.21,1
8.9,0.14843,1,0,2,0.89,1,53.15,2
2.9,0.31436,0,0,5,0.77,0,34.14,1
3.7,0.31963,1,0,1,0.96,1,38.41,1
0.6,0.04974,0,0,1,0.26,1,7.77,0
1.1,0.1357,0,0,2,0.86,1,13.77,0
5.2,0.12302,0,0,1,0.15,1,28.13,0
2.7,0.01151,1,0,5,0.7,1,38.52,1
8.4,0.32224,0,0,3,0.07,1,46.86,1
0.1,0.02063,0,0,5,0.71,0,16.43,0
3.8,0.35258,1,0,4,0.15,0,56.63,2
3.4,0.27488,0,0,1,0.74,0,22.53,0
0.2,0.42943,0,1,2,0.44,0,33.47,1
1.2,0.00539,0,1,4,0.13,1,33.34,1
4.1,0.55278,0,1,1,0.57,0,42.81,1
4.9,0.19735,0,0,1,0.02,1,25.38,0
4.0,0.24676,0,0,3,0.24,0,32.66,1
5.3,0.48215,1,0,2,0.29,1,47.9,1
6.0,0.56638,0,1,5,0.99,0,56.72,2
0.1,0.38903,0,0,1,0.79,1,15.39,0
4.6,0.44038,0,1,4,0.31,1,55.96,2
9.6,0.22146,0,1,2,0.36,1,49.35,1
5.2,0.10552,1,1,5,0.44,0,62.11,2
6.8,0.23328,0,1,4,0.79,1,46.47,1
3.1,0.17546,0,1,2,0.68,0,35.44,1
7.7,0.48317,0,0,3,0.54,1,43.21,1
7.7,0.33225,0,1,4,0.45,1,50.16,2
5.2,0.38795,1,1,2,0.25,0,66.59,2
9.8,0.29944,0,1,5,0.45,1,63.67,2
1.3,0.36311,0,0,1,0.78,0,20.67,0
0.2,0.3943,0,0,2,0.45,0,21.62,0
7.7,0.0222,1,1,4,0.52,0,61.35,2
8.1,0.19351,0,0,5,0.34,0,51.5,2
1.2,0.39097,1,0,1,0.49,1,32.29,1
2.7,0.2653,0,0,5,0.76,1,30.93,1
0.2,0.05694,0,0,1,0.92,0,10.41,0
2.9,0.29646,0,0,3,0.5,0,27.95,0
7.7,0.33462,0,0,3,0.15,1,42.9,1
5.2,0.04433,0,0,5,0.77,0,39.72,1
3.5,0.02984,0,0,1,0.76,0,24.5,0
3.7,0.09371,0,0,1,0.68,1,16.93,0
0.0,0.52022,1,1,2,0.58,1,47.44,1
3.0,0.13467,1,0,2,0.32,0,42.93,1
6.5,0.18024,0,1,3,0.75,1,42.94,1
9.7,0.21089,0,0,3,0.98,1,38.93,1
8.5,0.51874,0,0,1,0.47,0,40.47,1
0.2,0.12775,0,0,1,0.16,1,13.12,0
9.0,0.03671,0,1,4,0.22,1,54.44,2
7.8,0.40856,0,0,2,0.26,1,39.79,1
7.8,0.37972,0,0,1,0.64,0,35.86,1
4.6,0.26468,0,1,1,0.77,1,35.48,1
4.0,0.28288,0,1,3,0.35,0,41.29,1
3.0,0.29934,0,1,5,0.73,0,49.86,1
0.7,0.33744,1,0,3,0.09,1,41.13,1
2.3,0.02761,1,1,1,0.9,1,29.86,0
2.5,0.21668,0,1,2,0.07,0,41.14,1
4.8,0.23173,0,1,5,0.8,1,44.06,1
7.5,0.15296,0,0,4,0.71,1,33.36,1
4.7,0.49973,0,0,3,0.65,1,39.05,1
0.6,0.31425,0,0,4,0.06,1,29.15,0
9.6,0.10501,0,1,2,0.52,1,49.78,1
9.4,0.08937,1,0,5,0.12,0,68.08,2
7.9,0.25622,0,0,2,0.44,0,37.43,1
9.9,0.08208,0,0,5,0.17,1,46.07,1
5.4,0.08665,0,0,4,0.15,1,33.17,1
9.6,0.48237,1,0,4,0.57,0,68.62,2
0.8,0.33372,0,0,2,0.28,0,27.45,0
3.7,0.0703,0,1,5,0.77,1,39.41,1
2.3,0.07969,0,1,4,0.25,1,34.22,1
2.0,0.10768,0,0,5,0.34,0,31.71,1
1.4,0.19858,0,0,4,0.59,1,26.02,0
6.2,0.30886,1,0,1,0.01,1,54.09,2
7.8,0.40381,0,1,4,0.84,1,51.61,2
5.8,0.17406,0,0,1,0.09,1,31.66,1
1.5,0.15518,0,1,2,0.03,1,30.98,1
8.1,0.31034,0,1,1,0.77,0,48.15,1
6.4,0.19476,0,1,2,0.8,1,41.67,1
3.9,0.04187,0,0,1,0.64,1,17.99,0
6.7,0.49067,0,1,2,0.83,1,42.97,1
2.6,0.15308,0,0,4,0.92,0,30.47,1
3.5,0.0668,0,0,3,0.22,0,27.66,0
9.2,0.13342,0,1,3,0.45,1,48.74,1
2.9,0.35166,0,0,3,0.4,0,22.96,0
4.7,0.06489,0,0,1,0.17,1,22.95,0
8.9,0.49463,0,0,3,0.27,1,48.59,1
7.1,0.26691,1,0,2,0.41,1,51.96,2
0.6,0.3359,1,1,1,0.1,0,47.75,1
1.5,0.2968,0,1,1,0.76,1,26.95,0
0.1,0.05909,0,1,4,0.61,1,28.07,0
6.3,0.25227,0,1,2,0.92,1,48.15,1
4.5,0.03992,0,0,2,0.03,0,29.16,0
1.3,0.30442,0,0,4,0.65,1,23.22,0
9.6,0.12133,0,0,5,0.79,1,46.44,1
5.3,0.12869,1,0,4,0.51,0,49.47,1
2.4,0.04679,0,1,5,0.97,1,30.57,1
5.0,0.15713,0,1,3,0.04,0,41.84,1
6.8,0.26272,0,0,3,0.52,0,39.13,1
0.8,0.04014,0,1,3,0.31,1,29.38,0
2.7,0.0566,0,1,3,0.97,0,32.97,1
8.1,0.22593,0,0,4,0.96,0,38.48,1
4.6,0.0016,1,0,3,0.1,1,45.32,1
5.5,0.00946,1,1,4,0.39,0,54.33,2
4.3,0.07537,0,0,2,0.22,1,24.07,0
0.4,0.22308,0,1,2,0.83,0,28.49,0
1.7,0.27518,0,0,1,0.91,1,14.52,0
4.5,0.27705,0,0,2,0.89,0,27.27,0
2.1,0.26194,0,1,5,0.36,1,40.98,1
0.5,0.27808,0,0,5,0.3,0,33.79,1
8.4,0.09881,0,1,3,0.68,0,46.2,1
9.8,0.18129,0,1,1,0.93,1,44.5,1
7.9,0.22181,1,1,4,0.06,0,71.79,3
8.5,0.31931,0,1,4,0.06,1,59.9,2
2.4,0.00821,0,0,4,0.4,0,29.25,0
9.6,0.15744,0,0,3,0.42,1,38.1,1
2.0,0.28539,1,0,1,0.49,1,36.52,1
9.5,0.0725,0,1,2,0.5,0,52.39,2
9.9,0.07694,0,0,2,0.46,1,30.78,1
7.1,0.05701,0,1,3,0.78,1,37.41,1
9.8,0.52024,1,0,5,0.76,1,72.5,3
5.7,0.06562,1,0,4,0.75,1,47.37,1
2.6,0.11195,0,0,5,0.33,0,24.91,0
4.4,0.14869,0,1,2,0.02,1,35.44,1
5.9,0.19363,0,0,3,0.82,0,33.48,1
0.7,0.06426,0,0,5,0.93,1,15.62,0
6.2,0.02248,0,0,2,0.57,0,26.6,0
9.8,0.00431,0,1,3,0.12,1,49.61,1
1.9,0.35029,0,0,4,0.16,1,31.0,1
7.9,0.36872,0,0,1,0.86,1,32.07,1
9.1,0.10151,0,0,2,0.66,1,34.84,1
9.4,0.3901,0,1,1,0.25,0,57.47,2
9.6,0.69136,0,0,3,0.19,1,57.52,2
5.2,0.44351,0,1,2,0.29,1,44.48,1
9.8,0.2196,1,0,4,0.31,0,69.97,2
7.6,0.22079,0,1,4,0.82,1,46.77,1
1.6,0.60654,0,1,3,0.9,0,43.33,1
4.8,0.23395,0,0,1,0.25,0,23.87,0
7.2,0.22725,0,0,5,0.19,1,37.44,1
2.5,0.30736,1,1,4,0.55,1,51.03,2
6.4,0.28516,0,0,1,0.57,0,29.16,0
6.7,0.3389,0,0,1,0.23,1,32.3,1
1.6,0.1022,0,0,2,0.82,1,19.0,0
5.7,0.1265,0,0,5,0.92,1,39.43,1
7.7,0.03062,0,1,3,0.08,0,48.16,1
5.0,0.12088,0,0,4,0.76,1,33.32,1
0.1,0.02188,1,0,5,0.5,0,38.49,1
0.1,0.37075,0,1,1,0.2,1,30.07,1
3.6,0.58461,0,1,5,0.43,1,49.21,1
9.3,0.00386,0,0,2,0.51,1,35.85,1
2.3,0.45603,0,1,2,0.59,0,37.65,1
6.3,0.17315,0,0,1,0.03,0,30.78,1
2.2,0.35457,0,1,1,0.7,0,32.17,1
3.2,0.24605,0,0,3,0.51,1,33.67,1
8.5,0.50794,0,0,4,0.64,0,53.39,2
7.3,0.05169,0,1,4,0.85,1,40.98,1
1.0,0.33937,0,1,5,0.57,0,41.31,1
4.3,0.53279,1,1,4,0.9,0,65.55,2
0.3,0.2257,0,1,1,0.79,0,28.7,0
4.8,0.19109,0,0,5,0.63,0,35.62,1
6.6,0.32892,0,1,4,0.58,1,48.04,1
1.2,0.05076,0,0,3,0.43,1,11.61,0
2.9,0.05938,0,0,1,0.88,1,13.94,0
4.0,0.46277,0,0,1,0.41,1,25.54,0
9.2,0.16112,1,1,4,0.02,0,77.88,3
9.9,0.10416,0,0,3,0.03,1,41.03,1
0.4,0.12919,0,1,3,0.93,1,23.58,0
7.6,0.29937,0,0,2,0.12,1,37.86,1
3.7,0.47351,1,1,1,0.79,1,50.5,2
3.9,0.0566,0,1,1,0.85,0,24.02,0
7.5,0.62419,0,0,4,0.55,1,46.42,1
9.2,0.35694,0,1,4,0.84,0,60.41,2
9.5,0.08624,0,0,3,0.11,1,43.39,1
5.8,0.27272,0,1,1,1.0,1,35.43,1
3.6,0.17509,0,1,4,0.6,0,40.99,1
7.9,0.12729,0,1,3,0.85,1,40.94,1
2.5,0.11774,0,0,1,0.27,1,15.78,0
5.6,0.16917,1,0,2,0.31,1,44.19,1
3.6,0.22891,0,0,1,0.15,1,27.76,0
6.6,0.05317,0,1,2,0.72,1,34.05,1
2.4,0.41313,1,1,1,0.02,1,48.01,1
1.9,0.60995,0,0,3,0.11,1,36.07,1
9.2,0.13277,0,0,1,0.17,1,33.38,1
1.0,0.18883,0,1,4,0.69,1,39.97,1
5.1,0.30407,0,0,3,0.65,1,31.37,1
2.2,0.09673,0,0,2,0.62,1,17.21,0
0.4,0.18681,0,0,1,0.41,1,11.45,0
0.4,0.56466,0,1,2,0.93,1,29.15,0
1.8,0.06934,1,0,4,0.96,0,35.02,1
8.7,0.25831,0,1,3,0.37,0,57.95,2
2.8,0.29499,0,1,2,0.53,0,35.96,1
9.5,0.13906,0,0,5,0.69,1,41.88,1
5.8,0.0919,0,1,1,0.27,0,37.08,1
4.4,0.24598,0,1,2,0.76,0,38.33,1
5.8,0.14804,0,0,5,0.77,1,36.39,1
5.2,0.00347,0,1,5,0.5,1,43.71,1
7.6,0.0183,0,0,4,0.42,1,30.43,1
2.8,0.14575,0,0,2,0.64,1,19.57,0
3.5,0.06436,0,1,4,0.02,1,36.66,1
8.9,0.15991,0,0,1,0.86,1,29.38,0
9.5,0.32555,0,1,3,0.86,0,55.62,2
8.9,0.16654,1,0,5,0.51,0,63.43,2
4.2,0.48311,0,1,2,0.02,1,49.14,1
7.8,0.20923,0,0,1,0.37,1,30.45,1
4.8,0.28794,0,0,2,0.46,1,27.18,0
5.0,0.12009,0,1,5,0.84,0,44.43,1
2.0,0.06312,0,0,3,0.03,0,28.45,0
5.9,0.34212,0,1,1,0.51,1,36.82,1
1.9,0.28385,0,1,5,0.46,0,41.07,1
3.3,0.0025,0,0,1,0.22,1,20.87,0
8.6,0.24167,0,1,2,0.24,0,50.39,2
2.1,0.05908,0,0,5,0.58,1,27.29,0
0.7,0.48582,0,1,5,0.97,1,38.75,1
0.7,0.06353,0,1,5,0.79,1,30.6,1
9.4,0.21929,0,1,3,0.5,1,52.56,2
5.1,0.20284,0,0,5,0.57,0,34.56,1
4.1,0.4619,0,1,1,0.57,0,39.49,1
8.1,0.56206,0,1,5,0.7,1,62.07,2
8.4,0.25143,0,0,3,0.34,0,43.71,1
3.3,0.13783,0,0,3,0.68,1,26.27,0
6.9,0.38567,0,0,2,0.25,1,33.74,1
7.7,0.31254,1,1,1,0.8,1,57.95,2
6.5,0.09215,0,0,4,0.94,1,36.61,1
1.5,0.32686,0,1,1,0.56,0,33.06,1
8.8,0.28417,1,0,4,0.07,1,64.98,2
5.4,0.34097,0,1,1,0.71,0,39.29,1
2.8,0.24465,0,0,5,0.93,1,30.65,1
4.3,0.41469,0,1,4,0.94,0,50.77,2
0.4,0.19344,0,0,1,0.91,1,10.6,0
1.3,0.15422,0,0,2,0.56,0,20.76,0
7.7,0.52117,0,0,3,0.92,0,44.65,1
0.0,0.60366,0,0,1,0.27,0,26.51,0
4.2,0.1231,0,1,1,0.14,0,39.17,1
5.2,0.70379,0,1,3,0.48,1,53.27,2
0.5,0.05529,0,1,4,0.03,1,27.88,0
9.7,0.1246,0,1,4,0.08,0,57.53,2
2.3,0.42636,0,0,5,0.6,1,30.22,1
3.0,0.15613,0,1,5,0.7,1,40.88,1
3.0,0.23111,0,0,5,0.14,1,32.51,1
2.3,0.08949,0,1,2,0.34,0,33.34,1
0.0,0.21469,1,0,3,0.81,1,26.13,0
7.3,0.08913,0,0,4,0.2,1,31.54,1
9.7,0.32679,0,0,2,0.89,0,38.21,1
2.2,0.65919,0,1,5,0.56,1,55.23,2
6.6,0.6937,0,1,3,0.59,0,57.14,2
7.4,0.57279,0,0,5,0.15,0,61.61,2
8.5,0.26591,0,1,1,0.06,0,49.08,1
4.2,0.18866,0,1,5,0.36,0,55.64,2
3.0,0.09206,0,0,3,0.09,0,29.17,0
3.3,0.30378,0,1,4,0.1,1,46.35,1
7.1,0.14027,0,0,3,0.95,1,35.7,1
8.2,0.27237,0,1,4,0.07,1,59.11,2
1.8,0.05287,0,0,3,0.44,0,21.38,0
3.7,0.29104,0,0,3,0.76,1,26.58,0
9.0,0.14387,0,1,4,0.28,0,57.38,2
8.1,0.29558,0,0,1,0.5,1,36.38,1
9.8,0.0162,0,1,3,0.36,1,49.69,1
7.5,0.13201,0,1,3,0.71,1,49.3,1
3.9,0.31536,1,1,2,0.61,1,47.57,1
5.9,0.33033,0,1,5,0.31,1,54.26,2
6.6,0.10472,1,1,2,0.63,0,56.15,2
0.8,0.48764,0,0,3,0.0,1,34.77,1
5.4,0.17995,0,0,3,0.67,0,32.01,1
7.1,0.07511,1,1,3,0.78,1,56.21,2
1.7,0.1689,1,1,1,0.01,1,39.6,1
7.8,0.39454,0,0,2,0.66,1,33.15,1
5.8,0.06861,0,1,5,0.55,1,43.61,1
9.5,0.09308,1,0,1,0.28,1,49.23,1
0.4,0.40329,0,0,4,0.2,0,31.08,1
2.7,0.47413,0,0,3,0.96,0,32.45,1
6.0,0.30163,1,1,1,0.48,0,58.76,2
3.0,0.27328,0,0,4,0.46,0,29.56,0
7.1,0.29107,0,1,3,0.85,0,46.85,1
7.6,0.36294,0,1,1,0.38,0,47.96,1
1.0,0.07697,0,1,3,0.81,0,29.45,0
5.1,0.24935,0,0,2,0.57,1,31.54,1
5.1,0.325,0,1,3,0.21,1,40.7,1
3.7,0.1176,0,1,5,0.35,0,38.88,1
9.3,0.37832,0,1,5,0.02,1,62.32,2
8.3,0.56628,0,1,3,0.44,0,57.86,2
7.0,0.03057,0,1,1,0.94,0,29.87,0
7.1,0.32795,0,0,4,0.63,1,38.59,1
4.6,0.19965,0,0,4,0.58,1,29.06,0
9.2,0.22695,1,1,5,0.87,1,74.7,3
6.9,0.05336,0,1,5,0.12,1,47.74,1
7.3,0.09472,0,1,1,0.8,1,34.57,1
8.6,0.0124,0,1,2,0.7,1,42.05,1
2.7,0.02544,0,0,5,0.53,1,31.53,1
8.1,0.41324,0,0,5,0.39,0,52.62,2
2.0,0.49966,1,0,3,0.04,1,56.12,2
3.5,0.39903,0,0,2,0.62,0,28.07,0
3.4,0.03176,0,1,2,0.57,1,26.1,0
9.8,0.58793,1,1,5,0.28,1,83.97,3
8.6,0.62292,1,0,3,0.27,1,64.32,2
7.0,0.42221,0,1,1,0.36,1,45.74,1
7.3,0.0408,0,1,4,0.43,1,46.16,1
5.6,0.7345,0,0,5,0.74,0,50.26,2
9.5,0.32281,0,1,4,0.51,0,67.48,2
5.0,0.34917,0,1,4,0.15,0,46.65,1
3.8,0.30471,0,1,4,0.89,1,41.42,1
1.6,0.25765,0,0,5,0.48,0,29.34,0
7.9,0.11672,0,0,1,0.9,0,29.04,0
7.3,0.3481,1,0,2,0.61,0,53.11,2
3.8,0.31211,0,1,3,0.57,0,40.29,1
0.3,0.2749,0,0,2,0.33,1,19.77,0
8.4,0.03183,0,1,3,0.97,1,42.11,1
0.1,0.53685,0,1,2,0.98,1,33.22,1
7.0,0.18231,0,1,5,0.36,0,58.65,2
9.7,0.01382,0,0,5,0.79,0,45.12,1
4.4,0.08339,1,1,4,0.27,0,55.19,2
2.3,0.53623,0,1,3,0.61,0,47.03,1
7.0,0.51427,0,0,1,0.67,1,32.8,1
8.2,0.22444,0,1,5,0.98,1,54.14,2
5.5,0.1977,0,1,3,0.29,0,41.08,1
9.7,0.06311,0,0,5,0.71,0,45.78,1
0.5,0.54011,1,1,1,0.25,1,44.39,1
5.0,0.04588,0,0,3,0.04,1,31.31,1
7.2,0.47978,0,0,4,0.29,1,45.89,1
8.6,0.17439,0,0,3,0.79,1,34.66,1
1.8,0.24769,0,1,1,0.94,1,26.97,0
8.0,0.26657,0,0,4,0.03,1,44.45,1
5.5,0.08375,0,0,5,0.11,0,36.85,1
4.0,0.1416,0,0,4,0.37,1,34.15,1
1.3,0.00773,0,1,5,0.45,0,31.89,1
8.7,0.08313,1,0,1,0.93,0,43.06,1
1.6,0.48976,0,1,2,0.02,1,41.11,1
3.1,0.22443,0,1,2,0.85,1,30.28,1
2.9,0.0859,0,0,1,0.51,0,20.94,0
8.7,0.06727,0,1,5,0.21,0,60.03,2
6.7,0.14061,0,0,4,0.2,1,36.66,1
8.0,0.35961,1,1,5,0.05,0,72.29,3
2.5,0.3015,0,1,2,0.25,0,40.19,1
6.2,0.23435,0,0,4,0.97,0,34.68,1
5.7,0.15463,0,1,3,0.8,0,45.9,1
8.3,0.13267,1,1,2,0.96,0,57.84,2
9.1,0.1027,0,0,1,0.16,0,36.47,1
0.1,0.20933,0,1,4,0.55,1,28.99,0
6.7,0.2017,0,1,5,0.93,0,50.81,2
0.5,0.04428,1,0,3,0.66,1,26.32,0
5.5,0.05072,0,0,2,0.02,0,33.56,1
2.9,0.30859,0,0,4,0.07,0,38.58,1
3.1,0.24481,0,1,2,0.42,0,34.05,1
3.5,0.11324,0,0,1,0.38,0,20.89,0
6.2,0.22587,0,0,2,0.89,0,27.36,0
3.3,0.19542,0,1,5,0.78,1,36.45,1
7.3,0.23762,0,0,5,0.13,0,50.08,2
4.0,0.64272,1,0,1,0.09,0,54.88,2
0.7,0.76086,1,0,1,0.87,0,39.68,1
7.8,0.2817,0,0,3,0.45,0,39.42,1
2.9,0.0058,0,1,4,0.17,1,37.63,1
4.3,0.30204,0,0,2,0.9,0,29.28,0
6.9,0.21383,0,0,1,0.72,1,24.1,0
3.3,0.19238,0,0,4,0.16,1,34.13,1
0.6,0.16771,0,0,1,0.61,1,11.27,0
3.7,0.04737,1,0,1,0.47,1,34.8,1
9.4,0.06558,0,0,3,0.26,0,44.29,1
6.4,0.26022,0,1,5,0.59,0,50.16,2
6.7,0.64577,0,0,4,0.44,0,51.65,2
6.3,0.13944,0,0,3,0.56,1,28.61,0
2.0,0.40563,0,1,5,0.29,0,48.63,1
4.2,0.07518,0,0,1,0.73,1,18.92,0
7.5,0.29617,1,0,3,0.43,0,58.74,2
1.0,0.40785,1,1,5,0.81,1,56.22,2
2.8,0.21656,0,0,5,0.61,0,34.3,1
2.8,0.50606,0,0,3,0.24,0,33.68,1
4.3,0.24391,0,1,2,0.34,0,42.56,1
9.8,0.17299,0,0,3,0.29,0,48.59,1
0.7,0.14724,0,0,1,0.36,0,17.06,0
5.2,0.28444,0,0,2,0.17,1,31.5,1
1.8,0.20336,0,0,3,0.48,1,21.38,0
9.7,0.07832,0,1,5,0.05,0,56.75,2
1.1,0.03572,1,0,4,0.35,1,37.86,1
4.0,0.27811,0,0,3,0.43,1,29.34,0
7.4,0.10613,0,0,5,0.76,1,39.79,1
7.0,0.36529,1,1,3,0.86,1,59.51,2
4.2,0.34624,0,0,1,0.77,1,30.79,1
3.5,0.25751,0,1,1,0.08,0,39.72,1
4.0,0.06092,0,1,5,0.66,0,41.14,1
2.6,0.34594,1,0,5,0.85,1,41.68,1
2.1,0.6297,0,0,2,0.53,0,34.95,1
4.8,0.07971,0,1,1,0.94,0,30.33,1
2.7,0.07875,0,1,4,0.88,1,24.3,0
2.9,0.20211,0,0,1,0.88,1,13.1,0
6.6,0.37867,0,1,1,0.96,1,37.88,1
9.7,0.14404,0,1,4,0.77,1,55.93,2
6.0,0.39584,0,0,1,0.69,1,30.31,1
0.8,0.05427,0,1,3,0.75,1,27.29,0
0.8,0.25711,1,1,3,0.36,1,48.02,1
9.5,0.02802,0,1,1,0.01,1,46.87,1
3.0,0.50809,0,0,1,0.04,1,32.43,1
0.9,0.33161,0,1,4,0.85,1,39.4,1
6.0,0.39863,0,0,1,0.41,0,28.26,0
6.2,0.04467,0,1,5,0.36,1,45.91,1
6.5,0.36426,0,0,3,0.61,0,41.71,1
2.7,0.24801,0,0,1,0.14,1,25.45,0
0.2,0.10993,0,1,5,0.54,1,32.32,1
9.7,0.5687,0,0,1,0.84,0,43.65,1
2.5,0.17106,0,1,2,0.43,0,31.28,1
6.8,0.27616,0,0,5,0.52,1,41.22,1
7.1,0.28268,0,1,3,0.16,0,54.0,2
6.1,0.04234,1,0,3,0.74,1,42.11,1
3.1,0.38804,0,1,2,0.56,1,35.69,1
2.7,0.26018,0,1,5,0.55,0,44.08,1
6.0,0.08719,0,1,5,0.23,1,51.6,2
8.7,0.10576,0,1,4,0.92,1,43.25,1
9.5,0.0175,0,0,1,0.34,0,36.94,1
1.1,0.38991,0,1,5,0.96,1,33.63,1
1.5,0.11766,0,1,4,0.34,0,35.75,1
9.4,0.09417,0,1,2,0.9,1,40.97,1
7.4,0.1717,1,1,2,0.56,1,52.2,2
8.8,0.21279,0,1,2,0.06,1,47.11,1
2.0,0.14784,1,1,4,0.95,1,52.47,2
5.9,0.07359,0,1,3,0.33,1,39.9,1
7.0,0.07267,0,1,2,0.81,1,27.66,0
6.8,0.1016,1,1,4,0.57,0,62.55,2
4.1,0.01607,1,0,4,0.24,0,48.79,1
0.2,0.18583,1,1,1,0.14,0,43.49,1
5.8,0.20651,0,1,2,0.23,1,37.27,1
2.5,0.34124,0,0,3,0.54,1,19.2,0
4.5,0.18601,1,0,4,0.51,1,45.33,1
9.6,0.15194,0,0,3,0.27,1,41.72,1
4.0,0.58259,0,0,3,0.16,1,35.26,1
8.4,0.16581,0,1,2,0.35,1,43.55,1
1.9,0.17273,0,0,2,0.16,0,19.52,0
6.7,0.17612,0,1,1,0.51,0,47.86,1
9.8,0.09825,0,1,3,0.43,1,50.18,2
1.0,0.22936,1,1,3,0.45,1,43.24,1
0.1,0.17049,0,0,4,0.26,1,20.71,0
4.3,0.20397,0,0,4,0.09,0,37.65,1
0.9,0.04593,0,0,4,0.59,0,18.43,0
7.5,0.26821,0,0,3,0.97,1,35.15,1
9.1,0.03214,0,0,1,0.67,1,31.03,1
4.3,0.17097,0,0,5,0.89,0,35.12,1
2.6,0.44794,0,0,4,0.1,0,40.56,1
4.3,0.73844,0,0,5,0.06,0,54.82,2
7.2,0.30062,1,0,1,0.77,1,37.08,1
0.1,0.27605,0,1,3,0.45,0,25.66,0
5.9,0.04592,1,1,5,0.83,0,62.44,2
6.1,0.08751,0,1,2,0.48,0,41.18,1
6.4,0.10806,0,1,3,0.07,0,46.23,1
2.4,0.16181,0,0,2,0.45,1,15.71,0
7.1,0.33763,0,1,1,0.67,1,39.04,1
0.9,0.12927,1,0,5,0.52,1,41.73,1
2.0,0.21389,0,0,5,0.22,1,30.44,1
8.8,0.28485,0,0,1,0.92,0,33.83,1
7.4,0.40943,0,0,1,0.67,1,34.23,1
0.1,0.38943,0,0,3,0.53,1,22.87,0
2.5,0.01362,1,1,1,0.47,0,40.47,1
2.1,0.18924,0,1,4,0.61,0,38.29,1
2.7,0.31367,0,0,2,0.46,1,27.54,0
2.5,0.32902,0,1,1,0.31,0,35.55,1
0.6,0.02739,0,1,4,0.39,1,28.89,0
4.6,0.59282,0,0,5,0.19,1,47.37,1
7.3,0.31801,0,1,1,0.76,0,47.8,1
6.1,0.17211,0,1,2,0.81,1,40.09,1
6.7,0.28511,0,1,2,0.73,0,45.1,1
0.8,0.17608,0,1,3,0.46,1,31.64,1
9.5,0.39512,1,1,5,0.21,1,81.25,3
8.4,0.20494,0,1,5,0.96,1,51.04,2
8.1,0.1074,1,1,2,0.77,0,58.11,2
8.2,0.24771,1,0,4,0.78,0,54.0,2
9.3,0.12716,0,1,2,0.62,0,43.71,1
5.4,0.26038,0,1,1,0.28,1,40.63,1
2.0,0.31127,0,0,3,0.18,1,33.28,1
6.2,0.09768,0,1,1,0.11,0,41.38,1
7.4,0.34459,0,1,5,0.62,1,54.17,2
7.4,0.02212,0,0,1,0.18,1,28.24,0
5.2,0.18092,0,1,5,0.38,0,50.17,2
0.7,0.30885,0,0,3,0.82,1,15.57,0
3.7,0.19624,1,0,5,0.29,0,54.1,2
9.2,0.07048,0,0,3,0.27,0,42.96,1
5.8,0.25222,0,1,4,0.72,0,42.17,1
5.4,0.19863,0,1,4,0.52,1,45.1,1
2.7,0.19136,0,0,3,0.56,1,25.39,0
3.7,0.43271,1,1,2,0.13,0,55.81,2
9.0,0.16624,0,0,3,0.29,1,43.14,1
6.7,0.2076,1,1,5,0.37,0,68.1,2
7.9,0.17797,0,0,4,0.97,1,38.79,1
4.5,0.5129,0,0,4,0.04,1,42.27,1
6.3,0.16012,0,1,3,0.86,0,47.94,1
2.5,0.25222,0,1,2,0.13,1,34.08,1
7.1,0.4067,1,1,3,0.99,0,66.08,2
4.3,0.58096,0,1,5,0.19,0,52.59,2
4.4,0.56164,1,0,5,0.29,1,57.13,2
6.5,0.08964,1,1,1,0.83,1,49.46,1
9.4,0.42236,0,0,2,0.36,1,47.74,1
0.6,0.53068,0,0,4,0.65,0,26.92,0
8.2,0.06188,0,1,5,0.58,0,52.05,2
2.9,0.12136,0,1,5,0.69,0,44.73,1
4.4,0.2131,1,1,2,0.82,1,47.79,1
0.2,0.26053,0,1,3,0.3,1,29.11,0
3.0,0.06038,0,1,1,0.87,0,21.2,0
5.0,0.16678,1,1,5,0.98,1,56.14,2
0.6,0.14961,0,0,1,0.67,1,13.59,0
4.9,0.07145,0,0,4,0.57,1,30.81,1
9.3,0.33876,0,1,1,0.98,0,48.94,1
1.1,0.09667,1,1,5,0.09,1,55.93,2
7.6,0.09219,0,0,3,0.38,1,36.98,1
4.1,0.20987,1,0,5,0.24,0,53.58,2
6.6,0.23913,0,0,4,0.08,0,44.0,1
2.6,0.05754,0,0,1,0.86,1,8.86,0
1.6,0.14565,0,0,3,0.34,1,19.52,0
1.6,0.16722,0,0,3,0.14,0,20.51,0
0.7,0.27185,0,1,1,0.38,1,29.0,0
1.9,0.04127,0,1,1,0.38,0,31.71,1
6.6,0.07225,0,1,1,0.13,0,46.23,1
8.8,0.25017,0,1,4,0.53,1,52.95,2
8.1,0.28484,0,1,3,0.1,0,54.85,2
6.9,0.06654,0,1,5,0.2,0,53.14,2
1.1,0.07724,0,0,4,0.72,1,21.05,0
2.9,0.3002,0,0,1,0.3,0,20.47,0
3.1,0.35699,0,0,1,0.65,1,17.68,0
2.5,0.36696,0,1,5,0.21,0,44.31,1
5.2,0.07323,0,0,5,0.53,0,34.75,1
5.4,0.01521,0,0,5,0.1,1,33.53,1
3.6,0.09513,0,1,2,0.04,1,37.03,1
3.5,0.02171,0,1,4,0.55,1,31.49,1
8.3,0.17318,0,0,2,0.78,1,28.53,0
7.9,0.20934,1,1,5,0.7,0,68.89,2
3.1,0.32652,0,1,3,0.77,1,36.82,1
9.1,0.09873,0,0,4,0.48,0,41.76,1
9.5,0.53991,0,0,2,0.7,1,46.57,1
3.3,0.61334,0,0,1,0.08,1,29.03,0
3.5,0.41142,0,1,4,0.84,1,36.14,1
5.1,0.24007,0,1,3,0.34,0,47.04,1
9.4,0.28234,0,0,3,0.87,1,39.39,1
8.8,0.21132,0,0,5,0.58,1,40.68,1
1.0,0.1688,0,0,5,0.1,0,27.3,0
3.9,0.19879,0,0,1,0.42,0,21.1,0
5.5,0.17261,0,0,3,0.8,1,28.85,0
5.0,0.36995,0,0,5,0.24,1,43.95,1
1.9,0.28709,0,0,2,0.18,1,20.44,0
8.6,0.22579,0,0,5,0.02,0,53.69,2
6.8,0.20269,0,0,1,0.69,0,25.77,0
8.4,0.0189,0,1,1,0.38,1,36.97,1
8.6,0.08451,0,0,2,0.18,0,38.12,1
7.5,0.07504,0,0,4,0.6,0,40.78,1
4.4,0.23532,1,1,3,0.14,0,59.92,2
6.1,0.01724,1,0,1,0.72,0,41.23,1
1.6,0.187,0,0,3,0.58,0,29.08,0
6.7,0.2655,0,0,2,0.25,1,37.6,1
1.8,0.27177,0,0,2,0.87,0,21.96,0
6.9,0.15897,1,1,4,0.56,0,61.9,2
2.3,0.37798,1,0,1,0.13,0,45.33,1
1.2,0.38619,0,0,2,0.72,1,18.43,0
1.7,0.12991,0,1,5,0.31,1,40.3,1
0.0,0.28162,0,0,3,0.77,1,16.87,0
7.2,0.01091,0,1,3,0.4,0,40.31,1
7.3,0.43763,0,1,5,0.08,1,58.01,2
5.1,0.23599,0,1,3,0.63,1,30.86,1
1.6,0.11249,1,0,5,0.31,1,42.78,1
0.8,0.18135,0,1,3,0.94,0,26.4,0
0.2,0.27982,0,1,2,0.83,1,17.91,0
1.7,0.07989,0,1,4,0.35,1,32.49,1
8.9,0.34251,1,1,1,0.03,0,68.74,2
2.4,0.09316,0,0,1,0.54,1,12.13,0
3.5,0.30675,0,0,1,0.65,1,19.72,0
1.1,0.43528,0,1,1,0.68,0,35.35,1
2.2,0.08208,0,0,1,0.35,1,15.37,0
5.2,0.22765,0,1,5,0.14,0,46.92,1
6.1,0.34376,0,0,2,0.56,1,32.24,1
2.5,0.32057,0,1,4,0.49,0,41.95,1
0.6,0.20576,0,0,1,0.99,1,4.35,0
3.9,0.03957,0,0,3,0.57,1,20.94,0
2.3,0.3697,0,1,3,0.18,1,33.38,1
2.2,0.27199,0,0,4,0.36,1,23.57,0
9.6,0.2121,0,1,1,0.53,0,42.29,1
6.2,0.26978,0,1,1,0.84,1,33.04,1
5.6,0.46829,0,0,2,0.48,1,39.78,1
4.2,0.26797,0,0,3,0.8,0,32.08,1
4.3,0.28514,0,0,3,0.16,1,34.33,1
5.4,0.11551,0,1,5,0.38,1,44.53,1
7.0,0.34611,0,1,3,0.52,1,47.68,1
7.0,0.0295,0,0,1,0.02,1,30.8,1
1.7,0.33662,0,0,1,0.76,1,18.44,0
5.0,0.12396,1,0,3,0.83,1,43.8,1
4.1,0.29869,0,0,5,0.32,1,34.12,1
8.7,0.05009,0,1,4,0.96,1,47.51,1
6.3,0.13556,1,0,3,0.73,1,51.13,2
5.3,0.25209,0,0,4,0.83,0,34.23,1
1.2,0.06736,0,1,3,0.65,1,24.88,0
6.1,0.25193,0,1,4,0.82,0,49.58,1
1.2,0.16247,0,0,1,0.98,0,16.94,0
3.4,0.02862,0,0,1,0.85,1,12.07,0
1.4,0.32016,0,1,4,0.47,1,31.92,1
6.9,0.18344,0,1,2,0.64,0,41.28,1
2.1,0.07433,1,0,1,0.58,1,25.01,0
3.9,0.04863,0,0,5,0.51,1,21.2,0
9.0,0.0656,0,1,5,0.77,1,53.11,2
2.0,0.31896,0,0,4,0.44,1,26.29,0
5.1,0.53974,0,0,2,0.31,1,37.89,1
4.2,0.09664,0,1,5,0.04,0,52.83,2
0.2,0.30379,0,1,1,0.09,1,21.04,0
7.9,0.12664,1,1,3,0.22,1,61.99,2
0.7,0.19218,1,1,3,0.15,0,50.63,2
4.7,0.09077,0,1,1,0.03,1,32.18,1
5.6,0.01258,0,0,2,0.7,1,22.19,0
6.3,0.06145,0,1,4,0.76,1,40.41,1
6.9,0.3109,0,1,1,0.35,1,37.82,1
2.5,0.41261,0,1,3,0.99,1,38.63,1
0.1,0.248,0,1,4,0.59,0,34.97,1
7.2,0.15765,0,1,2,0.1,1,42.52,1
5.4,0.14514,0,0,5,0.36,1,33.78,1
8.4,0.26593,0,1,3,0.58,0,48.29,1
8.2,0.34587,0,0,2,0.96,1,36.28,1
8.4,0.32888,0,0,1,0.68,1,35.47,1
4.9,0.23767,1,1,2,0.01,1,57.9,2
3.3,0.20446,0,0,2,0.67,0,29.83,0
7.9,0.22068,0,1,4,0.66,0,52.56,2
4.5,0.41637,0,0,3,0.86,0,34.12,1
1.8,0.33423,0,1,3,0.13,0,38.18,1
8.5,0.40435,0,1,2,0.81,1,53.3,2
8.8,0.07752,0,0,1,0.88,1,33.58,1
4.7,0.08593,0,0,2,0.8,0,18.4,0
0.8,0.21449,0,0,1,0.41,0,15.53,0
3.9,0.07652,0,1,4,0.69,1,43.64,1
8.0,0.31368,0,0,3,0.82,0,34.1,1
9.0,0.34656,0,0,3,0.95,1,37.9,1
2.0,0.03244,0,0,3,0.33,1,21.03,0
0.7,0.15079,0,1,3,0.21,1,35.41,1
8.8,0.03506,0,0,4,0.76,0,44.66,1
3.9,0.27687,0,1,2,0.1,1,40.05,1
5.4,0.39066,0,0,3,0.56,0,38.04,1
9.7,0.16894,0,0,5,0.86,1,47.04,1
0.7,0.02602,0,0,1,0.22,0,16.86,0
6.5,0.25271,1,1,1,0.39,1,53.76,2
0.7,0.17818,0,1,3,0.82,1,28.97,0
3.8,0.24331,0,0,1,0.5,1,21.16,0
8.0,0.53145,0,1,1,0.18,0,50.75,2
4.3,0.29913,0,0,4,0.08,1,40.39,1
10.0,0.02648,0,0,1,0.56,1,38.04,1
5.6,0.04038,0,0,4,0.02,0,34.7,1
3.2,0.71292,0,0,1,0.34,1,30.83,1
2.2,0.44372,0,0,4,0.61,1,21.11,0
3.5,0.36107,0,1,1,0.01,0,42.34,1
3.7,0.03842,0,0,5,0.87,0,33.0,1
0.7,0.38909,0,1,2,0.96,1,26.16,0
3.7,0.36107,0,0,4,0.41,0,40.2,1
4.6,0.20638,0,0,5,0.04,0,37.94,1
7.2,0.07466,1,0,2,0.28,0,46.36,1
6.6,0.27212,0,1,2,0.66,1,34.55,1
7.1,0.20538,0,1,5,0.04,0,57.6,2
0.1,0.21816,0,1,3,0.85,1,25.94,0
2.2,0.36558,0,0,3,0.8,1,24.54,0
6.6,0.11389,0,0,4,0.46,1,37.5,1
4.8,0.1151,0,1,3,0.77,1,39.98,1
0.1,0.01681,0,1,4,0.17,0,30.49,1
8.0,0.34467,0,1,5,0.96,0,62.58,2
7.7,0.12034,0,1,3,0.5,0,46.94,1
5.5,0.18929,0,1,3,0.99,1,36.62,1
0.7,0.126,0,1,1,0.53,1,20.67,0
7.7,0.5708,1,1,1,0.71,0,72.5,3
5.8,0.26243,1,1,2,0.8,1,51.34,2
7.8,0.40754,1,1,1,0.79,0,64.3,2
7.5,0.20352,0,1,5,0.74,0,53.76,2
8.0,0.06464,1,0,4,0.14,0,58.89,2
5.2,0.16538,0,1,4,0.41,0,43.74,1
1.4,0.24503,1,0,1,0.54,0,29.91,0
6.7,0.47501,0,1,1,0.71,1,46.78,1
6.2,0.68592,0,1,4,0.4,1,59.39,2
7.4,0.04104,0,0,2,0.56,0,29.49,0
1.7,0.11919,0,0,3,0.42,0,17.74,0
1.9,0.07745,0,1,2,0.71,1,23.04,0
8.9,0.11337,1,0,5,0.08,1,60.13,2
7.5,0.08466,0,1,5,0.71,0,55.01,2
9.1,0.56406,0,1,3,0.84,1,52.73,2
7.6,0.56432,0,0,3,0.01,0,54.07,2
6.0,0.55157,0,0,2,0.53,1,42.19,1
6.5,0.18009,0,0,4,0.25,1,35.67,1
8.9,0.2714,0,0,3,0.43,0,39.62,1
5.8,0.06947,0,1,2,0.75,0,40.73,1
6.3,0.45885,0,1,2,0.78,0,55.36,2
1.6,0.5224,0,0,4,0.4,1,30.87,1
4.7,0.18221,0,0,2,0.09,1,27.08,0
7.2,0.27684,0,0,5,0.61,1,40.34,1
2.7,0.30104,0,1,4,0.28,0,42.72,1
2.0,0.43853,0,1,1,0.12,0,37.23,1
3.1,0.13839,0,0,2,0.31,0,25.85,0
2.4,0.13152,0,1,3,0.58,1,27.1,0
2.1,0.33541,0,1,3,0.91,1,34.55,1
4.2,0.11803,0,1,4,0.22,0,39.61,1
9.1,0.26172,0,0,3,0.76,1,44.06,1
5.1,0.1092,0,1,3,0.86,1,40.86,1
1.9,0.51908,0,1,1,0.15,0,42.04,1
0.8,0.08827,0,0,3,0.01,0,18.83,0
7.0,0.31624,0,1,4,0.95,0,51.94,2
3.8,0.2894,0,1,4,0.1,1,43.79,1
8.2,0.01128,0,1,5,0.16,0,54.02,2
6.6,0.13216,1,0,2,0.41,0,43.01,1
8.0,0.44578,0,0,2,0.3,0,45.36,1
2.7,0.0656,0,1,2,0.98,1,26.37,0
6.9,0.61564,0,0,4,0.83,0,51.31,2
2.6,0.33206,0,1,3,0.65,1,38.8,1
9.4,0.01434,0,0,2,0.03,1,34.2,1
6.4,0.16567,0,0,3,0.24,1,33.73,1
3.2,0.3038,0,1,3,0.19,1,39.58,1
2.7,0.28786,0,0,5,0.26,0,36.89,1
1.9,0.09721,0,1,2,0.95,1,23.11,0
6.9,0.05018,0,1,4,0.41,1,44.57,1
2.2,0.17444,0,1,4,0.87,0,35.99,1
6.0,0.22126,0,1,5,0.47,1,47.89,1
2.6,0.05478,0,0,2,0.66,0,19.79,0
6.6,0.0431,0,1,3,0.94,1,31.75,1
8.1,0.32517,1,0,2,0.58,1,49.76,1
7.8,0.08093,0,1,4,0.36,0,54.06,2
7.6,0.70839,0,1,4,0.47,0,64.98,2
1.9,0.34824,0,1,4,0.47,0,42.49,1
0.9,0.05981,0,0,3,0.8,1,11.92,0
7.0,0.13932,0,0,4,0.34,0,45.42,1
3.7,0.11066,0,1,2,0.04,1,33.36,1
4.3,0.1248,0,0,3,0.67,1,16.67,0
0.3,0.09466,0,1,2,0.86,1,17.86,0
2.6,0.69222,0,1,1,0.5,0,46.49,1
0.3,0.22189,0,1,1,0.14,0,29.02,0
8.8,0.03208,0,0,3,0.14,1,31.76,1
2.4,0.01281,0,1,4,0.89,0,30.92,1
5.6,0.32905,0,0,4,0.07,1,35.71,1
0.4,0.69867,1,1,3,0.5,0,56.3,2
6.7,0.50345,0,0,2,0.33,1,37.36,1
3.2,0.25493,0,1,1,0.28,0,40.31,1
9.0,0.07129,0,0,4,0.17,1,38.83,1
8.9,0.12739,0,0,4,0.3,1,39.59,1
3.3,0.07282,0,1,1,0.72,0,22.66,0
9.0,0.2225,0,0,3,0.6,1,34.02,1
10.0,0.25509,0,0,3,0.08,0,47.36,1
8.3,0.56228,0,1,3,0.75,1,54.11,2
8.4,0.02646,1,0,4,0.35,0,55.59,2
2.5,0.12568,0,0,2,0.22,1,26.88,0
5.8,0.06069,0,0,5,0.82,0,36.95,1
0.7,0.19655,1,0,3,0.64,0,31.44,1
0.9,0.20055,0,1,5,0.72,1,38.26,1
10.0,0.45587,0,0,2,0.31,0,50.68,2
3.3,0.25143,0,0,4,0.75,1,26.54,0
7.5,0.2342,1,1,5,0.28,1,70.74,3
8.1,0.57166,0,1,3,0.68,1,54.1,2
8.6,0.30667,1,0,5,0.22,1,63.36,2
10.0,0.17091,0,1,1,0.63,0,48.68,1
2.4,0.08622,0,0,2,0.46,0,23.4,0
0.4,0.05987,0,1,1,0.16,0,22.67,0
4.1,0.35157,0,0,2,0.59,1,31.45,1
1.3,0.17339,1,1,2,0.01,1,44.45,1
0.2,0.15282,0,1,4,0.69,0,33.66,1
3.6,0.26731,0,0,2,0.95,0,23.81,0
7.8,0.37575,0,0,2,0.9,0,37.23,1
5.7,0.30197,0,0,3,0.98,0,36.26,1
3.1,0.24916,0,0,1,0.44,1,16.48,0
6.5,0.1016,0,1,5,0.83,0,47.4,1
2.3,0.49082,0,0,4,0.14,1,32.04,1
0.1,0.10847,0,1,2,0.02,0,28.58,0
7.6,0.18871,0,0,3,0.16,1,43.76,1
6.2,0.24259,0,0,2,0.44,1,32.68,1
7.6,0.45857,0,0,4,0.16,0,52.77,2
0.4,0.15988,0,0,1,0.45,0,11.07,0
8.4,0.3991,0,0,5,0.24,1,49.22,1
6.2,0.04495,0,1,3,0.22,1,41.29,1
5.6,0.00343,0,1,4,0.92,1,34.47,1
6.2,0.3094,0,0,4,0.52,0,41.38,1
8.6,0.20001,0,0,2,0.67,0,40.3,1
5.9,0.21041,0,0,3,0.4,1,32.22,1
5.8,0.52414,0,1,5,0.17,1,56.81,2
9.9,0.06707,0,1,4,0.71,0,58.02,2
7.6,0.39671,0,1,5,0.44,0,57.01,2
4.4,0.10521,1,0,1,0.84,0,31.51,1
7.1,0.04863,0,0,2,0.08,0,33.53,1
3.9,0.07207,0,0,5,0.38,1,27.94,0
2.3,0.18267,0,1,4,0.16,1,41.55,1
6.0,0.08085,0,1,4,0.69,1,42.03,1
9.3,0.04632,0,0,4,0.34,0,47.23,1
9.3,0.15872,0,1,4,0.42,1,57.51,2
3.4,0.28132,0,0,3,0.35,1,30.81,1
5.3,0.34969,0,1,2,0.84,1,43.05,1
2.1,0.2263,0,1,3,0.56,1,32.22,1
10.0,0.45623,0,0,3,0.71,1,47.35,1
9.8,0.13672,1,1,2,0.74,0,65.15,2
6.5,0.12844,0,0,4,0.71,0,42.51,1
8.0,0.17145,0,1,1,0.94,1,38.43,1
7.2,0.16667,1,0,3,0.65,1,47.12,1
5.9,0.26298,0,0,5,0.65,1,38.41,1
0.5,0.19952,0,0,3,0.81,1,11.3,0
4.5,0.17046,0,1,2,0.02,0,37.91,1
6.7,0.13848,1,0,3,0.06,0,50.26,2
6.8,0.12346,1,0,5,0.25,1,55.61,2
3.7,0.15287,0,0,3,0.18,1,27.68,0
9.4,0.32008,0,0,1,0.15,0,43.72,1
1.7,0.48029,0,1,3,0.55,0,45.7,1
5.0,0.26388,0,1,5,0.2,0,52.44,2
6.9,0.1257,0,1,4,0.97,0,47.67,1
7.0,0.19812,1,1,1,0.18,0,62.62,2
6.5,0.23502,0,0,4,0.17,1,37.48,1
2.8,0.11929,0,0,3,0.57,1,18.62,0
1.6,0.09681,0,0,5,0.18,0,29.28,0
6.4,0.15653,0,1,2,0.67,0,41.8,1
6.0,0.62829,0,0,1,0.86,1,30.57,1
1.8,0.54655,0,1,5,0.44,0,40.73,1
7.1,0.12289,0,1,2,0.35,1,43.71,1
4.6,0.03,0,0,1,0.69,0,16.03,0
6.7,0.65196,0,1,1,0.81,1,44.12,1
8.4,0.27554,0,0,3,0.3,1,43.51,1
1.7,0.46299,0,0,2,0.81,0,23.2,0
0.2,0.57499,0,0,1,0.77,1,12.54,0
7.8,0.23174,0,0,1,0.48,1,32.1,1
6.1,0.09841,0,0,3,0.46,1,32.29,1
7.0,0.19609,0,1,3,0.1,1,51.48,2
8.4,0.04029,0,1,4,0.09,0,55.53,2
8.0,0.38504,0,1,4,0.75,0,60.19,2
9.6,0.48517,0,0,4,0.59,0,50.24,2
5.4,0.00574,0,0,4,0.49,1,34.55,1
4.9,0.27086,0,0,2,0.05,0,31.86,1
4.0,0.1475,0,1,2,0.06,0,36.98,1
1.5,0.22688,0,0,5,0.92,1,24.78,0
5.7,0.20245,0,0,5,0.66,0,39.96,1
2.8,0.19149,0,0,4,0.39,0,27.99,0
9.2,0.36363,0,1,4,0.7,0,60.89,2
5.8,0.21165,0,0,2,0.26,1,31.79,1
5.9,0.16976,0,1,4,0.41,1,44.5,1
3.5,0.11511,0,1,4,0.46,0,41.4,1
0.5,0.66515,0,0,2,0.03,0,31.74,1
0.3,0.10183,0,0,1,0.99,0,11.07,0
4.2,0.01002,0,0,2,0.38,1,21.12,0
0.8,0.09966,0,0,4,0.97,0,17.41,0
6.1,0.29111,0,0,2,0.65,1,30.88,1
8.8,0.03827,0,1,5,0.93,1,47.32,1
8.8,0.2578,1,1,1,0.05,1,60.75,2
6.6,0.37355,0,0,1,0.96,0,33.87,1
2.1,0.08758,0,1,1,0.41,0,27.45,0
8.6,0.11717,0,1,2,0.14,1,48.77,1
8.9,0.12131,0,1,5,0.67,0,55.51,2
2.0,0.0318,1,1,3,0.76,1,40.96,1
7.4,0.44543,0,0,5,0.65,0,50.97,2
2.9,0.0915,0,0,5,0.54,1,28.39,0
8.0,0.10158,0,0,4,0.82,1,34.31,1
10.0,0.20407,0,1,5,0.69,1,53.14,2
0.3,0.56675,1,0,2,0.62,1,31.78,1
9.0,0.37339,0,1,1,0.32,0,54.54,2
6.2,0.10491,0,0,5,0.88,0,37.22,1
9.7,0.23659,0,0,5,0.69,1,44.28,1
4.7,0.15254,0,0,3,0.9,0,30.54,1
8.5,0.2957,0,0,3,0.61,0,38.91,1
0.6,0.13219,0,0,4,0.8,1,19.43,0
3.4,0.06819,0,1,3,0.88,1,28.96,0
0.7,0.07457,0,0,4,0.54,0,21.43,0
9.8,0.12845,0,1,2,0.72,0,47.25,1
8.2,0.29023,1,1,1,0.58,0,64.84,2
8.5,0.06599,0,1,3,0.72,0,49.2,1
9.4,0.01954,0,0,2,0.52,0,31.06,1
0.9,0.07352,0,0,1,0.8,1,9.74,0
3.9,0.03973,0,0,2,0.81,0,20.85,0
0.7,0.07323,0,0,2,0.05,0,18.58,0
2.1,0.08346,0,0,2,0.2,0,21.3,0
2.3,0.225,0,1,2,0.19,1,30.95,1
4.7,0.07182,0,1,3,0.32,1,37.9,1
2.7,0.17151,0,1,5,0.48,0,38.71,1
1.0,0.30226,0,1,2,0.74,0,36.07,1
1.7,0.00343,1,0,1,0.3,1,25.41,0
1.5,0.10914,0,1,3,0.65,1,29.12,0
9.7,0.55256,0,0,3,0.86,1,46.36,1
7.6,0.09191,0,1,2,0.45,1,39.14,1
9.7,0.17394,0,0,2,0.66,0,41.61,1
4.4,0.00587,0,1,1,0.85,1,24.8,0
2.8,0.79556,0,0,5,0.72,1,43.37,1
8.0,0.18145,0,1,3,0.1,1,54.06,2
3.3,0.21085,0,0,2,0.15,0,29.39,0
3.0,0.07705,1,0,4,0.08,1,39.87,1
2.3,0.11194,0,0,4,0.28,1,23.36,0
1.3,0.31931,0,1,2,0.0,1,35.68,1
2.6,0.07962,0,0,4,0.61,1,24.68,0
3.6,0.21348,0,0,1,0.03,0,27.82,0
6.7,0.26148,0,0,5,0.45,0,44.37,1
0.6,0.14119,1,1,4,0.49,1,44.96,1
2.1,0.1782,0,0,1,0.65,1,14.45,0
8.1,0.23368,1,1,4,0.24,1,74.64,3
1.5,0.05092,0,1,1,0.87,1,19.09,0
3.4,0.13429,0,1,1,0.5,0,34.88,1
8.6,0.26541,0,0,2,0.69,1,35.14,1
1.5,0.42201,0,0,3,0.35,1,31.42,1
0.8,0.36924,0,0,1,0.27,0,20.87,0
4.8,0.10025,1,1,4,0.58,1,50.85,2
3.0,0.03121,0,0,2,0.9,1,10.83,0
5.6,0.12999,0,0,3,0.72,1,25.3,0
8.0,0.41806,0,0,5,0.7,0,48.81,1
1.4,0.17381,0,1,1,0.49,1,20.33,0
5.8,0.01326,0,1,1,0.01,1,34.74,1
5.1,0.21489,0,1,3,0.88,1,39.41,1
1.4,0.22995,0,1,2,0.24,0,32.39,1
6.2,0.31861,1,1,5,0.47,0,68.57,2
2.7,0.12613,0,0,3,0.19,1,21.26,0
4.9,0.10583,0,1,5,0.81,0,42.66,1
0.8,0.51149,0,0,3,0.03,1,33.02,1
4.6,0.1936,0,0,2,0.66,1,26.75,0
3.1,0.32326,0,1,4,0.05,1,45.21,1
8.2,0.12377,0,0,3,0.92,1,36.4,1
0.6,0.22167,0,0,4,0.05,1,29.97,0
4.2,0.31075,0,1,3,0.89,0,41.03,1
4.6,0.3799,0,1,1,0.25,0,46.45,1
7.3,0.2032,0,1,2,0.65,1,38.29,1
5.7,0.4985,0,0,1,0.64,1,36.01,1
6.7,0.16668,0,0,5,0.85,1,34.92,1
7.8,0.53676,0,0,4,0.4,1,51.06,2
8.6,0.4071,0,0,5,0.53,1,53.07,2
3.1,0.36242,0,0,4,0.39,0,33.06,1
5.4,0.3097,1,0,4,0.66,0,52.31,2
8.4,0.2683,0,0,2,0.31,0,44.16,1
9.9,0.17942,0,0,5,0.64,1,44.99,1
8.9,0.25102,0,0,1,0.75,1,35.78,1
3.7,0.51872,0,1,1,0.13,1,36.4,1
2.0,0.37538,0,1,4,0.38,1,37.46,1
4.9,0.23268,0,0,4,0.04,1,40.05,1
7.4,0.37418,0,1,4,0.09,0,56.42,2
4.9,0.18308,0,0,5,0.05,0,42.81,1
4.8,0.11169,0,1,5,0.71,0,49.19,1
8.4,0.07629,0,0,3,0.98,1,35.72,1
3.6,0.36734,1,1,1,0.61,1,42.58,1
8.6,0.26669,0,0,4,0.34,0,43.17,1
4.1,0.21795,1,1,5,0.77,0,53.47,2
3.3,0.03188,0,1,3,0.51,0,31.4,1
4.5,0.17735,0,0,4,0.14,1,35.12,1
7.6,0.24515,1,0,1,0.9,0,43.9,1
1.3,0.0912,0,0,5,0.13,0,28.2,0
2.0,0.31394,0,0,4,0.98,1,28.78,0
9.5,0.02181,0,0,2,0.36,1,33.99,1
1.8,0.01946,0,0,2,0.73,1,12.98,0
5.7,0.2339,1,0,1,0.96,1,42.5,1
5.8,0.02582,0,0,3,0.59,1,23.55,0
4.9,0.10234,1,1,3,0.98,1,50.1,2
6.4,0.07323,0,0,2,0.18,1,28.14,0
2.3,0.24487,0,0,1,0.06,0,26.06,0
5.5,0.00806,0,0,2,0.64,1,23.31,0
3.7,0.13194,0,0,4,0.1,0,36.91,1
6.6,0.4243,0,0,5,0.51,0,45.02,1
1.4,0.51531,0,0,3,0.78,1,24.08,0
5.7,0.05123,0,0,5,0.83,1,30.66,1
1.9,0.0328,0,0,1,0.56,0,16.3,0
2.8,0.22557,0,1,1,0.47,0,36.12,1
2.2,0.11244,0,1,2,0.09,0,31.17,1
1.8,0.00443,0,1,1,0.68,0,24.37,0
8.3,0.13818,1,0,5,0.75,0,54.86,2
2.9,0.38486,0,0,3,0.39,0,36.26,1
9.3,0.02472,0,1,2,0.54,0,48.37,1
9.7,0.1758,0,1,1,0.25,1,43.1,1
5.7,0.35261,0,0,4,0.39,0,41.49,1
1.4,0.26218,0,1,1,0.59,1,22.4,0
3.7,0.3394,0,1,3,0.76,0,45.14,1
8.0,0.40117,0,1,2,0.06,1,53.1,2
3.7,0.09056,0,0,3,0.49,0,28.12,0
0.9,0.36815,0,0,5,0.07,1,27.42,0
5.6,0.20494,0,0,5,0.9,0,39.05,1
8.5,0.03972,0,1,1,0.64,1,34.44,1
8.0,0.34977,0,1,4,0.48,1,60.16,2
1.8,0.50701,0,1,4,0.04,0,48.65,1
6.7,0.11517,0,1,2,0.53,1,40.44,1
2.2,0.22166,1,0,1,0.63,0,33.52,1
2.2,0.49283,0,0,3,0.42,0,36.27,1
8.7,0.32077,0,0,1,0.29,1,37.47,1
2.5,0.20774,0,1,4,0.96,0,38.24,1
2.6,0.07792,1,0,3,0.21,1,39.71,1
0.0,0.36317,0,1,3,0.97,1,24.45,0
8.7,0.05613,0,0,4,0.01,0,46.29,1
7.9,0.03105,0,1,2,0.52,1,41.65,1
6.3,0.3327,0,0,1,0.35,1,30.46,1
7.5,0.12852,0,1,4,0.28,1,55.51,2
1.5,0.05774,0,1,1,0.35,0,25.33,0
4.6,0.15639,0,0,1,0.62,0,26.59,0
3.5,0.00728,0,0,2,0.41,1,16.36,0
0.9,0.14893,0,1,3,0.18,1,30.05,1
4.9,0.13561,0,0,4,0.63,0,36.97,1
9.2,0.25634,0,0,3,0.95,0,40.8,1
0.4,0.45858,0,0,5,0.98,0,28.58,0
2.9,0.15463,0,1,4,0.82,0,39.12,1
2.1,0.23526,0,1,1,0.18,1,34.55,1
2.4,0.28215,0,0,4,0.2,1,31.64,1
9.1,0.14701,0,0,3,0.01,1,43.03,1
4.7,0.07281,1,1,5,0.8,0,61.57,2
4.7,0.15404,0,0,2,0.17,1,24.08,0
7.6,0.11117,0,0,4,0.95,1,34.97,1
1.5,0.04899,0,0,2,0.45,0,15.76,0
4.9,0.13959,1,0,5,0.05,1,55.95,2
4.3,0.44392,1,0,3,0.64,0,50.83,2
6.0,0.27049,0,1,5,0.11,1,54.22,2
10.0,0.17879,0,1,4,0.66,1,52.31,2
7.7,0.18257,1,0,1,0.68,0,42.52,1
4.0,0.18598,0,0,3,0.05,1,37.12,1
8.3,0.04581,0,0,4,0.88,1,30.62,1
1.7,0.10157,0,0,3,0.39,1,23.83,0
0.3,0.47063,0,1,3,0.32,1,36.57,1
2.0,0.21667,0,0,4,0.66,1,28.21,0
3.4,0.41465,0,0,1,0.94,0,22.02,0
5.1,0.58572,1,0,1,0.97,0,48.91,1
6.2,0.09846,0,0,4,0.83,1,26.92,0
9.1,0.34544,0,0,3,0.77,0,49.25,1
5.1,0.07611,0,0,3,0.54,1,31.09,1
5.0,0.15,0,1,4,0.54,0,41.53,1
0.5,0.41031,0,0,4,0.61,1,27.43,0
0.3,0.50907,1,1,5,0.98,1,55.52,2
5.5,0.21844,1,0,1,0.03,1,46.16,1
4.4,0.21626,0,1,3,0.47,1,40.13,1
8.4,0.03826,0,0,3,0.21,0,40.31,1
1.6,0.64716,0,0,3,0.61,1,33.3,1
0.2,0.4033,0,0,3,0.58,0,23.86,0
4.5,0.03536,0,0,4,0.94,1,26.61,0
2.4,0.22016,0,0,1,0.35,1,18.69,0
0.5,0.1009,0,0,5,0.78,0,29.34,0
7.2,0.42403,0,0,4,0.72,1,45.2,1
1.1,0.23696,0,1,3,0.44,1,28.02,0
6.1,0.35749,0,0,1,0.53,0,34.78,1
2.8,0.37176,0,0,1,0.46,0,28.62,0
1.7,0.062,0,0,2,0.94,1,15.06,0
3.8,0.22088,0,1,4,0.11,0,47.94,1
8.0,0.46783,0,1,1,0.59,1,50.18,2
3.9,0.15075,0,0,4,0.38,1,31.48,1
7.5,0.01752,0,0,1,0.1,1,28.55,0
1.3,0.3413,1,0,1,0.24,1,35.8,1
7.7,0.22106,0,1,5,0.61,1,55.76,2
2.4,0.55659,0,0,2,0.75,1,32.36,1
6.8,0.09559,1,1,4,0.51,0,65.21,2
5.7,0.28528,0,1,3,0.51,1,42.24,1
9.3,0.34462,0,1,5,0.64,0,63.86,2
3.9,0.0342,0,1,3,0.15,1,35.19,1
0.7,0.11183,0,1,5,0.18,1,34.31,1
0.2,0.05161,0,0,1,0.96,1,6.0,0
8.3,0.43745,0,0,2,0.96,0,43.14,1
5.2,0.19946,0,1,4,0.78,0,47.17,1
7.8,0.13822,0,0,1,0.79,1,23.81,0
2.3,0.09115,1,1,3,0.09,1,49.56,1
3.5,0.2772,0,0,2,0.37,1,31.08,1
0.3,0.26203,0,0,3,0.45,0,16.03,0
9.6,0.0351,0,1,4,0.14,0,59.81,2
6.7,0.05054,0,0,3,0.02,1,29.8,0
9.3,0.10576,0,1,2,0.22,1,45.65,1
2.7,0.25283,0,1,4,0.97,0,36.75,1
6.1,0.26868,0,1,1,0.93,1,38.41,1
6.8,0.24822,0,0,1,0.23,0,26.42,0
3.2,0.00142,1,1,2,0.94,1,42.69,1
8.5,0.22623,0,0,2,0.34,0,42.86,1
9.5,0.14059,0,0,2,0.76,0,36.83,1
8.8,0.18457,0,0,3,0.38,1,42.51,1
7.4,0.06805,0,0,1,0.05,1,33.24,1
2.8,0.22291,0,0,1,0.97,1,15.82,0
2.8,0.09854,0,0,1,0.27,1,14.2,0
9.6,0.09732,1,1,4,0.05,0,72.74,3
0.1,0.04692,1,1,5,0.99,0,48.97,1
7.2,0.07508,0,1,2,0.64,1,37.33,1
7.1,0.08411,0,0,4,0.45,0,33.84,1
6.2,0.3451,0,0,5,0.82,0,42.8,1
9.9,0.28121,0,0,2,0.72,1,39.28,1
3.1,0.22889,1,1,5,0.43,1,58.49,2
3.4,0.17067,0,1,1,0.15,1,25.16,0
0.8,0.53773,0,1,5,0.66,1,43.69,1
4.4,0.25953,0,1,2,0.89,0,42.71,1
2.6,0.06816,0,0,4,0.52,0,23.4,0
3.4,0.18313,0,0,2,0.56,0,22.3,0
8.3,0.16915,0,0,5,0.85,0,43.89,1
9.4,0.07903,0,0,5,0.95,1,35.12,1
1.9,0.41786,1,1,2,0.54,1,49.66,1
3.7,0.39223,0,1,1,0.05,1,35.32,1
9.3,0.03843,0,0,2,0.15,0,40.56,1
0.6,0.18793,0,1,2,0.95,0,21.54,0
0.9,0.58088,0,0,5,0.83,0,42.54,1
1.6,0.44391,0,1,3,0.63,1,35.01,1
6.0,0.6366,0,0,5,0.47,0,55.83,2
1.5,0.42494,0,0,5,0.41,1,36.55,1
9.7,0.11328,0,1,5,0.04,0,53.33,2
4.5,0.1281,1,0,5,0.87,1,49.12,1
5.0,0.24637,0,0,1,0.37,1,24.44,0
2.5,0.27086,0,1,4,0.52,0,43.63,1
4.7,0.14247,1,0,2,0.54,0,48.21,1
6.6,0.13726,0,1,2,0.84,0,44.18,1
7.5,0.50658,1,1,3,0.2,1,72.76,3
7.5,0.15193,0,0,1,0.48,0,28.16,0
5.8,0.62229,1,0,3,0.96,1,55.91,2
9.0,0.44557,0,0,2,0.71,1,38.56,1
8.2,0.5432,0,0,3,0.4,1,46.48,1
7.6,0.24484,0,0,5,0.63,1,41.75,1
0.6,0.10835,1,0,5,0.59,1,38.35,1
0.1,0.13477,0,1,2,0.55,0,24.03,0
2.1,0.16987,0,0,3,0.53,1,22.18,0
6.6,0.36434,0,0,5,0.72,0,47.6,1
4.1,0.13691,1,1,1,0.88,0,44.57,1
4.0,0.17233,0,1,1,0.41,0,28.21,0
8.8,0.26968,0,1,2,0.98,1,48.0,1
9.0,0.62717,0,1,4,0.4,0,68.09,2
9.1,0.25409,0,0,4,0.68,0,45.53,1
3.1,0.11067,0,1,3,0.27,1,34.67,1
6.9,0.11678,0,0,2,0.75,0,34.21,1
2.7,0.17591,0,1,2,0.39,0,33.41,1
1.9,0.49934,0,0,5,0.38,0,35.7,1
1.8,0.12622,0,0,5,0.2,1,26.23,0
3.4,0.27034,0,1,1,0.07,1,35.53,1
4.3,0.48949,0,0,1,0.35,0,34.15,1
8.3,0.3084,0,0,2,0.6,1,32.6,1
1.2,0.38944,0,1,5,0.05,1,49.34,1
7.3,0.07549,0,0,5,0.19,0,52.47,2
5.3,0.30039,0,0,2,0.25,0,39.97,1
2.9,0.02957,0,0,1,0.19,0,20.83,0
4.9,0.38272,0,1,5,0.1,0,54.75,2
3.0,0.47756,1,0,4,0.18,1,54.86,2
6.0,0.35486,0,1,3,0.94,0,46.83,1
4.3,0.02359,0,0,1,0.78,1,15.23,0
1.6,0.65594,0,0,4,0.92,1,31.3,1
1.2,0.0211,1,0,2,0.89,0,25.07,0
5.5,0.33577,0,1,2,0.4,0,46.37,1
9.0,0.08984,1,0,3,0.37,0,58.52,2
3.4,0.03154,0,0,5,0.78,1,25.3,0
7.3,0.01355,0,0,4,0.9,0,33.44,1
6.6,0.21228,0,1,5,0.75,1,50.41,2
9.3,0.10347,0,1,4,0.58,1,47.21,1
8.2,0.07841,0,0,2,0.56,1,29.23,0
5.7,0.29747,0,0,2,0.46,1,28.51,0
6.6,0.16814,0,1,5,0.45,1,52.94,2
9.0,0.07785,0,1,5,0.06,0,61.45,2
4.0,0.03727,0,0,4,0.22,0,21.89,0
3.3,0.25944,0,1,3,0.14,1,38.12,1
0.1,0.03294,0,1,2,0.47,1,24.55,0
8.3,0.09856,0,0,4,0.29,1,37.13,1
8.0,0.13437,0,0,1,0.38,1,22.96,0
1.0,0.54497,0,0,5,0.97,1,34.03,1
5.8,0.53995,0,1,2,0.76,0,50.0,1
4.6,0.11208,0,1,3,0.14,0,39.58,1
1.2,0.64123,0,0,3,0.81,0,29.57,0
9.8,0.36975,0,0,1,0.44,1,40.22,1
2.1,0.52501,0,1,5,0.85,1,43.3,1
0.7,0.19807,0,0,5,0.76,1,22.99,0
5.9,0.10714,0,0,4,0.52,1,38.84,1
7.4,0.13985,0,0,1,0.72,1,26.23,0
0.3,0.01149,0,0,3,0.94,1,7.76,0
6.6,0.17012,0,0,3,0.54,1,34.34,1
5.3,0.10143,0,1,1,0.15,1,35.86,1
1.0,0.21276,1,1,1,0.57,1,42.12,1
1.7,0.02088,0,1,3,0.05,1,29.28,0
5.7,0.32917,0,1,1,0.45,0,43.82,1
3.0,0.09039,0,0,1,0.22,0,17.49,0
9.4,0.15689,0,0,5,0.65,0,49.72,1
8.2,0.14969,0,0,1,0.4,0,32.86,1
9.8,0.38679,0,0,3,0.51,1,45.62,1
2.6,0.13725,0,1,2,0.89,1,27.74,0
9.7,0.05114,0,0,3,0.46,0,42.53,1
4.3,0.31504,0,0,5,1.0,0,34.13,1
3.5,0.43042,0,0,1,0.14,0,29.83,0
0.5,0.06336,0,0,3,0.86,1,12.29,0
0.5,0.33745,0,0,4,0.36,1,30.41,1
6.9,0.0014,0,0,2,0.8,1,28.31,0
4.6,0.34983,0,0,3,0.5,0,32.31,1
2.3,0.14609,1,0,1,0.52,0,38.15,1
6.1,0.06067,0,0,5,0.53,0,35.84,1
2.5,0.59741,0,1,2,0.24,0,46.49,1
5.8,0.4097,0,0,4,0.05,0,42.2,1
3.6,0.28218,0,1,4,0.65,1,41.12,1
8.2,0.11526,0,0,1,0.03,0,36.91,1
8.2,0.15048,0,0,4,0.73,1,39.57,1
4.8,0.4676,0,1,2,0.32,0,43.97,1
3.5,0.42664,0,1,4,0.4,1,44.29,1
3.6,0.30987,0,0,1,0.75,1,15.98,0
8.1,0.32918,0,1,4,0.15,1,59.97,2
3.3,0.07292,0,1,5,0.65,0,41.67,1
2.1,0.09016,1,1,2,0.57,0,48.43,1
0.8,0.22197,0,0,1,0.42,0,18.12,0
4.7,0.08321,0,1,1,0.63,0,30.7,1
4.8,0.2562,0,0,5,0.36,0,42.66,1
8.4,0.0437,0,0,1,0.26,1,26.94,0
2.2,0.23212,0,1,3,0.09,0,37.95,1
3.8,0.3213,0,1,1,0.59,1,32.89,1
8.1,0.58527,0,1,4,0.96,1,59.79,2
8.2,0.1146,0,0,1,0.81,1,26.25,0
3.8,0.36721,0,0,2,0.09,1,24.4,0
4.6,0.58256,0,0,1,0.22,0,37.4,1
3.0,0.20218,0,0,2,0.65,0,27.18,0
9.3,0.22838,0,0,5,0.0,1,52.25,2
1.2,0.46582,0,0,3,0.56,1,27.86,0
9.3,0.41085,0,0,4,0.97,1,44.8,1
6.8,0.15892,0,1,3,0.35,1,44.28,1
5.3,0.26056,0,0,3,0.89,1,28.68,0
0.3,0.07601,1,0,5,0.11,1,38.63,1
4.8,0.33216,0,1,1,0.05,0,44.91,1
4.1,0.04055,0,0,3,0.35,1,24.87,0
1.6,0.03851,1,0,4,0.58,1,34.09,1
6.6,0.27225,0,0,2,0.83,0,36.17,1
9.7,0.11435,0,1,5,0.19,0,63.22,2
5.6,0.15239,0,0,5,0.26,0,43.7,1
7.1,0.17049,0,0,3,0.48,1,39.75,1
0.7,0.24875,1,1,1,0.35,1,42.46,1
4.2,0.32654,0,1,3,0.0,0,46.83,1
1.2,0.37014,0,1,2,0.33,0,37.49,1
6.1,0.21088,0,0,3,0.26,0,36.12,1
9.4,0.38332,0,0,1,0.51,1,36.63,1
6.6,0.1965,0,1,5,0.12,1,51.43,2
0.8,0.19346,0,1,4,0.69,1,38.25,1
3.5,0.39049,0,0,5,0.29,1,36.66,1
5.5,0.25375,0,1,1,0.23,1,44.26,1
4.0,0.14874,0,0,5,0.3,0,34.57,1
8.3,0.4105,0,0,3,0.46,1,44.54,1
8.1,0.15318,0,1,3,0.89,1,49.69,1
6.1,0.03803,1,0,3,0.69,1,39.73,1
3.7,0.04532,0,0,3,0.18,1,22.11,0
2.6,0.54054,0,1,1,0.67,0,34.77,1
1.1,0.25913,0,0,2,0.15,0,20.37,0
3.5,0.12239,0,0,3,0.32,0,28.4,0
4.1,0.19361,0,1,5,0.46,1,41.22,1
6.8,0.44608,0,1,1,0.64,1,44.58,1
6.6,0.15899,0,0,1,0.47,1,23.86,0
0.7,0.43108,0,0,4,0.58,1,27.15,0
4.0,0.26638,0,1,3,0.68,0,37.88,1
1.8,0.36186,1,0,5,0.96,1,45.54,1
1.6,0.04907,0,0,2,0.91,0,15.21,0
8.3,0.29923,0,0,2,0.51,1,39.24,1
0.4,0.04859,0,0,5,0.74,0,21.86,0
4.2,0.54294,0,0,1,0.44,1,29.94,0
1.7,0.28482,0,0,5,0.97,0,30.62,1
8.8,0.10853,0,0,4,0.08,1,39.81,1
5.6,0.02827,0,1,1,0.21,0,33.95,1
2.3,0.33348,0,0,4,0.26,1,34.43,1
5.0,0.04008,0,0,2,0.28,1,26.95,0
7.3,0.16762,0,1,3,0.27,1,47.69,1
9.6,0.2478,0,1,4,0.6,1,51.02,2
2.2,0.28838,0,1,5,0.89,1,35.94,1
8.9,0.38665,0,0,3,0.07,0,54.28,2
9.3,0.27823,0,0,2,0.83,0,41.26,1
9.2,0.45908,0,0,5,0.3,1,53.4,2
6.4,0.36847,1,1,4,0.59,0,71.27,3
6.3,0.17156,0,0,5,0.66,1,42.62,1
4.0,0.42674,0,1,3,0.56,1,45.58,1
7.5,0.06908,0,1,5,0.09,0,57.33,2
5.3,0.10709,0,0,4,0.48,1,30.85,1
6.8,0.14186,0,1,1,0.06,0,46.12,1
4.3,0.43119,0,0,2,0.0,1,39.44,1
7.3,0.02258,0,0,2,0.2,1,30.4,1
8.2,0.25641,0,0,3,0.3,1,39.38,1
1.5,0.00271,0,0,5,0.69,0,23.95,0
8.3,0.12689,0,0,5,0.38,1,43.67,1
5.4,0.01567,0,0,4,0.49,1,25.41,0
8.4,0.43315,0,1,2,0.6,0,56.6,2
4.3,0.19909,0,0,2,0.03,0,32.14,1
3.8,0.4144,0,0,3,0.35,1,29.28,0
9.2,0.30869,0,0,2,0.43,0,43.75,1
2.5,0.06059,1,1,4,0.26,1,47.03,1
8.4,0.0836,0,0,4,0.38,1,37.18,1
4.8,0.27545,0,1,2,0.49,1,44.28,1
5.1,0.18676,0,1,3,0.59,1,40.36,1
3.1,0.11929,1,1,4,0.29,1,51.47,2
5.7,0.57599,0,0,3,0.7,0,37.59,1
3.3,0.163,0,0,5,0.86,1,29.23,0
0.4,0.01118,0,0,2,0.13,1,13.46,0
2.7,0.47376,0,1,5,0.29,1,47.57,1
0.1,0.34339,0,0,5,0.35,1,26.44,0
9.8,0.31141,0,0,2,0.11,1,48.34,1
9.7,0.2143,0,1,5,0.61,0,63.65,2
4.0,0.05211,0,0,2,0.21,0,27.64,0
7.3,0.62975,0,1,3,0.91,1,48.41,1
3.5,0.05722,0,0,5,0.14,0,33.51,1
6.7,0.08435,0,0,5,0.73,0,43.15,1
8.1,0.14153,0,0,4,0.66,0,39.71,1
9.5,0.07216,0,0,5,0.47,0,45.13,1
4.0,0.57913,0,0,1,0.52,1,28.39,0
7.8,0.2283,0,1,5,0.16,1,60.06,2
2.7,0.0158,0,1,5,0.03,0,37.56,1
9.9,0.04754,1,1,4,0.94,0,66.26,2
0.3,0.05467,0,0,1,0.04,0,9.98,0
6.0,0.03546,0,0,3,0.58,0,31.91,1
6.6,0.04384,0,0,2,0.81,0,34.67,1
6.9,0.11635,0,1,5,0.01,0,55.09,2
1.2,0.66816,1,0,3,0.38,0,50.35,2
9.4,0.12978,0,0,3,0.3,0,42.39,1
1.8,0.01236,0,0,2,0.21,1,15.94,0
6.2,0.6427,0,1,2,0.17,1,54.1,2
2.2,0.17368,0,0,3,0.38,0,28.18,0
3.1,0.39383,0,1,1,0.14,1,35.85,1
5.5,0.21062,0,0,4,0.2,0,41.25,1
4.2,0.30142,0,0,3,0.55,0,32.86,1
1.6,0.0452,0,1,2,0.24,1,28.79,0
1.7,0.25567,0,1,4,0.08,1,41.81,1
4.2,0.20652,0,1,2,0.86,0,34.23,1
7.6,0.1908,0,1,3,0.43,1,49.07,1
9.0,0.26071,1,0,4,0.83,1,58.65,2
0.8,0.58067,0,0,2,0.05,1,32.73,1
3.9,0.73283,0,1,2,0.64,0,51.98,2
1.0,0.08059,0,1,1,0.82,0,20.05,0
0.2,0.13319,0,1,2,0.7,0,31.86,1
6.6,0.14985,1,0,5,0.84,0,54.93,2
6.0,0.1084,0,1,3,0.11,0,44.46,1
1.6,0.19671,1,0,5,0.17,0,50.48,2
2.3,0.83372,0,0,3,0.16,0,45.87,1
0.2,0.23305,0,0,1,0.63,0,12.87,0
8.3,0.15929,0,1,3,1.0,1,44.47,1
9.7,0.24859,0,1,1,0.42,0,56.85,2
1.4,0.44848,1,0,4,0.91,0,42.87,1
2.3,0.12774,0,1,5,0.89,1,32.26,1
8.7,0.12867,0,0,5,0.81,1,47.56,1
9.3,0.25333,0,0,1,0.48,1,32.54,1
4.2,0.23544,0,1,5,0.32,0,46.01,1
0.5,0.23103,0,0,5,0.06,0,31.56,1
0.4,0.03278,1,0,1,0.48,0,26.58,0
5.7,0.17495,0,1,1,0.87,1,37.62,1
3.9,0.05722,0,1,2,0.48,1,36.07,1
0.3,0.04746,1,1,5,0.0,0,57.77,2
5.8,0.06243,0,1,5,0.8,0,48.87,1
0.1,0.15256,0,1,4,0.13,0,32.64,1
7.9,0.03634,0,0,5,0.16,1,37.84,1
3.1,0.24749,0,1,1,0.23,0,35.69,1
0.4,0.18769,0,1,3,0.19,0,31.16,1
5.9,0.47431,0,0,2,0.72,0,35.6,1
4.0,0.0281,0,1,1,0.94,0,25.56,0
9.7,0.19236,0,1,3,0.12,0,58.1,2
5.4,0.19122,0,1,5,0.39,1,51.12,2
2.8,0.027,0,0,1,0.6,0,12.93,0
7.1,0.06845,1,0,5,0.47,0,56.77,2
2.7,0.34013,0,1,4,0.35,0,50.58,2
9.0,0.36515,0,0,4,0.22,1,43.31,1
3.7,0.03,0,0,2,0.55,0,26.17,0
5.5,0.02819,0,0,3,0.51,0,22.52,0
0.5,0.05912,0,1,1,0.99,0,17.15,0
4.3,0.31667,0,0,2,0.46,0,27.61,0
8.3,0.064,0,1,5,0.88,1,48.38,1
8.1,0.19937,0,1,1,0.94,1,40.74,1
2.2,0.60598,0,0,1,0.33,1,30.95,1
2.3,0.3212,0,0,5,0.3,0,33.75,1
8.2,0.14037,1,0,2,0.94,0,46.82,1
9.3,0.56942,0,1,2,0.58,0,58.1,2
1.0,0.14371,0,0,4,0.19,1,20.59,0
4.5,0.02589,0,1,1,0.26,0,29.98,0
3.4,0.61823,0,1,2,0.02,1,51.8,2
8.7,0.1778,0,0,1,0.32,1,32.12,1
0.8,0.09127,0,1,4,0.62,0,31.17,1
2.1,0.43884,0,0,3,0.31,1,38.16,1
7.5,0.15933,0,0,3,0.23,0,45.11,1
0.5,0.00753,0,0,4,0.06,1,17.43,0
4.9,0.16063,0,0,1,0.85,0,22.5,0
4.4,0.02305,0,0,2,0.65,0,17.04,0
3.3,0.53416,0,0,2,0.91,0,33.6,1
3.9,0.39616,0,1,5,0.02,1,55.28,2
5.3,0.15154,0,0,2,0.92,0,26.58,0
1.6,0.21915,0,1,1,0.52,0,28.57,0
5.7,0.19083,0,0,1,0.14,1,30.45,1
8.1,0.32693,0,0,4,0.25,0,53.3,2
7.6,0.18558,0,1,5,0.14,1,58.53,2
1.5,0.1067,0,1,2,0.23,1,27.98,0
1.5,0.54764,0,0,1,0.26,1,28.49,0
2.7,0.37951,0,1,1,0.58,0,33.78,1
3.6,0.26107,0,0,3,0.26,0,36.69,1
4.1,0.15783,0,0,1,0.49,0,18.24,0
6.8,0.06406,0,1,5,0.64,0,41.49,1
0.6,0.02425,0,0,2,0.78,0,14.34,0
0.3,0.28878,0,0,3,0.88,1,16.7,0
3.9,0.04973,0,0,1,0.16,0,17.84,0
7.0,0.04529,0,0,5,0.64,0,38.13,1
1.9,0.09866,0,1,4,0.11,0,35.97,1
6.4,0.45886,0,0,2,0.23,0,39.86,1
2.6,0.2267,0,1,4,0.57,1,37.54,1
8.9,0.23851,0,0,5,0.95,0,47.89,1
9.0,0.56204,0,0,4,0.61,1,56.06,2
3.0,0.05892,0,1,2,0.88,1,26.45,0
2.3,0.20898,0,0,5,0.67,1,23.7,0
4.1,0.01902,0,1,1,0.75,1,24.28,0
2.4,0.44716,1,1,4,0.22,1,48.48,1
6.7,0.49944,1,0,3,0.49,1,59.43,2
8.3,0.13449,0,0,4,0.8,1,36.38,1
6.7,0.11817,0,0,5,0.66,0,42.14,1
8.2,0.51148,0,1,3,0.03,0,64.04,2
4.0,0.16753,0,0,5,0.67,1,31.91,1
1.6,0.17897,0,0,5,0.19,1,31.69,1
7.4,0.11587,0,0,3,0.93,1,30.09,1
3.6,0.0496,0,0,5,0.93,0,31.8,1
6.7,0.12312,1,0,3,0.84,1,41.51,1
2.7,0.39432,0,1,1,0.2,1,38.46,1
0.8,0.05534,0,1,5,0.11,0,39.01,1
9.9,0.11789,0,1,1,0.89,0,42.59,1
1.6,0.19191,0,1,2,0.48,1,28.28,0
9.9,0.08088,0,0,4,0.88,1,34.81,1
9.8,0.04003,1,1,1,0.86,0,50.41,2
7.9,0.0614,1,0,4,0.86,0,52.19,2
6.6,0.44108,0,0,3,0.23,0,45.24,1
5.8,0.1485,0,0,2,0.66,1,28.77,0
8.7,0.25954,0,0,3,0.94,0,42.42,1
2.9,0.26523,0,0,5,0.34,1,34.48,1
4.7,0.23125,0,1,4,0.66,1,46.52,1
6.2,0.44313,0,0,3,0.37,1,42.7,1
4.1,0.07438,0,1,4,0.26,1,39.58,1
4.3,0.13063,0,1,5,0.81,1,40.31,1
3.3,0.40869,0,1,5,0.19,1,54.36,2
5.6,0.07408,0,1,4,0.11,0,47.61,1
8.5,0.24376,0,0,2,0.27,1,39.28,1
2.0,0.29368,0,1,4,0.45,1,38.98,1
9.3,0.22329,0,0,4,0.8,0,48.16,1
6.9,0.37402,0,0,3,0.23,1,38.58,1
8.2,0.46971,1,0,4,0.91,0,63.08,2
5.6,0.31669,0,0,2,0.55,1,27.39,0
7.8,0.0557,0,0,2,0.71,0,29.65,0
0.2,0.1243,0,1,4,0.25,0,31.62,1
8.2,0.10946,1,0,1,0.84,0,42.17,1
0.4,0.33387,0,0,4,0.03,0,27.82,0
8.9,0.11593,0,0,3,0.21,0,44.58,1
9.9,0.00614,0,0,1,0.78,0,31.68,1
2.9,0.52061,0,0,5,0.06,1,38.4,1
2.1,0.03204,0,1,5,0.59,0,35.91,1
7.7,0.12746,1,0,1,0.72,0,46.58,1
2.5,0.3102,0,0,4,0.57,0,32.01,1
8.7,0.16826,1,0,5,0.1,1,64.01,2
1.0,0.18403,0,0,3,0.6,1,14.04,0
1.3,0.81137,0,0,5,0.61,0,48.51,1
9.8,0.12618,1,0,3,0.49,0,58.87,2
6.7,0.52887,0,0,1,0.36,0,37.79,1
8.5,0.14308,0,0,3,0.24,1,36.51,1
3.2,0.43658,1,0,2,0.08,0,52.5,2
6.8,0.02708,0,1,2,0.04,0,37.97,1
5.9,0.07871,0,0,2,0.79,0,28.0,0
6.0,0.422,0,1,2,0.53,1,35.32,1
6.8,0.10641,0,1,1,0.15,1,33.36,1
5.8,0.70797,0,0,3,0.09,1,43.41,1
4.3,0.25973,0,0,4,0.09,0,33.85,1
2.8,0.25367,0,1,2,0.14,1,34.55,1
7.7,0.14558,1,0,2,0.03,1,50.06,2
2.3,0.03727,0,0,5,0.77,0,22.88,0
6.9,0.17766,0,1,2,0.37,1,38.74,1
2.3,0.00748,0,1,4,0.29,1,37.04,1
6.3,0.38369,0,0,4,0.46,0,44.3,1
7.5,0.09615,1,1,5,0.31,1,63.04,2
2.2,0.25904,0,0,1,0.7,0,16.25,0
0.6,0.30989,0,0,1,0.3,0,20.43,0
1.3,0.1114,0,1,3,0.62,0,34.11,1
6.1,0.25921,0,1,4,0.37,0,49.29,1
8.5,0.13223,0,1,4,0.41,1,52.57,2
0.4,0.13996,0,1,2,0.78,1,27.25,0
7.3,0.24125,0,0,2,0.52,1,29.92,0
3.4,0.13735,0,0,2,0.41,1,29.0,0
4.8,0.56683,0,0,3,0.33,1,38.65,1
9.3,0.04578,0,1,4,0.66,1,48.29,1
3.3,0.1786,0,0,2,0.63,0,29.84,0
4.7,0.05111,0,0,2,0.08,0,30.49,1
0.1,0.70613,1,0,4,0.67,0,54.55,2
0.8,0.52153,1,1,2,0.45,0,55.13,2
2.6,0.48464,0,1,5,0.97,0,43.83,1
0.3,0.00324,0,0,5,0.47,0,19.46,0
6.3,0.24785,0,0,1,0.94,0,24.59,0
4.3,0.17656,0,0,4,0.8,1,27.52,0
5.5,0.42582,0,0,5,0.97,1,37.4,1
1.7,0.18605,0,0,4,0.21,1,30.82,1
3.0,0.15505,0,1,3,0.33,0,38.54,1
6.6,0.30533,0,1,4,0.59,0,51.2,2
9.7,0.3339,0,0,1,0.1,1,46.81,1
0.5,0.18966,0,0,1,0.71,0,9.08,0
8.9,0.37891,1,0,3,0.27,1,63.61,2
5.8,0.16982,0,0,4,0.15,0,41.36,1
5.6,0.26391,0,0,4,0.06,1,41.0,1
5.0,0.66685,0,0,5,0.42,0,51.74,2
0.7,0.17461,0,0,5,0.13,0,39.0,1
0.9,0.34646,0,1,1,0.5,1,23.0,0
6.0,0.3333,0,1,4,0.41,0,50.21,2
3.4,0.14799,0,0,2,0.87,0,20.91,0
9.2,0.24417,0,1,5,0.07,1,56.29,2
4.1,0.12559,0,0,4,0.86,1,29.05,0
1.4,0.09043,0,0,3,0.71,1,19.27,0
7.1,0.15299,1,1,5,0.65,0,71.43,3
2.9,0.04838,0,0,1,0.98,1,12.96,0
5.3,0.31652,1,1,1,0.05,1,50.64,2
7.0,0.18826,0,1,1,0.49,1,43.95,1
9.0,0.6561,0,0,1,0.73,1,41.49,1
7.9,0.10603,0,0,4,0.53,0,39.81,1
6.8,0.1817,0,0,4,0.32,1,41.77,1
6.8,0.28069,1,0,5,0.03,0,62.14,2
9.5,0.18221,0,0,2,0.65,1,33.88,1
3.0,0.19687,0,1,1,0.87,0,27.23,0
0.0,0.33633,0,0,2,0.72,0,20.15,0
2.7,0.23113,0,0,1,0.05,1,23.93,0
2.2,0.03249,0,0,5,0.7,1,24.39,0
6.6,0.04692,1,0,3,0.74,1,42.9,1
6.3,0.59672,0,0,1,0.66,0,41.22,1
5.9,0.01868,1,1,3,0.59,1,51.23,2
0.2,0.08518,0,1,1,0.7,1,21.68,0
7.3,0.52595,0,0,2,0.58,1,36.49,1
3.2,0.1954,0,1,1,0.48,1,34.49,1
6.7,0.53683,0,1,2,0.54,0,46.46,1
5.6,0.29676,0,0,3,0.07,0,38.46,1
3.4,0.11301,0,0,4,0.53,0,27.23,0
1.3,0.18233,0,1,3,0.7,1,25.95,0
0.9,0.02101,1,1,4,0.49,1,39.92,1
8.3,0.25518,0,0,5,0.56,1,42.87,1
9.2,0.27367,0,1,5,0.76,1,58.65,2
6.5,0.41863,0,1,5,0.14,0,55.17,2
1.0,0.37704,0,1,5,0.75,1,44.31,1
4.0,0.2857,0,1,1,0.37,1,33.46,1
7.3,0.11302,0,1,3,0.79,0,44.87,1
7.8,0.08249,0,0,2,0.22,0,31.51,1
1.2,0.80578,0,1,1,0.79,0,35.47,1
0.0,0.13766,0,0,1,0.79,0,4.5,0
7.1,0.06984,0,1,5,0.32,1,51.59,2
3.6,0.41944,0,1,1,0.8,0,41.73,1
2.5,0.03031,0,1,2,0.12,0,26.95,0
0.1,0.53463,0,1,3,0.81,0,36.26,1
5.4,0.25393,1,1,5,0.15,1,62.63,2
8.5,0.25146,0,0,5,0.99,1,43.35,1
9.6,0.4918,0,1,2,0.59,1,52.03,2
5.7,0.5595,0,1,1,0.78,1,42.05,1
5.1,0.14947,0,1,2,0.56,0,41.77,1
0.9,0.2291,0,0,4,0.58,0,21.66,0
5.5,0.00938,0,0,3,0.48,0,27.6,0
3.8,0.13239,0,0,3,0.14,0,33.03,1
6.1,0.03429,0,0,2,0.27,0,26.19,0
3.9,0.20686,0,1,3,0.94,1,36.86,1
2.4,0.34203,0,1,3,0.37,1,40.37,1
0.9,0.30569,0,1,1,0.06,0,31.98,1
3.1,0.2999,0,0,5,0.8,0,38.34,1
1.0,0.29145,0,1,5,0.71,1,41.64,1
1.8,0.32797,0,1,5,0.31,0,43.68,1
9.9,0.22565,0,0,2,0.37,0,42.07,1
4.4,0.12078,1,0,2,0.49,1,40.19,1
5.3,0.0346,0,1,5,0.14,1,42.51,1
8.7,0.30876,0,0,4,0.99,1,39.17,1
10.0,0.04718,1,0,4,0.38,0,65.28,2
5.8,0.3173,0,0,1,0.86,0,26.17,0
8.1,0.45053,0,1,2,0.83,1,45.65,1
3.3,0.09023,0,1,5,0.27,1,40.61,1
3.1,0.26759,0,1,4,0.08,1,39.81,1
4.0,0.493,0,1,5,0.45,0,50.91,2
6.7,0.01238,0,1,3,0.22,0,38.86,1
6.8,0.10982,0,1,4,0.38,0,47.02,1
3.2,0.07696,1,0,5,0.92,0,44.34,1
1.3,0.1572,0,1,2,0.59,0,30.31,1
6.3,0.29261,0,0,2,0.42,1,29.97,0
1.3,0.37486,1,1,3,0.59,0,49.75,1
5.8,0.05312,0,1,3,0.1,1,42.73,1
6.9,0.7343,0,0,1,0.76,1,44.72,1
7.0,0.20928,0,1,5,0.57,1,47.85,1
7.5,0.02738,0,1,4,0.97,0,47.44,1
8.7,0.03915,0,1,4,0.39,0,53.43,2
5.0,0.38301,0,1,4,0.19,0,51.57,2
7.3,0.43702,0,0,1,0.18,0,38.48,1
6.2,0.47082,0,0,5,0.86,1,40.79,1
1.9,0.46966,0,1,3,0.46,0,44.75,1
0.3,0.23734,0,0,1,0.29,0,14.3,0
2.8,0.21031,0,1,3,0.79,0,36.07,1
4.4,0.25605,0,0,1,0.74,1,20.78,0
6.2,0.03501,0,1,1,0.91,1,27.98,0
8.5,0.50905,0,0,4,0.87,1,44.52,1
2.0,0.09585,0,0,1,0.1,1,19.61,0
1.3,0.24182,0,1,4,0.17,1,41.37,1
9.6,0.3356,0,1,4,0.46,0,55.61,2
1.1,0.30714,0,0,4,0.89,0,26.84,0
4.8,0.40897,1,0,2,0.75,0,52.76,2
5.9,0.28571,0,0,4,0.13,1,42.79,1
5.4,0.14597,1,1,5,0.19,1,63.88,2
0.9,0.56566,1,0,5,0.46,1,47.61,1
0.6,0.30726,0,1,1,0.69,1,23.63,0
1.1,0.0195,0,0,3,0.2,0,21.49,0
5.9,0.45015,0,1,5,0.08,1,58.67,2
5.4,0.02999,1,0,3,0.02,0,54.45,2
2.3,0.05916,0,0,4,0.13,1,22.32,0
6.4,0.40719,0,0,3,0.41,0,35.24,1
8.2,0.16829,0,1,4,0.86,1,50.2,2
0.4,0.06222,0,1,2,0.04,0,28.99,0
5.0,0.09519,0,1,1,0.68,0,32.25,1
6.9,0.4149,0,1,3,0.13,1,57.69,2
2.5,0.0866,0,0,3,0.49,1,23.14,0
3.1,0.11088,0,0,3,0.29,0,25.67,0
6.1,0.70138,0,1,1,0.84,1,45.12,1
9.0,0.19571,0,1,2,0.66,0,49.28,1
8.1,0.06581,0,0,1,0.3,0,36.45,1
5.8,0.6339,0,1,5,0.5,1,56.18,2
7.3,0.29097,0,0,1,0.76,0,32.9,1
3.6,0.47992,0,1,5,0.87,1,52.07,2
6.4,0.17949,0,1,3,0.62,1,40.28,1
4.7,0.27973,0,0,2,0.61,0,24.82,0
1.9,0.55744,0,0,4,0.1,1,38.62,1
7.0,0.42773,0,1,2,0.52,0,51.12,2
5.6,0.31306,0,0,5,0.82,0,43.59,1
3.6,0.1101,1,0,2,0.68,1,31.81,1
9.1,0.20418,0,0,3,0.05,0,43.09,1
0.2,0.32269,0,0,1,0.7,1,13.14,0
3.2,0.09635,0,0,5,0.4,1,26.45,0
0.6,0.1178,0,1,5,0.68,1,31.38,1
7.7,0.38838,0,1,5,0.81,0,56.08,2
7.0,0.36525,0,1,3,0.17,0,55.51,2
3.3,0.17446,0,1,2,0.87,1,27.23,0
6.8,0.07772,0,1,5,0.19,0,55.61,2
4.0,0.50357,0,1,4,0.29,1,50.9,2
7.6,0.30346,0,1,5,0.68,1,54.5,2
4.5,0.08176,0,0,2,0.73,0,26.02,0
4.1,0.68872,0,0,2,0.43,1,37.55,1
9.3,0.36489,0,0,4,0.11,1,46.96,1
2.5,0.0805,0,1,1,0.92,0,29.1,0
1.2,0.11196,0,0,5,0.35,0,26.44,0
5.8,0.09817,0,1,2,0.97,0,37.94,1
9.7,0.26223,1,1,4,0.85,1,67.6,2
3.8,0.08488,0,1,4,0.3,0,38.12,1
0.6,0.27108,0,0,3,0.75,0,16.98,0
3.4,0.31009,0,0,2,0.27,0,37.69,1
5.1,0.05586,0,1,2,0.03,0,35.07,1
1.6,0.16162,0,1,2,0.26,0,31.91,1
6.6,0.13468,1,0,3,0.16,1,51.29,2
10.0,0.18575,0,0,4,0.31,1,39.68,1
4.5,0.06656,0,0,4,0.48,1,27.95,0
3.5,0.11579,0,0,1,0.15,0,27.58,0
4.0,0.0709,0,1,4,0.1,1,43.09,1
1.2,0.21929,0,0,2,0.51,0,23.31,0
8.8,0.15534,1,1,3,0.35,1,64.63,2
4.1,0.52205,0,1,1,0.45,1,36.36,1
3.9,0.50288,0,1,4,0.99,1,41.97,1
6.6,0.22218,0,1,3,0.35,1,42.64,1
4.4,0.39183,0,1,5,0.6,1,49.97,1
6.5,0.24417,0,1,4,0.48,0,45.63,1
0.6,0.07162,0,0,3,0.74,1,16.46,0
8.1,0.1054,0,0,2,0.98,1,27.79,0
9.4,0.15909,0,0,5,0.52,1,43.4,1
6.5,0.20482,1,1,1,0.35,0,58.5,2
9.5,0.19352,0,1,1,0.16,0,46.85,1
1.5,0.30649,0,0,2,0.81,0,24.99,0
4.8,0.084,1,0,3,0.07,1,45.38,1
6.0,0.53797,0,1,5,0.58,0,59.09,2
5.8,0.2705,1,0,4,0.76,0,49.24,1
4.0,0.33603,0,0,2,0.19,0,30.4,1
3.4,0.01916,0,1,2,0.48,1,29.89,0
1.3,0.25373,0,0,2,0.4,0,24.82,0
3.9,0.5666,0,0,2,0.21,0,40.47,1
1.6,0.08474,0,1,4,0.88,0,32.39,1
7.3,0.24001,0,1,2,0.53,0,48.87,1
2.1,0.22475,1,0,1,0.86,1,26.29,0
0.6,0.18244,0,1,1,0.85,1,21.84,0
5.5,0.1924,1,1,2,0.98,1,46.04,1
6.0,0.03417,0,0,3,0.92,1,25.1,0
8.7,0.32812,0,0,1,0.73,1,34.06,1
5.8,0.10008,0,0,5,0.68,0,35.97,1
3.5,0.30623,1,1,3,0.16,1,62.71,2
8.0,0.40423,0,1,2,0.43,1,48.21,1
5.4,0.08419,0,0,4,0.56,0,36.61,1
0.8,0.20742,0,0,3,0.06,0,25.8,0
5.7,0.66732,1,1,5,0.15,0,82.59,3
9.1,0.25771,0,0,3,0.64,1,39.36,1
4.0,0.19131,0,1,1,0.15,1,30.46,1
3.0,0.12554,0,0,1,0.34,0,20.68,0
1.4,0.20337,0,0,4,0.04,1,27.21,0
1.5,0.0341,0,0,3,0.17,0,25.76,0
4.3,0.25037,0,1,4,0.55,1,41.29,1
6.0,0.21996,0,1,3,0.64,0,44.02,1
0.8,0.08653,0,1,2,0.1,1,27.08,0
9.4,0.03786,0,1,3,0.24,1,46.95,1
7.6,0.1146,0,0,3,0.4,1,36.03,1
5.9,0.07352,1,1,2,0.68,1,49.54,1
8.3,0.2677,0,0,5,0.08,1,44.05,1
0.8,0.01394,0,1,1,0.45,1,19.93,0
4.8,0.0265,0,0,3,0.74,0,27.51,0
6.3,0.40167,0,0,4,0.14,1,44.0,1
8.3,0.12969,0,0,2,0.55,1,33.46,1
7.8,0.32247,0,0,5,0.44,0,50.63,2
2.8,0.05012,0,1,1,0.39,0,27.82,0
9.4,0.47861,0,1,1,0.93,0,51.49,2
1.2,0.26757,1,1,4,0.4,0,55.08,2
8.8,0.22799,0,0,5,0.45,0,50.7,2
9.7,0.20299,0,1,4,0.06,0,60.58,2
1.8,0.06474,0,1,1,0.37,1,24.89,0
7.2,0.13068,1,0,3,0.52,0,52.91,2
0.4,0.32675,0,0,2,0.01,1,14.43,0
4.1,0.11126,0,1,2,0.05,1,34.32,1
5.2,0.01842,0,1,4,0.24,0,47.51,1
5.8,0.1853,1,0,3,0.74,1,47.43,1
9.4,0.11946,0,0,1,0.78,1,35.06,1
6.7,0.29079,0,0,2,0.8,1,31.78,1
4.8,0.26015,0,0,2,0.57,1,31.89,1
8.1,0.05816,0,0,4,0.84,0,36.15,1
9.5,0.28366,0,0,5,0.14,0,52.29,2
0.2,0.3035,0,0,2,0.92,0,18.11,0
9.8,0.39874,0,0,4,0.81,1,46.81,1
0.9,0.36707,0,1,1,0.6,0,34.28,1
8.1,0.34682,0,0,2,0.58,1,41.18,1
2.8,0.45152,0,1,4,0.11,0,49.78,1
1.3,0.51192,0,0,5,0.8,1,31.97,1
4.4,0.23084,1,0,3,0.5,0,47.39,1
6.4,0.27822,0,0,2,0.82,0,34.58,1
3.8,0.08068,0,0,4,0.32,1,29.55,0
0.5,0.03836,0,1,3,0.05,1,31.49,1
6.0,0.29139,0,0,5,0.51,1,44.57,1
9.0,0.28759,0,0,2,0.88,0,34.81,1
3.8,0.25732,0,0,4,0.09,0,38.75,1
2.2,0.44672,0,0,3,0.41,1,28.49,0
4.4,0.01245,0,1,1,0.83,1,27.45,0
0.5,0.31933,0,0,1,0.23,1,20.28,0
8.2,0.05487,0,0,4,0.26,1,35.18,1
8.3,0.31592,0,0,3,0.62,0,44.96,1
5.9,0.01655,0,0,1,0.86,1,19.79,0
3.5,0.2583,0,1,2,0.58,1,37.25,1
8.0,0.70745,0,0,4,0.1,0,61.05,2
5.5,0.14498,0,0,5,0.93,0,33.36,1
8.3,0.0787,0,0,2,0.54,1,29.71,0
6.3,0.41785,0,0,4,0.34,0,42.89,1
7.8,0.33588,1,1,1,0.75,1,58.78,2
6.0,0.1225,0,0,5,0.69,0,37.17,1
4.1,0.23486,0,1,2,0.31,0,35.49,1
9.6,0.24908,0,0,3,0.86,0,43.72,1
5.4,0.32914,0,0,5,0.08,0,43.62,1
6.1,0.41618,0,0,1,0.88,0,31.9,1
2.2,0.28522,0,1,5,0.1,0,45.88,1
6.3,0.23514,1,1,1,0.04,0,56.49,2
5.7,0.14264,0,1,4,0.86,1,45.02,1
1.8,0.59453,1,0,2,0.07,0,48.53,1
0.6,0.21129,0,1,4,0.99,1,26.46,0
6.0,0.2865,0,0,5,0.08,1,45.97,1
7.6,0.41665,0,1,4,0.83,0,54.32,2
5.2,0.1643,0,0,2,0.96,1,22.16,0
2.3,0.30598,0,0,5,0.57,0,39.15,1
6.7,0.26244,0,0,4,0.17,0,49.46,1
0.8,0.62536,0,0,4,0.16,1,34.62,1
4.4,0.05806,0,0,4,0.76,1,23.91,0
1.6,0.02605,1,0,3,0.07,0,38.11,1
1.8,0.20361,1,0,5,0.69,1,40.09,1
2.0,0.21368,0,1,2,0.29,0,35.65,1
3.9,0.00597,0,0,5,0.93,1,24.5,0
0.5,0.23125,0,0,5,0.55,0,31.18,1
4.0,0.46134,0,1,4,0.22,0,48.8,1
5.1,0.10861,0,0,1,0.85,0,22.03,0
4.8,0.21988,0,1,4,0.98,1,41.52,1
3.8,0.08967,0,1,1,0.74,0,33.01,1
8.4,0.14819,0,0,3,0.7,0,36.87,1
1.5,0.0444,1,0,3,0.86,1,29.86,0
5.1,0.18159,0,0,1,0.02,0,31.15,1
0.6,0.18746,1,0,4,0.89,1,33.65,1
0.7,0.09273,0,1,4,0.25,1,30.99,1
5.7,0.01603,1,1,5,0.59,0,65.26,2
5.7,0.08,0,1,5,0.45,1,47.72,1
8.8,0.4058,0,0,3,0.43,1,44.58,1
5.6,0.09832,1,1,5,0.45,1,57.88,2
9.6,0.18755,0,1,5,0.68,0,60.55,2
0.5,0.07698,0,1,5,0.68,0,34.21,1
1.0,0.05667,1,0,3,0.38,1,31.31,1
0.4,0.08518,0,0,5,0.99,1,14.3,0
1.9,0.25163,0,0,1,0.97,1,7.4,0
5.4,0.13164,1,0,2,0.16,0,42.91,1
6.5,0.38553,0,0,2,0.69,1,38.09,1
0.5,0.05139,1,1,5,0.51,1,43.13,1
9.5,0.28601,0,1,5,0.27,1,65.39,2
8.4,0.34568,0,1,5,0.81,0,60.23,2
3.0,0.2878,0,0,1,0.22,0,27.1,0
0.8,0.13364,0,0,3,0.67,0,18.58,0
1.7,0.09246,0,0,2,0.74,0,21.56,0
1.3,0.33626,0,0,4,0.4,0,32.46,1
1.2,0.13235,0,0,5,0.04,0,30.68,1
5.2,0.15355,1,0,4,0.32,1,48.54,1
2.5,0.12974,0,0,1,0.81,1,14.46,0
3.6,0.39811,0,0,3,0.67,1,31.42,1
9.9,0.35838,0,0,4,0.49,1,48.47,1
6.8,0.03092,0,0,5,0.71,0,43.61,1
9.5,0.33393,1,1,5,0.22,0,84.76,3
1.4,0.01516,0,1,1,0.93,1,16.49,0
3.8,0.19251,0,1,5,0.84,0,43.11,1
5.5,0.32363,0,0,4,0.03,0,46.57,1
0.8,0.15903,1,1,3,0.67,1,40.55,1
0.0,0.00541,0,1,5,0.28,0,32.63,1
6.7,0.13672,0,1,5,0.5,0,52.89,2
6.4,0.05849,0,0,4,0.2,0,38.04,1
4.1,0.1653,0,1,3,0.73,0,34.01,1
4.9,0.34763,1,1,4,0.04,0,63.81,2
4.2,0.13497,0,0,1,0.55,0,23.77,0
0.2,0.62827,0,0,5,0.11,1,37.11,1
3.4,0.06449,0,0,2,0.31,1,20.12,0
1.8,0.15612,0,1,1,0.19,1,23.13,0
1.0,0.78064,0,0,2,0.43,1,31.26,1
9.6,0.23894,0,1,4,0.48,1,55.05,2
6.0,0.26916,0,1,2,0.66,1,44.14,1
7.3,0.29531,1,0,3,0.45,1,52.65,2
3.2,0.25644,1,0,5,0.72,1,46.35,1
3.9,0.01346,0,1,3,0.81,0,32.68,1
2.4,0.0266,0,1,3,0.99,0,26.3,0
1.0,0.344,0,1,4,0.12,0,42.29,1
1.8,0.3677,0,0,3,0.41,0,29.31,0
8.0,0.18835,0,1,2,0.25,0,49.72,1
6.8,0.17313,0,1,1,0.72,0,43.55,1
5.5,0.02467,0,1,1,0.52,1,31.08,1
4.8,0.08125,0,0,1,0.11,1,22.89,0
9.2,0.31029,1,1,2,0.06,0,73.02,3
0.7,0.16179,0,0,5,0.5,0,27.11,0
2.8,0.35191,0,0,2,0.35,1,29.57,0
3.5,0.27284,0,1,1,0.53,0,34.5,1
7.8,0.22377,0,0,5,0.25,1,41.81,1
9.9,0.06234,0,0,4,0.39,1,44.74,1
2.4,0.17414,0,0,2,0.97,0,16.56,0
8.7,0.17147,0,0,3,0.24,0,48.04,1
8.3,0.17388,1,0,3,0.02,0,57.06,2
2.2,0.12143,0,0,3,0.92,0,19.22,0
4.0,0.23155,0,0,2,0.8,1,27.15,0
4.1,0.53778,0,0,4,0.45,0,46.0,1
9.8,0.1276,0,0,5,0.53,0,51.04,2
1.8,0.70031,0,0,2,0.34,1,35.75,1
8.0,0.34709,0,0,2,0.14,1,38.63,1
3.3,0.07812,0,1,2,0.27,0,37.19,1
7.3,0.07674,1,0,5,0.36,1,53.0,2
4.2,0.5299,0,1,4,0.56,1,47.19,1
5.8,0.02288,0,1,2,0.28,0,39.02,1
8.3,0.12855,1,0,1,0.32,0,45.41,1
8.0,0.13767,0,0,5,0.55,0,46.98,1
8.7,0.20443,0,1,4,0.28,1,55.65,2
0.6,0.33121,0,0,1,0.97,0,16.86,0
6.9,0.08076,0,0,2,0.45,0,31.64,1
1.4,0.13964,0,1,1,0.81,1,20.55,0
4.2,0.25989,0,0,3,0.68,1,29.62,0
5.5,0.26322,0,1,4,0.14,0,51.02,2
4.0,0.43306,0,0,4,0.78,1,31.58,1
5.2,0.02999,0,1,3,0.25,1,37.32,1
10.0,0.33728,0,1,1,0.89,0,51.51,2
1.4,0.14982,0,0,4,0.72,0,20.53,0
6.8,0.27912,0,0,2,0.72,0,37.92,1
4.0,0.08042,0,1,3,0.31,1,39.22,1
1.3,0.35618,0,1,4,0.39,1,42.84,1
1.6,0.06178,0,0,4,0.73,1,18.6,0
9.5,0.31917,0,0,5,0.36,0,53.49,2
8.8,0.31102,1,0,1,0.45,0,50.65,2
9.1,0.12899,0,1,3,0.56,1,43.93,1
9.9,0.6338,0,1,4,0.3,1,66.1,2
2.1,0.32768,0,1,3,0.76,1,33.63,1
3.6,0.08943,0,1,2,0.27,1,30.16,1
6.7,0.22684,1,1,5,0.05,1,69.19,2
4.8,0.09581,0,0,1,0.79,0,18.35,0
4.2,0.28035,0,0,1,0.37,1,26.8,0
3.6,0.34035,0,0,2,0.85,0,28.93,0
5.9,0.08202,0,1,4,0.62,0,42.17,1
5.8,0.02471,1,0,5,0.83,0,43.13,1
1.6,0.10488,0,1,1,0.38,1,20.62,0
4.7,0.02301,0,0,3,0.56,1,25.19,0
5.5,0.32119,0,1,2,0.01,0,49.0,1
5.7,0.076,0,1,1,0.26,1,35.85,1
2.1,0.37428,0,0,4,0.87,1,21.59,0
7.4,0.31204,0,0,5,0.44,1,44.34,1
0.3,0.19159,0,1,1,0.64,0,30.56,1
3.5,0.16832,0,0,4,0.28,0,32.87,1
7.8,0.26748,0,0,4,0.85,1,37.58,1
5.6,0.45816,0,1,2,0.59,0,52.66,2
2.6,0.14051,0,1,4,0.91,1,34.91,1
6.9,0.08254,0,1,2,0.24,1,39.55,1
5.7,0.22314,0,1,3,0.73,0,47.78,1
8.0,0.108,0,1,2,0.02,1,44.48,1
7.4,0.05558,1,1,1,0.6,1,46.52,1
6.1,0.08817,0,0,2,0.3,1,24.07,0
4.9,0.1546,0,0,5,0.12,0,40.99,1
1.3,0.02638,1,1,3,0.63,1,45.22,1
2.6,0.0059,0,1,2,0.03,1,31.5,1
4.2,0.01326,0,0,3,0.16,1,24.23,0
6.0,0.1998,0,0,2,0.37,0,37.68,1
5.1,0.00473,0,1,4,0.45,1,42.85,1
2.9,0.00965,0,0,4,0.91,1,21.84,0
0.1,0.11186,1,1,1,0.34,0,42.41,1
5.0,0.39047,0,1,4,0.05,1,53.35,2
2.9,0.1676,0,1,5,0.96,0,41.36,1
7.3,0.09455,0,0,4,0.83,1,32.6,1
0.2,0.10876,0,1,5,0.23,0,38.39,1
5.8,0.24067,0,1,2,0.52,0,46.84,1
9.4,0.30931,0,0,2,0.16,0,43.69,1
1.7,0.32637,0,0,5,0.96,1,33.72,1
4.7,0.09433,0,1,1,0.52,1,27.8,0
0.9,0.32101,0,0,4,0.47,0,31.76,1
6.3,0.48199,0,1,5,0.83,0,54.01,2
5.5,0.10841,0,1,4,0.13,0,49.08,1
4.1,0.32113,0,0,3,0.26,0,35.77,1
5.2,0.28695,0,1,1,0.73,1,35.4,1
9.0,0.05752,0,1,2,0.61,1,45.01,1
2.0,0.23181,0,0,5,0.16,0,32.77,1
0.2,0.27271,0,0,3,0.21,1,17.57,0
8.6,0.06112,0,0,5,0.88,0,40.31,1
5.8,0.20184,0,0,5,0.82,1,40.54,1
8.9,0.05488,1,0,5,0.01,0,61.92,2
6.0,0.24833,0,0,5,0.95,0,41.57,1
8.1,0.50819,0,0,2,0.58,1,44.02,1
4.3,0.32009,1,1,2,0.47,0,58.49,2
7.5,0.20694,0,1,2,0.36,1,48.52,1
9.1,0.01909,1,1,1,0.38,1,57.09,2
5.7,0.09897,0,0,2,0.49,1,26.83,0
1.8,0.21013,0,0,4,0.21,1,28.56,0
2.7,0.11379,0,0,2,0.13,0,22.7,0
2.0,0.13647,1,0,5,0.56,1,46.97,1
2.5,0.45394,0,1,5,0.45,0,47.2,1
3.1,0.26062,0,0,4,0.68,1,23.2,0
5.6,0.02916,0,0,3,0.49,0,32.55,1
5.9,0.44366,0,1,5,0.39,1,60.37,2
4.3,0.14639,0,0,5,0.34,1,28.75,0
6.2,0.03597,0,0,2,0.58,1,21.18,0
0.8,0.09956,0,1,2,0.28,0,27.69,0
0.9,0.01218,0,1,5,0.82,1,20.38,0
1.7,0.0354,1,0,4,0.79,0,39.69,1
5.2,0.18617,0,1,5,0.64,1,44.62,1
2.1,0.27763,0,0,2,0.39,0,25.59,0
2.8,0.26737,0,0,2,0.6,1,21.5,0
4.0,0.02465,0,0,2,0.62,0,21.62,0
8.1,0.2241,0,1,4,0.68,0,56.61,2
0.1,0.14627,0,0,5,0.38,1,24.04,0
6.5,0.07691,0,1,2,0.42,0,44.22,1
6.7,0.13214,0,1,3,0.91,1,36.99,1
8.0,0.1274,0,1,2,0.11,1,43.3,1
9.3,0.21506,0,1,1,0.13,0,50.8,2
0.2,0.06058,0,0,3,0.99,1,10.89,0
1.5,0.41355,0,0,2,0.62,0,29.28,0
8.9,0.09733,0,0,1,0.46,1,33.34,1
4.6,0.16533,0,0,4,0.12,0,36.45,1
5.6,0.28662,0,0,1,0.64,1,27.6,0
6.6,0.29327,0,1,5,0.78,1,47.94,1
6.8,0.33748,0,0,5,0.53,1,40.91,1
9.3,0.11023,0,1,4,0.05,1,50.1,2
10.0,0.59784,0,0,4,0.51,1,62.63,2
7.2,0.30771,0,0,4,0.15,1,43.39,1
2.9,0.21817,1,0,1,0.43,0,37.32,1
8.8,0.67589,0,0,1,0.29,0,51.14,2
0.5,0.05407,1,1,4,0.13,0,48.84,1
2.3,0.51993,1,0,1,0.05,0,47.3,1
9.0,0.17884,0,1,5,0.6,1,54.23,2
2.6,0.17854,1,1,2,0.57,0,50.9,2
2.2,0.08958,0,0,3,0.16,1,27.65,0
1.4,0.16318,0,1,4,0.92,0,34.94,1
8.6,0.04473,0,0,5,0.87,1,43.77,1
5.0,0.45374,0,1,1,0.27,1,45.31,1
6.7,0.08517,0,0,3,0.5,0,32.88,1
2.4,0.0775,1,1,4,0.51,1,45.2,1
7.6,0.46378,0,1,1,0.18,0,46.48,1
7.6,0.28806,0,0,1,0.4,0,35.92,1
3.1,0.04787,1,0,3,0.64,0,39.08,1
4.1,0.19232,0,0,1,0.5,1,22.66,0
2.1,0.01224,0,0,3,0.38,0,20.73,0
9.8,0.31612,0,0,5,0.44,0,56.69,2
6.5,0.16355,0,1,4,0.64,0,53.46,2
9.3,0.76635,0,0,1,0.92,1,47.74,1
3.0,0.20472,0,0,2,0.92,0,19.76,0
7.8,0.29965,0,0,3,0.84,0,44.88,1
7.7,0.14875,0,0,5,0.45,0,40.77,1
6.9,0.30898,0,1,2,0.99,1,41.76,1
9.7,0.18129,0,0,4,0.16,1,41.55,1
3.9,0.43105,0,0,5,0.46,0,39.67,1
1.3,0.28655,0,0,3,0.54,1,24.17,0
6.7,0.22286,0,0,5,0.97,1,35.31,1
7.3,0.16775,0,0,5,0.48,1,41.18,1
5.8,0.02208,0,0,5,0.65,0,32.48,1
2.1,0.42112,0,0,4,0.23,1,35.47,1
5.0,0.2113,0,1,2,0.52,0,37.42,1
3.1,0.25377,0,0,5,0.66,0,33.36,1
4.3,0.00497,0,0,1,0.23,1,10.89,0
6.5,0.30619,1,0,5,0.52,1,56.65,2
7.5,0.31514,1,0,5,0.66,0,63.06,2
2.3,0.34366,0,0,4,0.28,1,32.31,1
4.1,0.04925,0,0,4,0.47,0,31.63,1
2.7,0.06665,0,0,4,0.81,1,18.45,0
2.0,0.27367,0,1,4,0.54,1,40.83,1
7.8,0.5029,0,0,5,0.22,1,53.78,2
9.1,0.33529,0,0,5,0.21,1,49.57,1
3.7,0.2817,0,1,3,0.71,0,42.34,1
7.5,0.17177,0,0,4,0.28,1,42.51,1
9.0,0.13448,0,1,3,0.02,0,48.97,1
8.5,0.31701,0,0,2,0.85,0,39.46,1
1.8,0.38203,0,0,4,0.02,1,36.29,1
9.6,0.36346,0,1,2,0.55,0,52.45,2
3.8,0.07926,0,0,1,0.22,0,27.57,0
3.4,0.16275,0,1,5,0.78,1,38.72,1
0.6,0.42037,0,1,5,0.14,1,40.33,1
4.9,0.21766,0,1,3,0.85,1,36.47,1
1.1,0.15576,0,0,5,0.57,1,21.6,0
2.5,0.2643,1,1,2,0.17,0,49.52,1
3.2,0.35982,0,0,5,0.65,1,32.01,1
8.1,0.0855,0,1,4,0.03,1,48.16,1
8.8,0.54387,0,0,1,0.6,1,43.27,1
3.0,0.07332,0,1,3,0.74,1,29.54,0
8.6,0.2982,0,1,3,0.48,0,54.83,2
8.6,0.27656,0,1,3,0.15,1,52.55,2
7.6,0.37445,0,0,4,0.2,1,46.27,1
1.5,0.03338,1,0,5,0.15,0,43.57,1
6.9,0.66883,0,1,4,0.4,0,59.19,2
9.5,0.09326,1,0,2,0.18,1,54.93,2
6.8,0.30704,0,1,5,0.3,1,55.1,2
3.3,0.28188,0,1,4,0.14,1,42.9,1
5.0,0.33683,0,0,2,0.18,1,31.22,1
6.5,0.18816,0,0,2,0.93,1,24.88,0
5.1,0.03021,0,0,4,0.01,0,31.09,1
1.2,0.32295,1,0,4,0.52,1,38.17,1
3.1,0.18794,0,1,1,0.43,0,29.56,0
8.0,0.21706,1,0,4,0.28,0,65.01,2
8.6,0.01254,0,0,3,0.8,0,34.91,1
1.4,0.65975,0,1,5,0.22,0,49.6,1
9.5,0.07467,1,0,2,0.89,0,54.72,2
3.3,0.07093,1,1,3,0.68,1,48.76,1
6.6,0.24133,1,0,3,0.66,0,52.46,2
7.5,0.30141,0,0,2,0.96,0,35.58,1
8.1,0.40951,1,0,5,0.87,1,56.13,2
9.5,0.04398,0,0,1,0.49,0,35.12,1
3.1,0.66046,0,1,1,0.58,0,44.46,1
8.6,0.13918,0,0,3,0.78,0,39.98,1
1.3,0.3167,0,1,3,0.21,1,34.08,1
7.1,0.11413,0,0,4,0.65,0,39.94,1
7.4,0.50327,0,1,1,0.27,1,51.52,2
6.8,0.12165,0,0,1,0.07,1,26.71,0
2.5,0.15246,0,1,5,0.98,1,35.91,1
8.7,0.42579,0,0,4,0.7,1,43.9,1
1.7,0.48852,0,0,2,0.7,0,27.37,0
0.5,0.34916,0,1,2,0.44,1,22.36,0
7.2,0.20125,1,1,5,0.2,0,73.13,3
4.8,0.20917,0,1,2,0.88,1,30.36,1
8.5,0.44676,0,0,1,0.63,1,40.17,1
3.8,0.48285,0,1,3,0.25,1,47.78,1
1.7,0.05377,1,0,4,0.16,0,47.78,1
8.4,0.02322,0,0,2,0.74,0,25.33,0
5.5,0.02795,1,1,2,0.18,1,51.65,2
1.9,0.37352,0,1,2,0.22,1,33.51,1
7.2,0.09406,0,1,2,0.1,0,45.7,1
5.1,0.2757,1,1,3,0.75,0,55.8,2
6.0,0.17015,0,0,3,0.63,1,25.19,0
4.6,0.04458,0,1,5,0.42,0,50.5,2
8.3,0.25333,0,0,1,0.18,1,36.3,1
8.3,0.06075,1,0,2,0.55,0,46.06,1
7.1,0.07692,0,1,5,0.65,0,49.06,1
1.1,0.23297,1,1,1,0.25,0,43.89,1
8.4,0.15564,0,0,3,0.32,1,41.86,1
6.7,0.22307,0,1,2,0.21,1,43.89,1
7.0,0.06211,0,0,3,0.36,1,32.94,1
3.6,0.07417,0,0,2,0.24,0,25.83,0
8.8,0.0243,0,1,3,0.49,0,47.7,1
7.3,0.06833,0,1,5,0.94,1,49.27,1
1.1,0.17801,0,1,5,0.28,1,37.15,1
4.1,0.08227,0,1,3,0.41,1,38.04,1
8.9,0.19438,0,0,3,0.37,0,44.76,1
0.5,0.01847,0,0,4,0.2,1,23.32,0
9.6,0.0812,1,1,2,0.97,0,60.46,2
6.8,0.06432,1,1,4,0.52,0,62.36,2
6.3,0.21525,0,1,3,0.6,1,42.99,1
2.7,0.2579,0,1,5,0.18,0,48.3,1
2.5,0.33835,0,1,2,0.81,1,28.96,0
9.4,0.0603,0,1,5,0.87,0,54.03,2
3.0,0.10146,0,0,3,0.51,1,18.35,0
7.8,0.04259,1,0,4,0.32,1,52.0,2
3.9,0.29127,1,1,2,0.26,0,55.26,2
1.4,0.13566,0,1,4,0.09,0,39.32,1
0.1,0.08754,1,0,2,0.42,0,32.03,1
5.4,0.18563,0,0,5,0.58,1,32.59,1
9.8,0.06245,0,0,1,0.47,1,31.68,1
3.7,0.04402,0,0,2,0.52,0,27.76,0
3.6,0.10901,0,1,3,0.89,1,29.95,0
3.4,0.12109,0,1,2,0.27,1,33.36,1
5.2,0.26613,1,0,3,0.58,1,47.84,1
4.4,0.08458,0,0,1,0.15,1,15.38,0
8.8,0.10685,0,0,1,0.63,1,28.65,0
5.1,0.11428,0,1,5,0.09,1,45.84,1
5.1,0.42131,1,0,5,0.14,1,61.64,2
1.4,0.17404,1,1,1,0.16,1,45.18,1
9.8,0.27726,0,0,2,0.63,1,37.7,1
2.5,0.50477,1,0,2,0.68,0,40.39,1
0.7,0.53358,0,0,5,0.01,1,42.64,1
6.6,0.09875,0,1,2,0.83,0,45.77,1
6.0,0.16267,0,0,2,0.8,1,22.56,0
4.2,0.35665,0,0,2,0.22,1,25.35,0
4.2,0.10194,0,0,2,0.09,1,23.53,0
7.9,0.21431,0,1,3,0.58,1,47.09,1
2.0,0.14687,0,0,5,0.87,0,30.32,1
8.2,0.07082,0,0,1,0.35,0,31.39,1
6.5,0.07215,1,0,1,0.97,0,37.98,1
4.2,0.22667,0,1,3,0.97,1,34.75,1
4.6,0.19766,0,1,5,0.01,0,49.17,1
2.6,0.06492,1,0,3,0.66,1,28.72,0
7.5,0.10177,1,1,5,0.35,0,69.23,2
5.1,0.03764,0,0,3,0.14,0,29.13,0
3.2,0.42988,0,0,2,0.74,1,32.21,1
6.0,0.19215,0,1,3,0.72,1,35.44,1
10.0,0.12787,0,0,3,0.05,0,47.75,1
4.4,0.00165,0,0,4,0.14,0,32.65,1
9.2,0.08899,0,1,5,0.08,1,55.34,2
3.5,0.16164,0,0,2,0.59,0,24.05,0
0.5,0.05538,0,0,3,0.29,1,21.89,0
2.0,0.43164,0,1,2,0.56,1,33.62,1
4.2,0.05231,0,0,5,0.68,1,31.39,1
2.2,0.22273,0,0,1,0.35,0,23.36,0
0.0,0.66678,1,0,4,0.35,0,56.09,2
9.2,0.21438,1,0,4,0.75,0,55.9,2
8.4,0.01099,0,0,5,0.35,1,39.79,1
7.4,0.06626,0,0,4,0.35,1,33.81,1
1.7,0.07621,0,0,1,0.6,0,16.32,0
1.2,0.08081,0,1,2,0.07,1,24.87,0
0.7,0.2557,0,0,3,0.34,1,23.86,0
7.2,0.31169,0,1,5,0.13,1,57.05,2
9.3,0.06989,0,0,5,0.88,1,38.68,1
4.3,0.0475,0,1,4,0.33,1,34.78,1
1.2,0.19871,0,1,3,0.47,1,32.39,1
5.1,0.4442,0,0,4,0.09,1,46.75,1
3.5,0.35308,0,0,4,0.49,1,32.04,1
3.7,0.23632,0,0,2,0.66,1,24.87,0
6.2,0.04797,0,0,2,0.04,1,25.57,0
7.2,0.27233,0,1,4,0.33,0,48.33,1
1.1,0.12191,0,0,1,0.56,1,8.32,0
0.4,0.44273,0,0,5,1.0,1,28.62,0
9.9,0.07957,0,0,1,0.77,1,25.42,0
2.3,0.23523,0,0,5,0.57,1,31.81,1
0.5,0.49831,0,1,3,0.21,0,37.28,1
1.9,0.21499,0,0,3,0.97,1,17.94,0
0.4,0.43649,0,0,1,0.2,0,27.9,0
3.9,0.33043,0,0,4,0.15,0,37.8,1
8.0,0.69909,0,0,4,0.43,1,49.9,1
3.4,0.1537,0,0,3,0.74,0,22.85,0
4.4,0.02883,0,1,4,0.09,1,44.41,1
6.8,0.05133,0,1,2,0.18,1,42.4,1
5.1,0.03018,0,1,3,0.62,0,39.48,1
8.6,0.14041,0,0,5,0.02,0,51.46,2
8.7,0.23664,0,1,5,0.66,1,57.19,2
0.1,0.3013,0,0,4,0.06,0,29.84,0
7.8,0.25971,0,0,5,0.37,1,41.81,1
4.6,0.18917,0,0,5,0.42,1,32.7,1
9.9,0.73603,0,1,1,0.64,1,56.39,2
4.8,0.23141,1,0,1,0.33,1,35.27,1
9.9,0.34457,1,0,5,0.09,1,66.84,2
7.5,0.10728,1,1,3,0.14,0,61.49,2
2.5,0.28612,1,1,5,0.44,0,65.69,2
5.4,0.05006,1,1,2,0.57,1,47.4,1
9.9,0.1622,1,0,3,0.94,0,55.52,2
8.6,0.2383,0,0,2,0.55,1,36.18,1
1.0,0.14355,0,1,2,0.7,0,21.61,0
7.1,0.16164,0,0,4,0.19,0,47.33,1
3.5,0.47967,0,0,1,0.99,1,27.55,0
0.1,0.39679,0,0,4,0.15,1,26.86,0
4.0,0.27851,1,1,2,0.56,1,47.01,1
2.3,0.54629,1,0,4,0.95,1,46.15,1
8.2,0.7345,0,1,4,0.47,1,64.45,2
3.4,0.44873,0,0,3,0.9,1,30.44,1
8.3,0.19961,0,0,4,0.59,1,42.87,1
0.0,0.02333,0,0,3,0.85,1,13.27,0
3.1,0.51612,0,0,4,0.71,0,43.14,1
2.4,0.04449,1,0,4,0.59,0,35.43,1
2.3,0.34573,1,1,2,0.12,0,53.9,2
0.7,0.0958,0,1,2,0.29,0,24.59,0
1.9,0.03203,0,1,5,0.12,1,35.54,1
5.6,0.43247,0,0,5,0.55,0,44.36,1
2.9,0.15162,0,0,3,0.44,1,25.71,0
4.2,0.148,0,1,2,0.43,1,38.54,1
3.8,0.45386,1,0,5,0.28,1,53.28,2
8.8,0.33523,0,1,4,0.82,0,56.78,2
9.1,0.20366,0,1,2,0.43,0,46.85,1
4.9,0.07849,1,0,4,0.28,1,45.96,1
3.3,0.02912,0,1,4,0.26,1,38.22,1
1.1,0.08711,0,1,3,0.31,1,30.55,1
9.5,0.18034,0,0,2,0.83,1,37.22,1
0.6,0.06028,0,1,4,0.37,1,25.65,0
3.0,0.4009,0,1,3,0.24,1,46.12,1
3.0,0.15668,0,1,1,0.89,0,28.22,0
3.2,0.37019,0,1,1,0.9,0,28.64,0
1.6,0.08026,1,1,4,0.68,1,49.91,1
7.8,0.05707,0,1,4,0.83,1,49.08,1
1.2,0.16507,0,0,1,0.83,1,14.91,0
6.3,0.04433,0,1,5,0.7,1,37.09,1
1.2,0.14956,0,0,3,0.47,1,19.71,0
0.7,0.18351,1,0,4,0.95,0,38.92,1
9.1,0.22661,1,1,1,0.33,1,59.23,2
1.9,0.21625,0,1,1,0.79,1,22.2,0
8.2,0.00401,0,0,1,0.23,1,32.12,1
5.4,0.18786,0,0,1,0.65,0,29.97,0
0.8,0.5755,1,0,1,0.83,1,31.9,1
9.6,0.27687,0,0,1,0.72,0,41.2,1
2.5,0.04115,0,0,4,0.71,0,28.76,0
8.6,0.65717,0,0,3,0.47,0,52.32,2
1.7,0.16093,0,1,1,0.9,1,19.64,0
8.5,0.33595,0,0,1,0.31,0,38.13,1
0.1,0.21398,1,0,1,0.91,1,24.23,0
5.1,0.19512,0,1,1,0.04,1,37.04,1
7.7,0.06985,0,1,1,0.6,0,39.87,1
9.3,0.04557,0,0,2,0.62,0,38.57,1
9.1,0.07339,1,0,2,0.26,1,51.78,2
8.2,0.07745,0,1,1,0.75,0,44.22,1
8.9,0.13612,0,0,1,0.19,0,41.25,1
2.0,0.12401,0,1,5,0.41,1,36.48,1
2.8,0.51765,1,0,5,0.9,0,55.58,2
2.9,0.46858,0,0,3,0.39,1,33.56,1
3.8,0.2387,0,1,2,0.83,0,40.16,1
3.9,0.59119,0,0,4,0.1,1,37.32,1
5.4,0.59923,0,0,3,0.11,1,44.84,1
1.6,0.1606,0,1,3,0.18,0,30.06,1
6.9,0.08727,0,1,1,0.16,0,42.3,1
1.7,0.34044,0,0,1,0.98,1,23.06,0
3.1,0.15983,0,0,4,0.11,0,31.24,1
5.0,0.42018,0,1,5,0.15,0,53.69,2
8.0,0.25444,0,1,1,0.17,1,48.45,1
7.4,0.30222,0,1,2,0.6,1,50.59,2
6.5,0.4873,0,1,4,0.49,1,51.89,2
1.6,0.22887,0,0,4,0.72,0,26.43,0
5.5,0.12948,0,0,1,0.34,0,34.25,1
0.9,0.20559,1,0,4,0.04,0,39.49,1
3.8,0.05202,0,1,5,0.35,1,33.25,1
4.1,0.24726,0,0,1,0.77,1,21.76,0
0.4,0.28002,0,1,5,0.81,0,35.09,1
2.7,0.10224,1,0,5,0.71,0,45.47,1
9.6,0.31335,0,0,2,0.4,1,44.82,1
9.5,0.09986,0,0,1,0.61,1,32.27,1
3.5,0.39946,0,0,2,0.14,1,36.34,1
0.4,0.09503,0,1,2,0.25,1,24.3,0
1.8,0.2269,0,1,4,0.25,0,43.13,1
3.9,0.26004,1,0,3,0.08,1,46.74,1
9.5,0.0709,0,0,1,0.94,1,28.93,0
1.4,0.1238,0,0,5,0.43,1,26.95,0
7.6,0.24817,0,1,4,0.87,1,45.3,1
1.1,0.14642,0,1,2,0.22,1,22.74,0
9.8,0.21301,0,0,2,0.77,0,43.93,1
3.8,0.02073,0,0,1,0.8,0,20.18,0
7.8,0.24294,0,1,4,0.0,0,60.72,2
3.4,0.03648,0,1,5,0.03,1,40.1,1
6.3,0.07925,0,1,2,0.92,0,37.81,1
1.9,0.13456,1,0,4,0.57,0,40.9,1
1.5,0.08438,0,1,5,0.28,0,38.03,1
9.4,0.02387,0,0,4,0.19,0,38.92,1
9.2,0.32483,0,0,2,0.82,1,44.98,1
8.9,0.01535,0,0,2,0.19,1,35.65,1
6.3,0.09783,0,1,5,0.84,0,49.95,1
8.1,0.05734,0,1,4,0.62,0,49.51,1
0.7,0.35348,0,0,2,0.66,0,20.58,0
3.3,0.05887,0,1,4,0.44,1,35.82,1
3.1,0.06699,0,1,1,0.04,1,30.43,1
6.4,0.06765,1,0,5,0.55,1,53.11,2
3.6,0.23772,0,1,3,0.71,0,39.24,1
1.5,0.29343,0,0,5,0.0,1,31.83,1
6.0,0.17861,0,0,2,0.03,0,34.93,1
8.1,0.03638,0,1,4,0.91,1,46.28,1
3.8,0.58201,0,1,5,0.68,1,48.79,1
1.3,0.2414,1,0,3,0.79,0,41.25,1
2.0,0.25775,0,1,1,0.03,0,39.02,1
2.4,0.25056,0,1,2,0.4,1,29.77,0
3.0,0.08018,0,1,4,0.75,1,35.31,1
6.4,0.00714,0,0,1,0.09,1,24.15,0
6.0,0.23415,0,1,2,0.19,0,40.28,1
7.0,0.29542,0,0,5,0.51,0,47.78,1
3.6,0.33132,0,0,5,0.89,0,37.78,1
8.2,0.08838,0,0,3,0.33,1,37.16,1
2.0,0.53201,0,0,1,0.83,0,28.89,0
4.7,0.05204,0,0,5,0.01,1,35.14,1
8.0,0.0245,0,0,3,0.18,1,34.84,1
1.8,0.38714,0,0,4,0.29,0,35.95,1
1.1,0.46628,0,0,4,0.71,0,32.93,1
8.8,0.02382,0,0,1,0.58,0,33.31,1
3.4,0.26565,0,1,4,0.26,0,43.36,1
6.8,0.27572,0,0,5,0.58,1,42.08,1
0.3,0.25214,0,0,4,0.89,1,19.68,0
6.9,0.45001,0,0,5,0.47,1,48.71,1
3.2,0.02673,0,1,3,0.7,0,34.28,1
0.6,0.06027,1,1,5,0.35,1,46.43,1
6.1,0.05619,0,0,5,0.71,1,30.36,1
2.4,0.22401,0,1,1,0.87,1,24.14,0
3.9,0.11527,0,1,4,0.57,1,35.95,1
0.8,0.30107,0,0,5,0.39,1,26.98,0
1.5,0.87601,0,1,1,0.75,0,44.41,1
3.0,0.01616,0,1,1,0.96,0,21.15,0
0.9,0.03574,1,1,1,0.07,0,40.05,1
9.1,0.32767,0,1,2,0.52,1,48.5,1
0.1,0.32595,0,0,1,0.18,1,13.5,0
4.8,0.20316,0,1,1,0.27,0,41.49,1
1.2,0.04137,0,0,5,0.64,0,28.14,0
3.1,0.21241,0,1,1,0.96,0,27.25,0
9.3,0.26372,0,0,1,0.85,1,35.98,1
1.6,0.06867,0,0,2,0.26,1,19.38,0
9.7,0.13409,0,1,2,0.02,0,54.59,2
2.1,0.20486,0,0,1,0.6,0,13.04,0
7.4,0.23561,0,1,1,0.53,1,40.08,1
5.5,0.10169,1,0,5,0.46,0,56.15,2
8.8,0.09777,0,1,5,0.48,0,51.84,2
5.5,0.18423,1,0,2,0.59,1,43.28,1
5.3,0.26419,0,1,5,0.4,0,50.86,2
2.0,0.38166,0,1,4,0.17,1,43.01,1
1.7,0.01543,0,1,3,0.26,0,26.53,0
9.2,0.09743,0,0,2,0.06,0,38.27,1
3.3,0.11742,0,0,2,0.06,0,26.03,0
3.7,0.34316,0,0,5,0.87,1,34.5,1
7.6,0.36869,0,1,3,0.13,1,59.04,2
3.4,0.24995,0,1,3,0.07,1,43.33,1
9.5,0.69518,0,0,1,0.83,0,46.84,1
7.4,0.42905,0,0,2,0.95,1,36.65,1
6.0,0.0301,0,0,1,0.21,1,23.12,0
8.8,0.25076,0,1,5,0.76,0,55.67,2
0.5,0.32038,0,0,3,0.16,1,23.24,0
2.6,0.0711,0,0,1,0.68,1,11.91,0
4.7,0.04395,0,0,3,0.68,1,19.75,0
2.3,0.13951,1,1,1,0.43,0,49.98,1
7.4,0.0678,1,1,1,0.88,1,45.99,1
9.2,0.30953,0,0,3,0.12,1,42.14,1
4.2,0.14935,1,0,5,0.48,1,46.97,1
3.4,0.41687,1,0,4,0.6,1,44.12,1
9.6,0.41626,0,0,4,0.76,0,53.93,2
4.4,0.05009,0,1,2,0.14,0,36.98,1
4.9,0.6506,1,0,4,0.53,1,62.21,2
3.5,0.02126,0,0,3,0.45,0,29.51,0
9.1,0.25336,0,1,2,0.42,1,46.66,1
5.7,0.06067,0,1,4,0.36,1,38.52,1
7.6,0.24653,0,0,4,1.0,1,37.72,1
8.1,0.20326,0,0,1,0.17,1,37.26,1
3.4,0.28767,0,0,1,0.75,0,25.15,0
4.3,0.27464,0,0,4,0.38,1,31.54,1
8.5,0.28128,0,1,2,0.65,1,47.85,1
3.6,0.41691,0,1,3,0.99,0,41.6,1
7.9,0.30985,0,0,4,0.48,1,41.43,1
9.4,0.22272,0,0,3,0.82,0,41.35,1
6.2,0.45745,0,0,2,0.08,1,48.33,1
7.4,0.38779,1,0,5,0.55,0,62.45,2
8.1,0.23593,0,1,2,0.38,0,51.22,2
8.5,0.30148,0,0,5,0.7,0,53.23,2
4.0,0.1735,0,1,1,0.04,0,33.35,1
0.5,0.58996,0,0,3,0.45,1,27.69,0
4.0,0.18425,0,1,1,0.49,1,30.17,1
6.7,0.09929,0,1,3,0.84,1,41.44,1
4.5,0.14117,0,0,2,0.38,1,23.04,0
7.5,0.44086,0,0,4,0.32,0,47.0,1
3.6,0.30543,0,1,4,0.39,1,41.99,1
6.3,0.03929,0,0,5,0.44,0,38.74,1
1.9,0.29257,0,1,4,0.25,0,44.36,1
7.5,0.10602,0,0,3,0.05,1,38.98,1
5.5,0.67253,0,1,4,0.99,1,53.14,2
2.0,0.01919,0,0,1,0.77,1,10.69,0
2.9,0.09021,0,0,4,0.99,1,21.76,0
7.5,0.50819,0,0,1,0.66,0,37.22,1
4.8,0.33751,0,0,5,0.88,0,36.11,1
2.2,0.27548,0,1,5,0.45,0,43.62,1
9.7,0.12292,1,1,2,0.35,0,64.62,2
7.2,0.28459,0,1,2,0.99,0,47.62,1
9.6,0.03937,0,0,2,0.17,1,35.5,1
4.3,0.45654,0,1,1,0.22,1,47.22,1
4.8,0.14462,0,0,2,0.67,0,22.16,0
9.0,0.28161,0,0,5,0.26,0,44.96,1
5.3,0.62787,0,0,4,0.43,1,43.03,1
7.1,0.13497,0,0,1,0.93,1,23.49,0
2.5,0.02957,0,1,2,0.27,1,29.05,0
4.5,0.06791,0,1,2,0.51,0,36.81,1
1.2,0.07227,0,0,5,0.74,0,21.98,0
2.1,0.38327,0,0,4,0.07,1,33.53,1
0.0,0.13356,0,0,3,0.07,1,15.82,0
0.4,0.01207,0,1,4,0.75,0,31.35,1
9.8,0.0381,0,0,2,0.92,1,27.79,0
2.4,0.03477,1,1,2,0.59,0,49.89,1
6.6,0.0835,0,1,4,0.04,0,51.65,2
8.4,0.24145,0,0,4,0.45,1,48.41,1
5.5,0.32091,0,1,5,0.72,1,49.58,1
1.5,0.12974,0,1,3,0.63,1,25.5,0
7.3,0.54191,0,0,1,0.2,1,47.72,1
6.0,0.64694,0,0,1,0.05,1,45.63,1
7.3,0.04318,0,0,3,0.89,0,33.37,1
7.7,0.23428,0,1,5,0.23,0,61.19,2
9.8,0.16008,1,1,4,1.0,0,72.08,3
5.7,0.11946,0,1,2,0.12,1,34.53,1
3.4,0.34653,0,1,3,0.11,1,39.55,1
6.5,0.43828,1,1,5,0.67,1,71.34,3
0.7,0.15812,0,1,3,0.27,0,32.82,1
9.0,0.07418,0,1,2,0.97,0,42.17,1
1.2,0.1275,0,1,1,0.24,1,26.95,0
3.3,0.27887,0,1,4,0.62,1,41.04,1
8.2,0.30195,1,1,5,0.41,0,80.4,3
6.0,0.27548,0,1,1,0.09,1,46.18,1
3.9,0.3392,0,1,2,0.71,1,38.68,1
4.7,0.30042,0,1,3,0.79,0,42.77,1
8.5,0.13543,0,0,5,0.83,0,43.9,1
3.4,0.36636,0,0,5,0.49,0,42.68,1
8.7,0.50066,0,0,1,0.98,0,43.83,1
0.9,0.04332,0,0,1,0.8,0,14.7,0
7.8,0.35205,0,0,2,0.44,1,35.78,1
8.5,0.08419,0,1,1,0.1,0,43.31,1
1.8,0.0815,0,1,5,0.25,1,37.49,1
4.3,0.24878,0,0,4,0.77,0,33.99,1
1.7,0.05803,1,0,2,0.88,0,33.05,1
7.1,0.50348,0,1,2,0.66,1,50.61,2
5.4,0.24238,0,1,4,0.39,1,46.04,1
6.4,0.40948,0,1,2,0.36,0,44.16,1
2.0,0.4079,0,1,2,0.36,1,30.21,1
2.1,0.10938,0,0,1,0.49,0,15.27,0
0.4,0.21069,0,0,2,0.73,1,13.29,0
3.2,0.22902,0,1,5,0.16,0,52.59,2
5.6,0.05504,0,1,1,0.02,1,34.68,1
8.6,0.18372,0,0,3,0.08,1,43.85,1
6.7,0.13411,0,0,5,0.67,1,40.29,1
4.4,0.33665,0,1,3,0.85,1,39.01,1
9.5,0.13992,0,0,1,0.41,1,34.43,1
7.2,0.2314,0,0,5,0.34,1,41.93,1
9.3,0.11598,0,0,1,0.02,1,34.7,1
5.3,0.2672,0,0,3,0.06,0,33.85,1
2.6,0.25008,0,1,4,0.75,1,39.77,1
0.5,0.3732,0,1,2,0.09,1,37.55,1
7.3,0.34636,1,0,4,0.83,1,51.25,2
1.2,0.4639,0,0,4,0.78,0,27.76,0
3.0,0.44731,0,0,1,0.82,1,27.01,0
5.3,0.72472,0,1,1,0.69,0,47.27,1
5.6,0.10412,1,0,2,0.02,1,41.04,1
6.0,0.28329,0,0,4,0.44,0,40.48,1
1.7,0.23058,0,1,5,0.16,1,40.18,1
3.8,0.26371,0,0,1,0.34,1,25.6,0
6.2,0.35715,0,0,4,0.56,1,41.19,1
9.7,0.10178,0,1,3,0.73,1,38.48,1
7.3,0.14316,0,0,1,0.23,0,30.24,1
9.2,0.01526,0,0,2,0.33,1,37.07,1
7.6,0.32448,0,1,4,0.21,0,55.48,2
5.9,0.0628,0,1,1,0.98,1,31.03,1
1.9,0.11453,0,1,2,0.93,1,24.63,0
6.7,0.04122,0,1,2,0.65,1,32.22,1
6.2,0.3471,0,0,3,0.82,1,32.07,1
6.0,0.37294,0,1,2,0.72,1,41.02,1
4.9,0.06031,0,0,1,0.85,0,18.42,0
5.3,0.14707,0,1,1,0.94,0,34.78,1
3.3,0.05702,0,0,5,0.93,0,29.08,0
5.2,0.16412,0,1,4,0.57,0,43.39,1
2.0,0.03939,1,0,4,0.96,0,37.09,1
8.1,0.24663,0,1,3,0.41,1,44.37,1
1.9,0.35453,0,0,4,0.19,1,29.71,0
0.8,0.36902,1,0,2,0.23,1,36.42,1
4.4,0.48215,0,1,1,0.46,1,43.58,1
6.6,0.03546,0,0,2,0.25,1,29.22,0
4.4,0.72511,0,1,4,0.13,0,62.52,2
2.8,0.19381,0,1,5,0.4,0,40.04,1
5.6,0.13453,0,0,4,0.58,1,31.55,1
3.5,0.41418,0,0,3,0.97,0,28.17,0
9.3,0.0416,0,1,1,0.62,1,41.22,1
9.2,0.17729,0,1,2,0.77,1,43.4,1
5.0,0.13403,0,1,4,0.68,1,41.46,1
3.3,0.06979,0,1,1,0.38,1,25.35,0
7.4,0.51568,0,0,2,0.19,1,43.37,1
0.4,0.11536,0,0,4,0.28,0,21.12,0
4.7,0.34561,0,0,4,0.88,1,31.85,1
3.4,0.26917,0,0,4,0.16,1,31.96,1
9.2,0.62271,0,0,3,0.1,0,58.4,2
0.1,0.40075,1,1,3,0.85,0,48.11,1
5.5,0.06673,0,0,2,0.55,1,24.22,0
7.4,0.13594,0,0,2,0.68,1,27.6,0
4.9,0.0622,0,1,1,0.83,1,27.37,0
0.9,0.69115,0,0,5,0.34,0,41.16,1
9.7,0.35359,1,0,1,0.75,0,56.0,2
5.2,0.31337,1,0,5,0.63,0,51.11,2
6.1,0.05762,0,1,4,0.02,1,43.57,1
2.4,0.15697,0,1,4,0.72,1,37.25,1
4.8,0.05078,0,0,1,0.34,0,17.63,0
4.3,0.3442,1,1,3,0.21,0,59.41,2
0.7,0.12727,0,0,3,0.96,0,18.84,0
1.1,0.22045,0,0,2,0.77,1,17.4,0
8.4,0.31435,0,0,2,0.02,0,44.65,1
2.4,0.24519,0,0,1,0.76,1,17.69,0
1.9,0.27373,0,0,3,0.85,0,24.89,0
5.0,0.08216,0,1,4,0.36,1,42.4,1
7.7,0.33741,0,0,4,0.33,1,45.7,1
0.6,0.03639,0,0,3,0.42,1,15.38,0
5.8,0.16481,0,1,1,0.47,1,34.82,1
1.2,0.01379,0,0,2,0.38,1,15.64,0
0.4,0.37001,0,1,1,0.51,0,33.11,1
0.5,0.22688,0,1,3,0.97,1,26.83,0
8.3,0.3549,0,0,1,0.03,1,36.28,1
1.2,0.22985,0,0,3,0.98,0,18.82,0
0.5,0.14182,0,0,1,0.85,0,12.41,0
4.4,0.06242,1,1,5,0.8,1,56.74,2
8.4,0.58585,0,0,4,0.45,1,47.64,1
2.6,0.57,0,0,5,0.08,1,42.62,1
4.2,0.63748,1,1,3,0.62,1,61.07,2
0.4,0.00919,0,0,4,0.89,1,13.92,0
4.5,0.26813,0,1,5,0.43,0,48.2,1
5.8,0.39638,0,1,1,0.07,0,46.52,1
5.7,0.05342,1,0,1,0.01,0,40.59,1
3.3,0.25885,0,0,4,0.12,1,38.36,1
3.2,0.21202,1,1,3,0.61,1,50.59,2
1.1,0.12898,0,0,5,0.99,0,23.48,0
3.7,0.01628,0,1,3,0.71,1,29.41,0
1.0,0.39827,0,0,1,0.16,1,29.06,0
7.7,0.20411,0,1,2,0.86,1,42.38,1
9.7,0.17987,0,1,2,0.66,0,54.27,2
9.7,0.02541,0,0,3,0.3,1,38.58,1
8.7,0.30893,0,1,1,0.5,1,45.61,1
6.0,0.14613,0,0,1,0.4,0,26.09,0
7.0,0.18341,0,0,2,0.87,0,32.51,1
2.9,0.09933,0,1,2,0.95,1,27.92,0
6.3,0.50209,0,1,5,0.12,0,58.15,2
4.6,0.2084,0,0,5,0.15,1,38.16,1
4.8,0.44674,0,1,2,0.08,0,49.53,1
7.6,0.58891,0,0,3,0.38,0,45.61,1
2.8,0.05876,0,0,4,0.97,1,20.8,0
3.2,0.08215,0,0,1,0.99,1,14.87,0
9.2,0.34607,0,1,1,0.6,1,45.5,1
0.6,0.51292,0,0,1,0.46,0,27.64,0
4.9,0.07662,1,0,5,0.3,1,51.79,2
9.1,0.27672,0,1,2,0.0,0,49.43,1
6.1,0.12589,0,0,5,0.26,0,41.96,1
5.5,0.24552,0,0,2,0.15,0,33.73,1
2.5,0.17921,0,1,3,0.0,1,42.16,1
3.4,0.06871,1,0,5,0.9,1,38.1,1
8.5,0.60394,1,0,2,0.08,0,66.5,2
5.6,0.08959,0,1,3,0.71,1,35.03,1
5.1,0.38024,0,1,5,0.92,1,48.53,1
1.0,0.14358,0,1,1,0.13,0,25.7,0
0.2,0.11306,0,0,3,0.24,0,18.94,0
9.6,0.65145,0,1,5,0.24,1,77.43,3
3.8,0.12768,0,1,2,0.09,0,35.8,1
6.0,0.13697,0,1,1,0.91,1,38.23,1
0.8,0.21008,0,0,2,0.85,0,16.01,0
6.8,0.17249,0,1,4,0.38,0,47.96,1
9.3,0.50872,1,1,4,0.77,1,68.76,2
5.8,0.31972,0,1,5,0.51,1,57.31,2
1.3,0.35769,0,1,3,0.68,0,38.11,1
5.8,0.01348,0,0,3,0.69,0,28.04,0
7.7,0.13756,0,1,5,0.78,1,46.52,1
4.1,0.485,0,1,5,0.9,1,50.2,2
8.8,0.17323,0,0,1,0.79,1,38.11,1
6.5,0.02146,1,0,2,0.71,0,42.16,1
9.0,0.16572,0,1,2,0.62,1,45.15,1
6.2,0.09441,0,1,4,0.21,1,47.35,1
1.3,0.46924,1,0,4,0.28,1,44.43,1
3.1,0.23066,0,1,5,0.08,0,51.87,2
2.0,0.16178,0,0,3,0.26,1,29.5,0
9.1,0.17168,0,0,3,0.54,1,41.03,1
7.6,0.10513,0,1,1,0.95,0,38.0,1
6.8,0.46735,0,1,4,0.13,1,56.59,2
3.0,0.12818,0,1,1,0.44,0,28.53,0
1.8,0.30702,1,0,2,0.75,1,34.84,1
7.6,0.63867,0,0,5,0.79,0,52.89,2
4.7,0.07085,0,1,3,0.19,0,39.13,1
2.3,0.04638,0,1,4,0.18,0,39.52,1
6.2,0.2204,1,0,4,0.61,0,51.76,2
0.4,0.09082,0,0,5,0.91,0,20.43,0
3.3,0.22139,0,1,5,0.8,1,42.7,1
4.7,0.17778,0,0,4,0.38,0,34.61,1
1.5,0.05121,0,0,4,0.66,0,20.45,0
9.8,0.62542,0,1,3,0.25,1,61.93,2
2.1,0.36519,0,0,3,0.47,0,30.27,1
1.3,0.16524,0,0,5,0.54,1,23.63,0
2.0,0.04065,1,0,2,0.64,1,26.97,0
7.7,0.18579,0,0,2,0.4,0,35.52,1
4.3,0.20625,0,1,5,0.03,1,52.26,2
5.7,0.13889,0,1,5,0.93,0,46.51,1
0.2,0.15308,0,0,1,0.96,0,9.07,0
0.3,0.20075,1,1,2,0.69,1,36.08,1
4.5,0.06137,0,0,4,0.27,0,35.72,1
8.2,0.53887,0,1,1,0.59,1,50.34,2
8.9,0.12885,0,0,1,0.28,1,34.44,1
0.9,0.15068,0,0,5,0.7,1,25.4,0
5.4,0.1366,0,1,3,0.36,1,38.85,1
9.1,0.15123,0,0,1,0.56,0,36.55,1
3.9,0.5169,0,0,5,0.06,1,40.78,1
8.3,0.31968,0,0,1,1.0,1,35.49,1
1.3,0.30476,0,0,3,0.66,0,23.21,0
9.4,0.201,0,0,5,0.94,0,48.11,1
7.5,0.2217,0,0,3,0.74,1,29.65,0
9.4,0.03034,0,1,3,0.56,0,52.56,2
6.8,0.23249,1,1,4,0.74,0,61.81,2
3.6,0.4505,0,0,3,0.47,0,35.45,1
9.4,0.07156,0,0,3,0.96,1,37.85,1
2.8,0.15163,0,0,3,0.77,1,23.94,0
3.3,0.17764,1,0,2,0.12,1,39.88,1
7.0,0.43186,0,0,4,0.95,0,40.29,1
7.7,0.21328,0,1,2,0.58,0,44.54,1
9.3,0.21369,0,0,3,0.45,1,43.5,1
2.0,0.30817,0,0,2,0.79,0,20.85,0
8.0,0.33901,1,0,5,0.23,1,66.99,2
7.4,0.08401,1,1,2,0.96,0,53.55,2
0.6,0.05896,0,1,5,0.17,1,37.46,1
3.9,0.32445,0,1,1,0.3,1,33.24,1
2.8,0.19231,0,0,4,0.89,0,25.53,0
3.0,0.01758,1,0,2,0.61,0,40.0,1
9.8,0.05521,0,0,1,0.85,0,29.88,0
6.4,0.10619,0,0,3,0.2,0,36.1,1
7.2,0.19428,0,1,5,0.8,0,51.37,2
9.8,0.45786,0,0,2,0.18,1,43.3,1
3.8,0.14145,0,1,1,0.74,0,29.73,0
8.0,0.23369,0,0,1,0.15,1,36.94,1
4.3,0.35814,1,1,4,0.34,1,57.88,2
8.7,0.21898,0,1,3,0.48,1,47.84,1
1.8,0.00261,0,1,4,0.92,0,29.2,0
9.5,0.52168,0,0,2,0.73,1,44.69,1
2.2,0.14563,1,0,3,0.28,0,34.81,1
3.3,0.18914,0,1,2,0.45,1,30.92,1
7.6,0.17985,0,0,5,0.35,1,44.07,1
3.9,0.0551,1,0,2,0.94,1,36.52,1
6.1,0.23213,0,1,3,0.17,0,53.87,2
4.4,0.17849,0,0,2,0.92,0,26.29,0
7.4,0.26233,1,1,4,0.83,0,65.31,2
2.3,0.25348,1,1,1,0.13,0,50.03,2
0.6,0.34949,1,0,2,0.27,0,38.31,1
3.0,0.54352,0,1,3,0.71,1,43.43,1
4.7,0.06632,0,1,4,0.71,1,33.56,1
1.7,0.17564,0,1,3,0.23,1,32.45,1
3.5,0.10973,0,0,5,0.63,1,32.27,1
4.0,0.38327,1,0,1,0.69,1,41.75,1
0.6,0.14723,1,0,4,0.07,1,38.56,1
5.8,0.01141,1,0,1,0.38,1,37.19,1
8.8,0.12935,0,0,2,0.91,0,32.5,1
1.5,0.0422,0,0,1,0.9,0,11.19,0
6.0,0.18679,1,0,2,0.66,0,38.43,1
6.6,0.28801,0,1,4,0.65,1,46.93,1
4.2,0.19106,0,0,3,0.86,0,27.67,0
7.0,0.27773,0,0,4,0.34,0,43.03,1
4.1,0.06044,0,0,3,0.05,1,25.89,0
5.0,0.0992,1,0,3,0.85,0,40.36,1
0.1,0.26252,0,1,1,0.31,0,23.24,0
6.9,0.16381,0,1,3,0.67,0,46.1,1
6.6,0.24783,1,1,5,0.49,1,68.98,2
0.4,0.26798,1,0,5,0.14,0,43.51,1
3.7,0.35774,0,1,1,0.42,0,33.53,1
9.8,0.07918,0,1,1,0.26,1,47.49,1
4.2,0.13938,1,0,4,0.01,0,48.78,1
5.0,0.41265,1,1,5,0.52,0,61.82,2
9.1,0.48532,0,1,5,0.56,0,61.27,2
7.2,0.02502,0,0,3,0.31,0,34.14,1
5.8,0.56178,0,1,4,0.29,1,58.28,2
8.0,0.60419,0,1,4,0.45,1,61.02,2
8.6,0.10289,1,0,4,0.62,1,51.99,2
4.6,0.00969,0,0,2,0.97,1,15.8,0
4.8,0.39525,1,0,3,0.48,1,45.89,1
3.9,0.11449,0,0,1,0.93,1,18.55,0
9.7,0.32826,0,0,4,0.97,1,43.78,1
7.0,0.44624,0,1,3,0.61,1,55.95,2
0.8,0.15203,0,1,3,0.56,0,35.37,1
8.6,0.06796,0,1,3,0.06,0,56.99,2
4.8,0.04457,0,0,5,0.22,1,33.37,1
0.7,0.26673,0,0,1,1.0,1,14.24,0
5.5,0.23465,0,0,4,0.75,1,32.07,1
4.2,0.06698,1,0,1,0.67,1,35.46,1
8.8,0.40737,1,0,1,0.57,0,56.06,2
2.0,0.36558,0,0,5,0.68,1,32.71,1
8.3,0.02074,0,1,1,0.68,1,31.29,1
5.6,0.15691,0,0,1,0.22,0,33.42,1
0.5,0.33452,0,1,3,0.78,0,28.62,0
9.7,0.1447,0,1,3,0.47,1,49.33,1
5.1,0.05885,0,0,4,0.7,1,28.58,0
2.9,0.22422,0,1,2,0.35,1,30.14,1
4.7,0.0626,0,0,4,0.58,0,24.73,0
8.6,0.28992,0,1,4,0.74,0,56.56,2
3.0,0.28007,0,1,3,0.61,0,41.06,1
1.9,0.12264,0,0,1,0.63,1,14.79,0
1.3,0.19064,1,1,5,0.19,0,52.34,2
3.0,0.37038,1,0,4,0.51,1,49.83,1
7.8,0.50627,0,1,2,0.27,1,52.71,2
4.7,0.19226,0,0,4,0.37,1,33.99,1
2.3,0.2928,0,0,1,0.8,0,17.63,0
1.7,0.17678,0,0,4,0.05,1,27.57,0
3.3,0.11713,0,1,1,0.26,1,23.67,0
9.4,0.28852,0,1,1,0.79,0,46.43,1
3.4,0.06713,0,1,5,0.85,1,30.87,1
9.9,0.20376,1,1,5,0.21,0,77.94,3
4.9,0.11239,0,0,4,0.17,1,32.59,1
1.8,0.30238,0,1,5,0.8,0,44.22,1
8.9,0.23805,1,0,2,0.72,0,55.07,2
4.6,0.20319,0,0,3,0.56,1,24.46,0
7.1,0.02174,0,0,4,0.46,1,41.34,1
9.8,0.23229,0,0,5,0.88,0,49.12,1
0.5,0.36741,0,0,2,0.28,0,23.06,0
1.0,0.37648,0,0,3,0.65,0,24.24,0
7.2,0.32065,0,0,2,0.93,1,33.97,1
2.8,0.03296,0,1,4,0.17,1,35.34,1
1.8,0.05211,0,0,3,0.19,1,25.25,0
0.4,0.48624,0,1,5,0.12,1,42.58,1
0.2,0.04426,0,0,1,0.27,1,11.02,0
7.7,0.18824,1,1,5,0.57,0,69.21,2
1.3,0.47399,0,0,1,0.33,0,21.61,0
4.7,0.08468,0,1,2,0.56,0,36.56,1
6.1,0.10553,1,0,1,0.48,0,42.5,1
4.3,0.08571,0,1,1,0.53,1,29.1,0
0.3,0.12939,0,0,2,0.95,1,11.26,0
7.8,0.53777,0,0,2,0.21,1,46.83,1
0.1,0.36541,0,1,1,0.67,0,24.52,0
7.6,0.14303,0,0,1,0.47,0,30.43,1
8.9,0.38649,0,0,4,0.68,0,46.61,1
4.3,0.41858,0,1,5,0.6,0,54.01,2
5.4,0.46664,0,0,3,0.76,0,39.02,1
4.8,0.55247,0,0,2,0.53,1,36.32,1
3.9,0.21596,0,1,2,0.7,1,35.16,1
8.9,0.18713,0,1,1,0.74,1,45.21,1
8.9,0.09712,0,1,2,0.18,1,46.24,1
3.4,0.13387,0,1,5,0.92,1,39.54,1
6.2,0.38442,0,0,4,0.72,0,44.65,1
9.3,0.06019,1,1,4,0.1,0,72.01,3
9.6,0.08165,1,0,1,0.86,0,46.18,1
5.1,0.40125,0,1,1,0.19,1,44.0,1
4.5,0.11615,0,0,3,0.59,1,27.02,0
2.8,0.17972,1,0,5,0.31,0,50.19,2
9.6,0.27047,1,0,2,0.58,0,54.05,2
1.4,0.64828,0,1,1,0.89,1,29.57,0
5.8,0.0124,0,0,3,0.89,0,24.83,0
2.8,0.21247,0,1,4,0.79,1,36.39,1
2.8,0.16991,0,1,2,0.81,1,32.77,1
4.0,0.08901,0,0,4,0.51,0,29.48,0
10.0,0.20041,0,1,4,0.87,0,57.95,2
0.5,0.33317,0,0,5,0.47,0,35.43,1
5.8,0.10905,0,1,1,0.21,1,37.52,1
0.8,0.18495,0,0,1,0.9,1,4.19,0
1.5,0.25707,0,1,1,0.46,0,31.11,1
4.4,0.16204,0,0,4,0.6,0,34.57,1
5.1,0.43355,0,1,3,0.63,1,43.56,1
2.6,0.17783,0,1,5,0.08,0,48.82,1
3.2,0.21018,0,0,5,0.35,0,33.8,1
0.9,0.5752,0,1,4,0.36,0,47.53,1
3.0,0.06267,0,0,1,0.72,0,14.76,0
9.7,0.11841,0,1,3,0.68,1,45.59,1
9.4,0.13675,0,0,1,0.99,1,34.52,1
3.3,0.14407,0,0,5,0.73,1,28.45,0
5.7,0.05962,0,1,3,0.22,1,38.69,1
9.1,0.18246,0,1,2,0.35,0,48.91,1
0.1,0.50644,0,0,2,0.17,1,24.98,0
8.1,0.36736,0,0,4,0.86,1,41.53,1
9.5,0.44158,0,0,2,0.85,0,41.55,1
0.9,0.05186,0,0,5,0.91,0,20.29,0
1.6,0.00981,0,0,5,0.66,1,19.69,0
9.6,0.05987,0,0,2,0.27,1,35.94,1
5.4,0.00845,0,1,4,0.9,1,39.32,1
0.1,0.04801,1,1,4,0.27,1,42.4,1
2.6,0.1014,1,1,3,0.38,0,53.4,2
4.5,0.00833,1,0,2,0.02,1,34.77,1
6.9,0.17451,0,1,2,0.58,1,40.85,1
7.3,0.10657,0,0,5,0.44,1,34.75,1
10.0,0.21484,0,0,2,0.65,1,40.75,1
2.9,0.30175,0,0,1,0.97,1,12.07,0
5.4,0.05345,0,1,4,0.06,0,45.99,1
5.3,0.35341,0,0,4,0.09,1,45.52,1
4.1,0.40685,0,0,3,0.56,1,36.19,1
1.7,0.21098,1,0,2,1.0,0,34.23,1
9.8,0.5031,0,0,4,0.29,1,54.83,2
8.5,0.06105,0,1,2,0.54,1,35.45,1
5.0,0.15138,0,0,5,0.2,0,43.11,1
6.0,0.1492,0,1,4,0.53,1,45.57,1
2.3,0.49882,1,1,2,0.18,1,51.14,2
5.4,0.06745,0,0,2,0.18,0,28.31,0
6.9,0.32019,0,1,3,0.34,0,52.03,2
5.2,0.55661,0,0,4,0.94,0,44.48,1
9.9,0.80397,0,1,1,0.66,1,61.53,2
6.1,0.14208,0,0,4,0.37,0,31.13,1
3.7,0.27562,0,0,5,0.64,0,34.18,1
7.7,0.32627,0,0,2,0.2,0,44.15,1
1.7,0.77576,0,1,4,0.64,1,48.38,1
3.8,0.31057,0,0,2,0.92,1,21.05,0
3.5,0.26514,0,1,3,0.94,1,35.28,1
4.3,0.26026,0,0,3,0.59,1,30.38,1
7.8,0.01313,0,0,4,0.88,0,35.59,1
4.8,0.374,0,0,3,0.39,1,34.2,1
7.9,0.27791,0,1,2,0.89,0,42.75,1
5.8,0.03481,1,1,5,0.33,1,57.15,2
3.4,0.53843,0,1,4,0.7,0,53.31,2
8.1,0.00663,0,0,5,0.92,1,33.84,1
2.4,0.11293,0,0,3,0.57,0,25.83,0
2.2,0.3969,0,1,3,0.27,0,41.71,1
5.0,0.08164,0,1,2,0.7,1,30.68,1
2.6,0.13737,0,0,4,0.11,0,32.37,1
0.1,0.35416,0,1,4,0.35,1,37.73,1
6.5,0.19738,0,0,1,0.9,1,16.67,0
5.1,0.4049,0,1,2,0.74,1,40.95,1
4.5,0.20606,1,0,4,0.05,1,46.59,1
9.7,0.11515,0,0,5,0.57,0,48.02,1
5.7,0.10186,0,0,3,0.25,1,31.05,1
8.6,0.11654,0,1,5,0.01,0,55.09,2
1.4,0.04059,0,0,3,0.27,1,19.14,0
5.7,0.19803,0,1,2,0.77,1,34.26,1
8.7,0.12555,0,0,4,0.4,1,45.61,1
5.8,0.14044,0,1,3,0.27,1,46.12,1
7.2,0.42542,0,1,2,1.0,0,46.01,1
3.7,0.23122,0,1,5,0.58,0,46.5,1
0.9,0.42599,0,1,3,0.22,0,39.96,1
4.6,0.02103,0,1,4,0.2,0,42.63,1
3.9,0.4025,0,1,5,0.1,1,48.96,1
8.7,0.1099,0,1,2,0.61,1,45.52,1
2.4,0.13858,0,0,5,0.88,1,21.57,0
9.7,0.12275,0,0,3,0.86,0,46.96,1
9.6,0.51449,0,1,1,0.94,0,60.05,2
2.5,0.6367,0,0,1,0.02,0,37.96,1
3.5,0.38516,0,1,4,0.56,0,46.73,1
9.0,0.67244,0,0,2,0.92,0,49.08,1
9.7,0.44562,0,0,4,0.9,0,49.11,1
4.4,0.07373,0,1,3,0.27,1,37.42,1
3.2,0.3011,0,0,2,0.5,0,27.55,0
5.3,0.35073,0,0,1,0.1,1,32.3,1
6.9,0.73569,0,0,5,0.27,1,51.8,2
2.7,0.4233,0,0,5,0.99,1,33.29,1
7.4,0.06931,0,1,3,0.59,1,44.27,1
0.5,0.13729,0,1,3,1.0,1,25.49,0
0.5,0.23026,0,1,2,0.02,0,35.55,1
3.9,0.33334,0,1,1,0.97,0,35.27,1
3.5,0.28277,0,1,5,0.35,0,49.53,1
3.2,0.43576,0,0,2,0.08,0,32.18,1
4.9,0.23611,0,0,2,0.09,1,29.16,0
3.2,0.06227,0,0,2,0.34,0,18.25,0
1.9,0.10518,1,1,4,0.47,0,53.09,2
3.1,0.20363,0,0,2,0.09,1,24.39,0
9.7,0.2298,0,0,2,0.85,1,33.32,1
4.1,0.04297,0,0,2,0.49,0,26.45,0
4.4,0.27002,0,0,2,0.36,1,28.22,0
5.8,0.44362,0,0,4,0.52,1,43.27,1
9.8,0.15374,1,1,3,0.49,0,72.57,3
2.4,0.17542,0,0,4,0.1,1,29.54,0
6.8,0.02893,0,0,2,0.05,0,29.72,0
7.2,0.15821,0,0,3,0.68,1,34.71,1
6.1,0.48005,0,0,4,0.49,1,48.44,1
0.9,0.14883,0,1,1,0.02,0,31.47,1
6.8,0.27214,0,0,1,0.67,1,30.78,1
0.6,0.47033,0,0,2,0.71,1,18.74,0
6.0,0.06867,0,1,2,0.97,0,35.1,1
7.4,0.62232,0,0,5,0.63,1,53.62,2
2.1,0.11117,0,0,1,0.28,1,16.92,0
8.4,0.01576,0,0,3,0.24,0,42.0,1
0.3,0.24551,0,0,3,0.46,0,25.91,0
8.4,0.01195,0,0,5,0.09,0,42.93,1
4.6,0.43058,0,0,1,0.5,0,27.79,0
2.2,0.40802,0,0,4,0.33,0,34.23,1
1.3,0.01806,0,0,4,0.83,1,16.92,0
9.5,0.21604,0,0,3,0.69,1,42.88,1
0.7,0.18431,1,0,4,0.26,0,40.87,1
2.0,0.00837,0,0,2,0.48,0,23.0,0
3.5,0.2468,0,0,2,0.72,0,26.68,0
6.2,0.43794,0,1,5,0.17,1,60.48,2
5.4,0.32198,0,0,4,0.97,1,34.46,1
1.3,0.32769,0,1,5,0.09,1,40.31,1
2.9,0.19195,0,0,1,0.95,1,12.7,0
2.4,0.26357,0,0,4,0.02,1,31.59,1
2.1,0.11258,0,1,3,0.48,0,36.76,1
4.1,0.21529,0,0,3,0.29,0,28.75,0
7.0,0.33085,1,0,1,0.97,1,42.1,1
2.2,0.28848,0,1,2,0.86,1,24.68,0
3.7,0.06426,0,1,2,0.9,0,33.34,1
3.9,0.20135,0,0,2,0.49,1,20.01,0
9.8,0.12582,0,1,4,0.11,0,61.46,2
9.5,0.29435,0,1,5,0.25,0,62.58,2
8.0,0.45504,0,0,1,0.53,0,37.9,1
2.4,0.437,0,1,4,0.39,1,46.75,1
0.7,0.42751,0,1,3,0.33,0,38.3,1
3.2,0.03147,1,0,5,0.3,1,50.7,2
2.7,0.31433,0,1,5,0.23,1,44.65,1
5.1,0.33817,0,0,4,0.54,0,37.59,1
7.8,0.061,0,0,3,0.69,0,34.45,1
8.6,0.21627,0,1,5,0.69,0,53.54,2
8.4,0.01329,0,1,4,0.04,0,53.27,2
3.6,0.60463,0,1,3,0.03,1,50.24,2
6.9,0.16069,1,0,4,0.09,1,55.98,2
3.1,0.26088,0,1,3,0.02,1,42.15,1
0.6,0.24523,0,0,1,0.44,1,16.29,0
7.0,0.18264,0,1,2,0.05,0,49.33,1
0.1,0.1117,0,1,4,0.44,0,28.95,0
4.1,0.21309,1,1,4,0.34,0,62.12,2
3.3,0.02672,0,0,4,0.06,1,27.44,0
6.9,0.15709,0,1,4,0.08,0,54.07,2
7.7,0.28697,1,0,1,0.77,1,47.41,1
3.0,0.75437,0,1,2,0.72,1,45.84,1
8.1,0.07965,0,0,2,0.29,1,36.75,1
2.9,0.16836,0,0,5,0.13,1,31.79,1
4.5,0.43414,0,0,1,0.36,0,30.37,1
7.3,0.17027,0,1,2,0.48,1,38.32,1
6.9,0.10633,1,0,2,0.52,1,46.34,1
9.9,0.22177,0,0,3,0.02,0,45.46,1
2.3,0.05796,0,1,3,0.6,1,26.89,0
6.6,0.48489,0,0,1,0.63,0,40.93,1
6.1,0.56782,1,0,1,0.64,0,54.86,2
9.2,0.43371,1,1,2,0.63,1,68.88,2
1.6,0.14202,0,0,3,0.96,1,13.66,0
7.5,0.30862,0,1,3,0.71,0,54.45,2
5.7,0.13088,0,0,2,0.32,0,29.4,0
2.7,0.2324,0,0,2,0.81,1,18.83,0
4.7,0.17388,0,0,5,0.43,0,35.09,1
3.3,0.062,0,0,4,0.06,0,28.1,0
5.8,0.07676,0,1,1,0.65,0,37.87,1
8.9,0.07507,0,1,1,0.38,0,47.3,1
5.7,0.10909,1,0,5,0.93,0,55.12,2
6.3,0.09227,0,0,3,0.34,0,35.04,1
5.2,0.51227,0,1,4,0.05,1,53.29,2
0.5,0.18706,0,1,3,0.95,1,18.99,0
2.3,0.06213,1,1,5,0.83,0,51.65,2
4.9,0.25986,0,0,5,0.98,0,35.01,1
3.1,0.02101,0,1,5,0.18,1,37.09,1
1.8,0.11864,0,0,1,0.02,0,19.83,0
5.0,0.44557,1,0,1,0.95,1,42.79,1
3.2,0.15356,0,1,3,0.74,1,30.6,1
2.6,0.16097,0,0,2,0.86,1,16.22,0
4.6,0.08712,1,0,1,0.0,1,39.46,1
1.3,0.34045,0,0,4,0.66,0,30.6,1
9.3,0.22734,0,0,4,0.71,1,44.06,1
8.7,0.38658,0,0,4,0.34,1,46.61,1
7.1,0.50416,0,0,5,0.47,1,57.45,2
1.1,0.02677,1,1,3,0.13,1,37.98,1
7.8,0.05706,0,1,5,0.08,0,54.28,2
8.1,0.21821,1,1,4,0.81,1,59.16,2
7.7,0.03551,0,0,4,0.82,1,33.62,1
1.1,0.23883,0,0,5,0.23,0,32.83,1
6.4,0.24101,1,1,4,0.82,1,61.56,2
8.3,0.05459,1,0,4,0.36,0,57.83,2
5.8,0.22693,0,1,3,0.29,1,45.36,1
6.5,0.32808,0,0,4,0.79,0,31.22,1
4.6,0.1231,0,1,5,0.71,1,43.1,1
5.3,0.10706,0,1,5,0.64,1,46.95,1
0.3,0.25008,1,0,2,0.8,1,26.6,0
6.4,0.6763,0,0,4,0.86,1,41.16,1
0.8,0.72642,0,1,2,0.95,1,40.91,1
4.4,0.36362,0,0,5,0.62,1,46.84,1
2.9,0.09111,0,0,2,0.09,0,22.17,0
5.5,0.28581,0,1,4,0.35,1,47.53,1
1.3,0.20208,0,1,1,0.13,1,29.51,0
6.9,0.24593,0,0,3,0.12,1,40.6,1
8.0,0.06721,0,0,4,0.99,0,37.52,1
1.6,0.13357,0,0,2,0.18,0,23.17,0
1.0,0.04522,0,0,2,0.74,1,16.76,0
1.5,0.008,0,1,2,0.78,0,21.74,0
8.8,0.20597,0,0,5,0.49,1,45.02,1
5.3,0.32188,1,0,4,0.0,1,57.25,2
4.7,0.16689,0,0,2,0.73,1,25.75,0
1.1,0.21334,0,0,1,0.95,1,11.47,0
6.5,0.21914,0,1,4,0.77,0,49.78,1
8.7,0.04788,1,1,5,0.53,0,72.71,3
8.3,0.28599,0,1,4,0.59,1,53.97,2
6.3,0.4951,0,1,5,0.16,1,55.23,2
0.8,0.06145,0,0,5,0.88,1,18.3,0
1.1,0.06995,1,0,3,0.6,1,30.59,1
0.5,0.37522,1,1,3,0.25,1,53.39,2
2.6,0.01366,0,1,1,0.1,1,26.68,0
1.4,0.41314,0,1,2,0.27,0,42.97,1
2.6,0.03374,0,1,4,0.77,1,29.03,0
3.9,0.20766,0,0,2,0.96,1,21.04,0
9.4,0.08435,0,1,4,0.23,1,50.8,2
6.1,0.40887,0,1,1,0.31,0,49.61,1
8.3,0.17919,0,0,1,0.81,0,27.73,0
7.1,0.18515,1,0,4,0.73,1,47.77,1
1.1,0.57913,0,0,5,0.12,0,44.68,1
7.4,0.26604,0,1,3,0.91,1,47.78,1
2.8,0.13625,0,0,4,0.23,0,32.47,1
6.4,0.13476,0,0,5,0.77,1,38.96,1
3.4,0.33099,0,0,4,0.65,1,30.62,1
10.0,0.06824,0,0,4,0.47,0,46.37,1
2.6,0.0771,1,1,4,0.09,1,53.31,2
2.8,0.1008,1,0,4,0.89,0,40.27,1
9.3,0.19947,0,1,4,0.53,1,56.05,2
0.2,0.1111,0,0,5,0.11,0,24.71,0
7.0,0.1344,0,1,1,0.48,1,36.16,1
7.3,0.18777,0,1,3,0.1,1,42.51,1
8.4,0.12543,0,1,3,0.37,0,54.77,2
9.7,0.15956,1,1,5,0.12,0,77.93,3
9.8,0.13333,1,0,5,0.26,1,59.33,2
0.7,0.13409,0,1,4,0.81,0,27.53,0
8.2,0.3953,0,0,1,0.23,1,41.49,1
6.5,0.08131,0,1,1,0.64,0,36.74,1
6.5,0.11069,0,0,2,0.23,1,30.16,1
1.3,0.29927,1,0,1,0.62,1,33.97,1
6.5,0.10487,0,1,4,0.74,1,40.12,1
9.8,0.12303,0,1,2,0.1,0,56.84,2
9.1,0.0643,1,0,5,0.85,0,57.45,2
4.4,0.43528,0,1,4,0.91,0,42.09,1
0.4,0.17779,0,0,2,0.37,1,16.08,0
3.6,0.1134,0,0,4,0.88,1,28.29,0
8.3,0.18908,0,1,5,0.12,0,55.97,2
7.0,0.06219,0,0,2,0.43,0,31.75,1
4.6,0.10765,0,0,4,0.16,0,32.81,1
0.6,0.22153,1,1,3,0.96,0,48.3,1
4.3,0.16126,0,1,5,0.77,0,44.74,1
4.7,0.04406,0,0,2,0.62,1,21.2,0
9.3,0.07095,0,0,3,0.07,0,41.86,1
6.4,0.03454,0,1,3,0.17,0,49.53,1
3.1,0.15796,0,1,2,0.35,1,26.83,0
5.3,0.33061,1,1,1,0.23,0,56.77,2
0.7,0.06964,0,1,1,0.31,0,26.17,0
9.7,0.40016,0,0,4,0.97,0,50.39,2
3.6,0.3026,0,0,2,0.8,1,18.95,0
4.8,0.09268,1,1,2,0.07,1,53.84,2
3.6,0.07003,0,1,3,0.06,1,33.41,1
6.8,0.18062,0,0,3,0.05,0,42.74,1
6.6,0.13153,0,1,3,0.72,1,43.12,1
7.2,0.00789,0,0,5,0.51,1,32.59,1
2.7,0.50382,0,0,1,0.15,1,27.67,0
3.2,0.17814,0,0,4,0.94,1,22.42,0
1.3,0.13925,0,1,4,0.2,1,32.81,1
6.6,0.09999,0,0,2,0.72,0,29.51,0
0.4,0.34381,0,1,3,1.0,0,26.64,0
6.0,0.47429,0,1,2,0.99,1,39.03,1
8.7,0.27104,0,0,1,0.62,0,37.69,1
8.9,0.13805,0,0,5,0.15,0,46.6,1
4.5,0.17127,0,0,1,0.99,1,21.54,0
4.6,0.15711,1,0,2,0.73,0,40.01,1
0.8,0.51034,0,0,3,0.83,0,26.17,0
6.7,0.32456,1,1,2,0.98,1,57.1,2
8.2,0.12407,0,0,3,0.2,1,37.15,1
2.4,0.04857,0,1,3,0.32,1,30.19,1
4.2,0.0393,0,1,2,0.25,1,36.59,1
8.4,0.01974,1,1,5,0.99,1,56.68,2
8.8,0.01587,0,0,2,0.65,0,33.6,1
2.4,0.13523,0,1,1,0.31,1,28.7,0
5.5,0.26394,1,0,1,0.37,0,44.76,1
1.9,0.33061,0,1,4,0.45,1,35.43,1
1.0,0.53414,1,0,1,0.44,1,37.15,1
9.1,0.07228,0,0,1,0.17,1,33.23,1
8.2,0.36585,0,0,2,0.86,1,36.12,1
7.6,0.18159,1,0,2,0.77,1,44.86,1
0.5,0.24294,0,1,5,0.91,1,29.55,0
8.4,0.08814,0,1,1,0.53,0,39.53,1
4.4,0.32677,0,0,5,0.67,1,32.23,1
3.4,0.04896,0,0,5,0.75,1,26.8,0
5.5,0.35067,0,1,1,0.59,0,39.43,1
0.9,0.06511,0,1,2,0.7,1,22.0,0
7.6,0.12112,0,1,3,0.53,1,49.34,1
5.8,0.04298,0,1,3,0.4,0,41.73,1
1.9,0.08333,0,0,3,0.98,0,23.26,0
1.9,0.73326,0,0,5,0.48,0,41.76,1
1.8,0.15272,0,0,3,0.84,1,20.75,0
0.6,0.72078,0,1,4,0.6,0,45.54,1
5.9,0.1239,1,0,4,0.27,0,49.01,1
8.4,0.01793,0,1,5,0.11,1,49.97,1
0.2,0.19137,0,0,2,0.92,0,13.78,0
0.5,0.18702,0,1,1,0.34,0,30.08,1
5.7,0.45639,0,0,5,0.3,0,51.26,2
8.2,0.56076,0,0,3,0.75,1,46.34,1
3.3,0.08989,0,0,1,0.65,1,17.0,0
3.5,0.06844,0,1,2,0.66,1,25.66,0
6.0,0.19984,0,0,3,0.13,1,36.25,1
2.7,0.18012,0,0,4,0.25,0,27.91,0
0.3,0.06455,0,0,4,0.5,0,24.11,0
7.4,0.24891,0,0,5,0.87,0,43.55,1
6.3,0.15796,0,0,2,0.43,0,33.3,1
5.8,0.14415,0,1,5,0.14,0,53.03,2
7.4,0.54606,0,0,2,0.4,0,41.08,1
6.8,0.20173,0,0,5,0.29,1,44.54,1
2.1,0.65574,0,0,1,0.99,1,21.07,0
3.5,0.20675,1,0,5,0.38,0,51.13,2
1.3,0.16322,0,1,1,0.62,1,23.06,0
1.3,0.04362,0,0,2,0.57,0,15.86,0
6.8,0.07097,1,1,1,0.17,1,49.9,1
8.6,0.14753,0,1,1,0.13,1,41.38,1
9.6,0.47298,0,0,5,0.02,1,55.25,2
6.3,0.0278,0,1,1,0.14,1,33.16,1
1.8,0.453,0,1,3,0.73,0,37.48,1
1.1,0.03274,0,0,3,0.63,0,17.7,0
8.1,0.3728,0,0,2,0.28,0,41.59,1
5.8,0.08358,1,0,3,0.22,1,45.89,1
6.2,0.3019,0,0,5,0.03,0,49.16,1
7.8,0.19111,0,1,1,0.28,1,41.15,1
7.0,0.13689,0,0,1,0.34,0,26.86,0
8.3,0.06704,0,1,2,0.87,0,44.0,1
0.6,0.38325,1,0,1,0.01,0,37.85,1
7.5,0.07483,0,1,1,0.26,0,46.18,1
8.5,0.04186,0,0,1,0.95,0,25.8,0
2.9,0.50469,0,1,2,0.85,1,37.45,1
6.4,0.42424,0,1,3,0.88,1,47.29,1
3.1,0.38266,0,1,3,0.0,1,43.69,1
9.6,0.01625,0,1,4,0.36,1,51.22,2
0.3,0.11866,0,0,5,0.48,0,26.38,0
5.8,0.02286,1,0,4,0.11,1,47.35,1
1.7,0.19188,0,0,2,0.08,0,25.4,0
7.1,0.23921,0,1,2,0.36,1,46.56,1
1.8,0.41725,0,0,3,0.92,0,27.2,0
2.4,0.1484,0,0,1,0.4,1,17.18,0
4.9,0.07701,1,1,4,0.76,1,55.07,2
9.1,0.20946,0,0,2,0.6,1,34.72,1
2.1,0.06056,0,0,5,0.89,0,30.9,1
1.4,0.42636,0,1,4,0.33,0,39.78,1
7.6,0.24478,0,1,5,0.13,1,56.92,2
5.0,0.24274,0,0,5,0.14,0,44.54,1
9.1,0.53073,0,1,3,0.19,1,58.15,2
1.5,0.23179,0,0,3,0.81,1,21.85,0
6.5,0.03414,0,0,5,0.57,1,38.88,1
2.3,0.05653,0,0,4,0.55,0,29.23,0
1.6,0.22156,0,1,3,0.12,0,34.77,1
6.8,0.07637,0,1,4,0.18,1,52.34,2
5.9,0.28667,0,0,3,0.21,0,39.96,1
7.5,0.40105,0,1,1,0.75,0,46.4,1
3.1,0.11226,0,0,2,0.7,1,14.16,0
4.5,0.04502,0,1,1,0.58,0,31.27,1
4.1,0.04366,0,0,1,0.1,1,20.95,0
9.8,0.3404,1,1,2,0.15,1,65.94,2
2.9,0.14283,0,0,3,0.26,0,22.22,0
2.9,0.28222,0,1,3,0.83,0,35.89,1
3.5,0.10055,0,0,1,0.72,0,17.5,0
5.6,0.05084,0,0,3,0.91,1,20.71,0
2.5,0.18709,0,1,5,0.03,1,44.2,1
9.2,0.28496,1,1,5,0.82,0,79.93,3
2.7,0.48618,0,1,3,0.02,0,50.05,2
9.0,0.08565,1,0,5,0.67,1,55.2,2
1.0,0.28014,0,0,2,0.65,1,20.11,0
6.6,0.24457,1,1,1,0.27,1,57.37,2
9.1,0.41747,1,0,3,0.75,1,55.5,2
1.7,0.18808,0,1,1,0.42,0,28.63,0
9.7,0.05104,0,0,2,0.63,1,34.14,1
4.5,0.31425,0,1,1,0.63,1,38.23,1
9.5,0.02883,1,0,3,0.88,1,48.25,1
6.8,0.73865,0,1,2,0.67,1,52.76,2
3.0,0.55172,0,1,2,0.67,0,45.47,1
1.9,0.12209,1,1,5,0.6,1,47.4,1
3.0,0.2463,0,1,3,0.1,1,32.3,1
0.9,0.29376,0,1,2,0.3,1,26.24,0
1.4,0.40062,0,1,2,0.46,0,39.68,1
1.0,0.07737,1,1,1,0.25,0,46.28,1
4.2,0.05443,1,1,5,0.17,0,60.53,2
8.0,0.22154,0,1,1,0.51,1,42.01,1
1.4,0.14386,0,0,2,0.84,1,14.05,0
1.3,0.07554,0,1,2,0.63,0,26.87,0
6.4,0.00795,0,1,1,0.69,0,31.95,1
2.0,0.3059,0,0,1,0.14,1,22.54,0
1.0,0.28206,0,1,2,0.8,0,29.26,0
1.7,0.57139,0,0,2,0.11,0,30.72,1
9.2,0.25551,0,0,5,0.28,0,51.83,2
8.2,0.53586,0,0,2,0.88,1,41.07,1
3.5,0.29254,0,1,2,0.92,0,36.27,1
6.6,0.29234,0,0,3,0.09,1,35.59,1
5.4,0.24167,0,0,4,0.16,1,39.76,1
6.8,0.11044,0,0,4,0.36,0,37.05,1
6.8,0.08371,0,0,2,0.72,1,28.48,0
6.3,0.33391,0,1,5,0.15,0,57.27,2
2.7,0.32465,0,0,3,0.15,0,36.73,1
0.4,0.35611,0,1,2,0.55,1,28.0,0
4.6,0.24508,0,0,3,0.59,0,35.02,1
8.9,0.26206,0,0,1,0.09,0,38.64,1
5.7,0.20021,0,0,5,0.41,1,35.0,1
8.3,0.00506,0,1,4,0.73,0,43.5,1
9.9,0.28958,0,0,3,0.34,1,47.19,1
1.6,0.08228,0,1,2,0.24,0,31.07,1
6.9,0.30624,0,1,1,0.11,1,44.26,1
6.7,0.38339,0,0,5,0.46,0,52.06,2
9.8,0.06506,0,0,3,0.94,0,37.29,1
9.9,0.07979,0,0,1,0.61,0,40.79,1
6.9,0.46492,1,1,3,0.07,0,76.03,3
2.4,0.38534,0,0,3,0.26,0,33.13,1
8.0,0.10941,0,0,3,0.74,1,35.04,1
1.1,0.02306,0,1,5,0.76,0,37.29,1
7.8,0.13842,1,1,5,0.38,1,66.3,2
9.1,0.34202,0,1,4,0.07,0,62.49,2
3.8,0.11364,0,0,3,0.54,1,24.64,0
6.3,0.08547,0,0,1,0.73,1,20.21,0
4.3,0.03903,0,0,2,0.33,1,16.99,0
4.4,0.28447,1,0,3,0.79,1,45.54,1
3.1,0.0801,0,0,4,0.33,1,31.12,1
7.6,0.18633,0,1,5,0.17,0,53.4,2
9.4,0.23373,0,1,4,0.8,1,55.09,2
9.4,0.05661,0,1,4,0.13,1,51.46,2
1.7,0.5729,0,0,3,0.24,1,35.71,1
8.7,0.08996,0,0,3,0.85,1,31.09,1
7.4,0.13813,0,0,1,0.52,1,31.0,1
2.5,0.09901,0,1,1,0.15,0,31.11,1
0.7,0.24563,0,1,4,0.62,1,39.44,1
2.7,0.42177,1,0,1,0.59,0,39.99,1
9.1,0.29912,0,0,1,0.55,1,34.15,1
6.3,0.04955,0,0,2,0.34,1,20.74,0
7.2,0.23931,0,1,1,0.41,1,45.78,1
2.6,0.00864,1,0,4,0.76,1,40.07,1
7.2,0.20347,1,0,3,0.93,0,48.57,1
0.3,0.64858,1,0,5,0.58,0,51.87,2
3.8,0.13929,0,0,3,0.93,1,20.92,0
6.3,0.05049,0,1,4,0.18,1,41.74,1
1.5,0.39019,0,0,5,0.29,1,30.13,1
8.2,0.26683,0,0,2,0.84,0,39.5,1
2.4,0.24192,0,0,4,0.96,1,18.71,0
6.5,0.11473,0,0,4,0.89,0,34.75,1
4.1,0.08801,0,1,4,0.49,1,36.16,1
6.0,0.18848,0,0,3,0.81,0,36.12,1
1.1,0.34684,0,1,5,0.2,0,47.87,1
0.2,0.17053,1,1,2,0.32,0,45.94,1
9.1,0.32459,0,0,1,1.0,1,34.17,1
2.7,0.36288,0,1,5,0.18,0,48.14,1
8.2,0.11261,1,0,4,0.24,1,52.62,2
10.0,0.16314,0,0,4,0.72,1,48.35,1
2.1,0.15241,0,0,4,0.67,0,28.83,0
2.7,0.25234,0,0,4,0.72,0,30.1,1
6.6,0.05888,0,0,2,0.95,1,25.52,0
9.7,0.17531,0,0,3,0.12,0,44.52,1
9.2,0.20033,1,1,5,0.58,0,75.41,3
5.0,0.3333,0,0,2,0.26,1,31.81,1
8.0,0.30809,0,1,2,0.39,0,49.28,1
1.4,0.01976,0,1,2,0.32,1,24.76,0
9.8,0.13843,0,0,2,0.93,1,31.78,1
9.6,0.43248,0,0,2,0.95,1,37.87,1
1.6,0.18634,0,0,2,0.5,1,16.62,0
3.0,0.05847,0,0,2,0.73,1,15.22,0
1.0,0.2738,0,1,3,0.21,0,31.89,1
2.7,0.20339,1,0,3,0.34,1,41.45,1
8.2,0.71881,0,0,2,0.66,0,55.99,2
3.8,0.14203,0,1,4,0.67,1,37.12,1
0.9,0.16192,0,1,1,0.91,0,20.81,0
3.4,0.22001,1,0,2,0.75,1,35.17,1
9.8,0.35786,0,0,5,0.84,1,49.13,1
6.3,0.32892,0,0,5,0.82,1,34.15,1
4.2,0.15925,0,0,2,0.27,0,24.35,0
1.7,0.32381,0,0,3,0.81,1,22.18,0
9.9,0.37144,0,1,5,0.21,0,69.75,2
8.2,0.24656,0,1,3,0.01,1,53.27,2
2.8,0.19168,0,1,1,0.62,1,29.61,0
0.7,0.02478,0,1,4,0.36,0,32.27,1
0.6,0.35715,0,0,3,0.67,0,24.11,0
1.2,0.18638,0,0,5,0.22,0,30.62,1
5.8,0.2594,0,0,1,0.25,1,28.36,0
9.3,0.1059,0,1,4,0.9,1,47.32,1
5.0,0.06153,0,1,3,0.66,1,35.71,1
8.4,0.4565,0,0,4,0.09,1,47.89,1
4.5,0.47763,0,0,1,0.35,1,26.62,0
7.1,0.38105,0,1,1,0.65,1,43.0,1
7.3,0.401,0,1,2,0.72,0,47.38,1
1.7,0.25032,0,1,2,0.5,0,31.07,1
3.6,0.13339,0,0,3,0.25,1,27.42,0
6.4,0.30506,0,0,5,0.67,1,36.46,1
0.7,0.21777,0,0,2,0.08,1,16.55,0
3.6,0.33093,0,1,3,0.79,1,40.02,1
5.3,0.211,0,1,4,0.76,1,42.16,1
10.0,0.14067,0,0,1,0.29,1,36.05,1
4.7,0.1737,0,1,2,0.06,0,41.66,1
8.2,0.09267,0,0,3,0.09,0,40.91,1
4.3,0.24378,0,0,1,0.43,1,23.04,0
8.0,0.36874,1,0,4,0.18,0,64.02,2
6.0,0.12349,0,1,2,0.44,1,36.17,1
8.9,0.00329,0,0,2,0.06,0,33.95,1
4.1,0.27602,0,1,4,0.44,1,45.37,1
6.0,0.12011,0,0,5,0.9,1,34.74,1
6.3,0.31141,0,1,3,0.68,1,42.78,1
4.2,0.18878,0,1,4,0.06,0,43.58,1
1.4,0.60051,0,1,1,0.08,1,39.52,1
0.9,0.00102,0,0,1,0.51,0,12.75,0
0.2,0.24996,0,1,5,0.26,0,41.42,1
8.7,0.517,1,1,4,0.44,1,74.93,3
2.4,0.13537,0,0,3,0.77,0,23.64,0
2.1,0.08463,0,0,4,0.39,0,35.38,1
7.4,0.13537,0,1,5,0.3,1,47.58,1
3.2,0.00629,0,1,2,0.9,1,22.75,0
5.1,0.00515,0,0,4,0.71,1,30.23,1
1.6,0.18269,0,0,5,0.63,0,31.56,1
9.6,0.21839,0,0,5,0.07,0,53.01,2
8.5,0.09567,0,0,2,0.5,0,38.45,1
8.6,0.49531,0,1,5,0.89,1,63.63,2
4.1,0.1052,0,0,3,0.82,0,26.73,0
7.6,0.49095,0,0,5,0.06,1,59.48,2
1.4,0.12052,0,0,2,0.75,0,14.28,0
0.1,0.06447,0,1,4,0.87,1,25.32,0
0.2,0.07519,0,1,5,0.24,1,32.44,1
5.9,0.0907,1,0,5,0.52,0,50.61,2
4.6,0.22683,0,1,3,0.89,0,41.29,1
5.2,0.14438,0,1,2,0.88,0,33.9,1
0.1,0.05325,0,0,2,0.41,1,12.12,0
4.2,0.01588,0,0,2,0.51,0,25.06,0
7.2,0.10562,0,0,2,0.11,1,30.96,1
4.4,0.18657,0,0,2,0.53,1,22.31,0
7.3,0.06039,1,0,1,0.86,0,39.05,1
2.3,0.29143,0,1,4,0.17,1,39.08,1
8.1,0.04637,1,1,5,0.46,1,66.14,2
5.9,0.30878,1,1,5,0.64,1,62.72,2
2.1,0.16356,0,0,5,0.05,0,31.48,1
2.4,0.02373,0,0,3,0.04,1,24.75,0
6.3,0.07871,0,0,2,0.85,0,25.83,0
8.3,0.50427,0,0,4,0.97,1,47.06,1
4.2,0.10117,0,0,5,0.76,1,31.89,1
2.6,0.08277,0,0,2,0.96,0,15.8,0
8.7,0.2383,1,0,2,0.15,1,52.78,2
6.7,0.13975,0,0,2,0.87,0,27.34,0
4.5,0.30453,0,0,3,0.91,1,29.77,0
4.9,0.31306,0,1,4,0.29,1,47.44,1
2.0,0.32456,1,1,5,0.65,0,53.93,2
6.3,0.60945,0,1,1,0.31,1,47.68,1
3.6,0.23392,1,0,3,0.11,0,47.41,1
10.0,0.2576,0,0,3,0.81,1,40.31,1
4.8,0.10352,0,0,1,0.91,1,24.24,0
4.9,0.17592,1,0,3,0.11,1,49.48,1
5.7,0.06136,0,0,5,0.65,1,34.05,1
9.2,0.20808,0,0,4,0.97,1,40.11,1
8.0,0.25906,1,1,4,0.27,0,72.42,3
4.5,0.35953,1,1,5,0.75,1,60.38,2
7.2,0.40574,0,0,5,0.41,1,51.13,2
5.9,0.27223,0,0,4,0.06,0,41.44,1
4.9,0.00315,0,0,5,0.7,1,30.98,1
1.9,0.20335,0,0,3,0.25,1,26.39,0
4.6,0.05327,0,0,4,0.6,1,25.31,0
2.5,0.06841,1,0,1,0.07,1,32.86,1
9.1,0.13688,0,1,1,0.12,0,49.18,1
3.4,0.3658,0,1,5,0.01,1,46.43,1
9.5,0.10734,0,0,1,0.22,1,35.0,1
5.3,0.45527,0,0,1,0.13,1,35.33,1
6.3,0.21641,0,1,4,0.29,0,50.77,2
5.4,0.24047,0,0,3,0.2,0,34.03,1
1.3,0.43638,0,1,2,0.26,1,33.73,1
3.8,0.26249,0,0,1,0.13,0,32.6,1
1.0,0.35361,0,1,5,0.18,1,43.58,1
6.2,0.17376,1,0,2,0.28,1,45.14,1
4.5,0.45441,0,1,1,0.44,1,44.62,1
7.8,0.5728,0,0,3,0.26,1,51.86,2
2.2,0.25351,1,0,1,0.19,1,35.08,1
1.6,0.02686,0,1,5,0.64,1,32.29,1
4.1,0.06303,0,1,3,0.36,1,35.0,1
9.3,0.07921,0,1,5,0.6,0,57.42,2
7.1,0.13263,1,0,5,0.4,1,54.4,2
4.2,0.13411,0,1,5,0.41,1,46.12,1
5.2,0.22866,0,0,5,0.38,0,37.23,1
0.8,0.11145,0,0,5,0.85,0,28.91,0
9.8,0.1658,0,1,3,0.38,1,54.37,2
6.7,0.1811,0,0,4,0.6,0,40.94,1
2.9,0.16016,0,0,3,0.47,1,22.69,0
5.9,0.65854,0,0,4,0.59,0,50.68,2
1.1,0.11394,1,0,3,0.2,1,34.18,1
9.7,0.56547,0,0,5,0.12,1,63.07,2
1.7,0.17031,0,1,3,0.59,1,28.5,0
6.5,0.41774,0,0,3,0.98,1,36.29,1
2.5,0.26896,0,1,4,0.26,1,43.72,1
7.2,0.70602,0,0,3,0.0,0,55.75,2
7.8,0.2792,0,0,3,0.91,1,35.16,1
6.7,0.20431,0,1,1,0.13,1,35.6,1
6.1,0.45107,0,1,5,0.87,0,53.77,2
8.9,0.74475,1,0,5,0.51,1,76.99,3
0.8,0.07706,0,1,1,0.18,1,29.4,0
3.3,0.36941,0,1,3,0.2,0,43.86,1
2.5,0.03334,0,1,2,0.53,0,21.95,0
9.9,0.04499,0,1,3,0.79,1,43.91,1
3.9,0.22508,0,1,5,0.81,0,47.2,1
7.3,0.71669,0,1,3,0.24,1,61.37,2
6.8,0.16279,0,0,2,0.71,0,35.54,1
2.1,0.17929,0,1,1,0.48,0,33.88,1
2.4,0.12366,0,0,5,0.62,0,28.0,0
2.8,0.33355,0,1,2,0.13,0,44.9,1
4.1,0.44487,0,0,2,0.43,0,37.49,1
2.3,0.17644,0,1,2,0.12,1,30.06,1
0.2,0.18923,0,0,4,0.5,0,28.76,0
8.8,0.19756,0,1,1,0.06,0,51.83,2
9.7,0.40868,0,0,5,0.13,0,58.46,2
3.4,0.39253,0,1,1,0.33,0,43.04,1
3.4,0.0107,0,0,4,0.51,1,25.81,0
0.1,0.1954,0,0,5,0.11,0,32.81,1
6.8,0.27927,0,0,3,0.88,0,34.09,1
8.3,0.38295,0,0,1,0.28,1,41.82,1
1.5,0.0555,0,0,4,0.58,1,22.07,0
1.6,0.03119,1,0,3,0.14,1,35.55,1
7.9,0.50663,0,0,4,0.74,1,48.45,1
6.2,0.09758,0,1,5,0.54,0,54.33,2
0.4,0.28536,0,0,1,0.93,1,8.24,0
6.2,0.56759,0,1,4,0.69,0,54.84,2
3.1,0.17552,0,0,5,0.98,0,27.6,0
3.7,0.37228,0,1,4,0.81,0,53.43,2
7.7,0.28887,0,1,2,0.53,0,49.94,1
8.1,0.06187,1,1,1,0.23,0,63.99,2
4.0,0.18236,0,0,2,0.34,1,28.56,0
9.5,0.06461,0,1,4,0.38,0,53.89,2
4.1,0.32522,0,0,3,0.91,0,32.7,1
7.7,0.4637,0,1,5,0.26,1,62.61,2
4.8,0.24292,0,1,3,0.72,0,46.23,1
9.0,0.33514,0,1,3,0.59,1,49.01,1
9.1,0.38505,0,0,2,0.17,0,49.53,1
0.9,0.4532,0,0,5,0.27,1,36.2,1
9.4,0.51254,0,0,4,0.28,0,58.51,2
8.3,0.35532,1,1,4,0.18,0,79.5,3
7.9,0.33222,1,0,4,0.78,0,62.06,2
2.0,0.08955,0,0,4,0.31,1,17.89,0
8.1,0.294,0,0,2,0.53,1,39.95,1
8.5,0.09296,1,0,5,0.74,1,53.51,2
2.9,0.1056,1,0,4,0.97,1,36.58,1
9.5,0.12296,0,1,1,0.91,0,42.85,1
0.5,0.03835,1,0,4,0.21,1,37.79,1
1.5,0.04052,0,0,2,0.89,1,13.74,0
5.4,0.24728,0,0,1,0.85,1,24.64,0
5.8,0.28686,0,1,3,0.03,1,49.33,1
6.5,0.277,1,1,2,0.88,1,52.06,2
0.2,0.15837,0,1,4,0.53,1,32.05,1
9.6,0.11894,0,1,5,0.19,0,60.93,2
0.4,0.52171,0,1,5,1.0,0,42.63,1
1.4,0.07794,0,0,1,0.31,0,17.75,0
0.1,0.20497,0,1,2,0.19,1,23.86,0
5.7,0.41016,0,0,1,0.17,1,32.83,1
9.3,0.40249,0,0,1,0.53,0,46.7,1
6.7,0.17227,0,0,5,0.17,0,47.53,1
8.2,0.07643,0,0,2,0.52,0,33.57,1
0.1,0.57037,0,0,5,0.74,0,35.48,1
5.4,0.15767,1,1,2,0.95,1,50.22,2
4.6,0.06925,0,0,5,0.37,1,33.49,1
5.0,0.18381,0,1,2,0.98,0,32.05,1
0.7,0.23029,0,1,3,0.99,1,31.98,1
6.8,0.17344,0,0,5,0.59,1,37.57,1
5.0,0.11212,0,0,3,0.3,1,28.39,0
7.7,0.09999,0,1,1,0.85,1,37.07,1
4.9,0.55397,0,0,5,0.05,0,47.55,1
1.5,0.53667,0,1,1,0.44,1,31.78,1
6.5,0.15843,1,0,5,0.63,0,55.74,2
1.7,0.10354,0,0,1,0.98,0,17.88,0
8.7,0.10544,0,1,4,0.7,1,46.54,1
6.1,0.14579,0,1,2,0.23,1,30.02,1
1.6,0.64385,0,0,1,0.85,1,21.02,0
9.6,0.39403,0,1,2,0.66,1,50.01,2
5.2,0.33552,1,0,1,0.86,1,41.89,1
0.7,0.19375,0,1,5,0.7,0,40.25,1
6.3,0.06751,0,0,2,0.35,0,28.09,0
2.5,0.09764,0,1,2,0.12,1,34.04,1
8.0,0.08163,0,0,3,0.69,1,31.58,1
8.2,0.00654,0,1,2,0.2,0,42.94,1
9.8,0.34296,0,1,2,0.07,0,57.66,2
5.0,0.24357,0,1,2,0.29,1,41.79,1
4.5,0.58358,0,1,1,0.32,1,43.55,1
7.5,0.05587,0,1,4,0.99,0,43.0,1
1.3,0.10688,0,1,2,0.56,1,24.26,0
5.5,0.4669,0,1,4,0.99,1,41.34,1
5.5,0.08682,1,0,2,0.77,0,42.2,1
0.9,0.35483,1,1,5,0.49,1,54.97,2
4.2,0.01805,0,0,4,0.28,1,27.9,0
8.5,0.0215,0,1,3,0.22,1,50.83,2
8.6,0.24058,0,1,2,0.23,0,49.71,1
1.0,0.2748,0,1,5,0.86,0,40.65,1
0.9,0.11859,0,1,4,0.4,1,32.02,1
2.6,0.14515,0,0,5,0.45,0,35.78,1
8.7,0.49003,0,1,3,0.62,1,56.57,2
1.3,0.19987,0,0,3,0.06,1,27.72,0
7.2,0.07956,0,0,3,0.47,1,30.49,1
1.0,0.04779,0,1,3,0.02,0,31.6,1
6.2,0.18935,0,1,5,0.74,0,55.15,2
3.6,0.49317,0,1,4,0.02,1,49.44,1
7.9,0.47625,0,1,3,0.71,1,49.53,1
2.3,0.50042,0,0,5,0.2,1,35.71,1
6.4,0.35266,0,0,5,0.81,1,39.15,1
2.4,0.26057,0,0,4,0.32,1,30.99,1
7.1,0.33179,0,0,5,0.9,0,49.91,1
8.7,0.05237,1,0,1,0.74,0,41.81,1
1.3,0.11297,0,1,4,0.21,1,34.7,1
8.7,0.25782,1,0,5,0.88,0,61.73,2
5.9,0.06309,0,1,2,0.02,0,43.07,1
1.3,0.59513,0,0,2,0.62,1,20.89,0
4.3,0.14236,1,1,3,0.84,0,54.54,2
1.6,0.01661,1,0,4,0.13,1,40.24,1
7.0,0.09892,1,1,5,0.05,1,64.3,2
7.6,0.31725,1,0,5,0.89,0,56.67,2
1.1,0.05347,0,1,1,0.3,0,20.58,0
5.1,0.10574,0,1,1,0.67,0,33.95,1
8.1,0.14257,0,1,3,0.84,1,42.13,1
9.4,0.12007,1,0,4,0.11,0,65.59,2
5.1,0.28969,0,1,3,0.38,0,50.71,2
9.5,0.37239,0,1,1,0.73,1,45.05,1
5.4,0.03274,0,1,1,0.08,0,38.49,1
3.9,0.31247,0,0,4,0.75,1,29.94,0
8.5,0.46167,1,1,3,0.88,0,72.35,3
4.9,0.04367,0,1,1,0.79,1,33.26,1
4.7,0.30117,0,0,5,0.24,0,41.63,1
4.9,0.44448,1,1,2,0.84,0,60.24,2
8.5,0.42658,0,1,1,0.69,0,45.61,1
8.3,0.10114,0,0,3,0.75,0,37.55,1
4.0,0.16298,1,0,1,0.75,1,37.43,1
3.3,0.12376,0,1,5,0.45,0,40.09,1
4.9,0.38005,0,1,2,0.9,0,41.35,1
5.7,0.09972,0,1,2,0.12,1,36.12,1
2.4,0.44904,0,1,5,0.96,0,45.46,1
7.9,0.3216,0,0,3,0.01,0,50.43,2
4.9,0.1836,0,0,5,0.77,0,34.34,1
3.3,0.28179,0,0,5,0.19,0,35.18,1
1.1,0.04011,0,0,4,0.06,0,30.93,1
2.4,0.12546,0,0,4,0.5,1,28.24,0
9.5,0.01677,1,0,4,0.51,0,56.0,2
3.1,0.2012,0,0,2,0.67,0,24.83,0
1.7,0.2633,0,1,2,0.59,1,28.34,0
4.6,0.07682,0,0,1,0.03,1,25.67,0
3.1,0.14467,0,0,4,0.2,0,33.51,1
0.4,0.07142,1,0,3,0.72,0,33.04,1
3.2,0.06082,0,0,3,0.94,0,22.38,0
5.4,0.2451,0,1,4,0.77,1,44.16,1
5.5,0.05839,0,0,2,0.99,1,20.01,0
3.6,0.28109,0,0,5,0.12,0,42.2,1
4.5,0.10811,0,1,2,0.96,0,35.81,1
9.7,0.44835,0,0,1,0.37,0,43.36,1
3.8,0.18451,0,1,4,0.56,1,43.13,1
2.6,0.24512,1,0,2,0.98,1,31.93,1
2.4,0.14297,0,0,5,0.45,1,27.39,0
4.6,0.231,0,0,1,0.31,0,32.73,1
7.6,0.13368,0,0,2,0.79,1,29.52,0
2.1,0.50577,0,0,4,0.7,1,35.41,1
7.1,0.01671,0,0,5,0.02,0,41.92,1
0.2,0.01328,0,0,2,0.49,0,13.5,0
4.2,0.12768,0,1,4,0.92,1,35.06,1
7.8,0.42265,0,0,4,0.55,1,39.41,1
3.4,0.11571,0,0,2,0.61,0,24.39,0
5.6,0.22944,1,1,2,0.49,1,52.97,2
2.0,0.35075,0,0,2,0.59,1,19.35,0
7.4,0.28335,0,0,5,0.3,1,44.74,1
0.5,0.70765,0,1,2,0.2,1,38.38,1
8.5,0.19844,0,0,3,0.39,0,41.25,1
2.0,0.1113,1,1,2,0.23,1,38.81,1
8.7,0.16361,1,0,1,0.91,0,54.63,2
3.5,0.18309,0,0,3,0.15,0,27.44,0
7.2,0.09854,1,0,1,0.24,0,50.19,2
3.2,0.14074,0,1,1,0.79,0,30.61,1
9.1,0.25355,0,0,4,0.1,0,49.9,1
1.3,0.33798,0,0,5,0.8,0,28.26,0
1.8,0.16267,0,1,3,0.58,1,31.08,1
4.9,0.31742,1,0,3,0.46,1,48.72,1
0.8,0.54022,0,1,4,0.87,1,39.03,1
2.0,0.01435,0,1,1,0.4,0,24.32,0
9.4,0.14536,0,0,5,0.27,1,47.65,1
9.8,0.11232,0,1,5,0.54,0,61.64,2
3.8,0.11358,0,1,4,0.56,0,37.67,1
9.2,0.24335,0,1,2,0.12,1,50.06,2
5.4,0.032,0,0,5,0.79,0,28.98,0
2.7,0.32909,0,0,2,0.37,1,23.74,0
7.0,0.02118,0,0,4,0.13,1,35.22,1
6.6,0.26156,0,1,1,0.1,1,48.78,1
9.9,0.07898,0,0,2,0.57,1,33.4,1
2.7,0.59932,1,0,3,0.37,1,47.25,1
6.7,0.45489,0,0,2,0.32,0,39.65,1
0.5,0.12822,0,0,1,0.46,1,12.35,0
1.1,0.1829,0,1,2,0.79,1,22.49,0
0.0,0.41879,0,1,4,0.17,1,37.16,1
10.0,0.46777,0,0,2,0.12,1,44.44,1
8.0,0.55102,0,0,3,0.87,1,44.86,1
7.9,0.54138,1,1,2,0.81,0,65.25,2
5.1,0.13133,1,1,4,0.16,0,64.92,2
3.0,0.35576,1,1,2,0.56,0,54.52,2
1.5,0.25412,0,0,5,0.54,0,27.86,0
2.8,0.50649,0,0,1,0.77,0,25.82,0
3.8,0.42657,0,0,3,0.33,0,33.92,1
7.6,0.13381,1,1,1,0.06,1,56.41,2
5.4,0.50389,0,0,3,0.19,0,42.0,1
0.8,0.04557,0,1,1,0.21,0,19.96,0
0.2,0.22555,0,0,3,0.47,1,20.89,0
1.0,0.29331,0,0,2,0.5,1,19.74,0
4.1,0.53554,1,0,1,0.21,1,47.74,1
9.3,0.15506,0,0,3,0.32,1,38.88,1
6.4,0.29054,0,1,2,0.78,0,44.29,1
8.0,0.09057,0,0,3,0.04,1,35.77,1
4.7,0.52428,1,0,3,0.74,1,45.9,1
3.6,0.44541,1,0,4,0.98,1,51.77,2
1.1,0.04598,0,0,4,0.76,1,16.17,0
8.8,0.10337,1,0,1,0.93,1,42.55,1
7.8,0.26854,0,0,2,0.26,1,37.16,1
1.7,0.19665,0,0,5,0.52,1,30.86,1
5.1,0.21096,0,0,3,0.41,1,32.26,1
4.9,0.0253,0,1,1,0.27,1,32.64,1
6.3,0.10488,0,0,4,0.04,0,38.62,1
9.5,0.019,0,1,2,0.76,1,41.97,1
5.8,0.14893,0,1,4,0.72,0,43.22,1
5.4,0.0069,0,1,3,0.57,0,34.81,1
0.5,0.22628,0,0,4,0.97,1,19.33,0
0.6,0.0922,0,0,4,0.87,0,15.09,0
1.9,0.17656,0,0,2,0.56,0,18.77,0
0.3,0.23622,0,0,1,0.92,0,12.34,0
7.4,0.31451,0,0,3,0.56,0,45.3,1
7.2,0.29967,1,0,3,0.84,1,51.27,2
1.4,0.27753,0,1,2,0.5,1,27.75,0
8.4,0.01295,1,0,1,0.81,0,41.53,1
1.5,0.5187,0,1,2,0.45,0,39.85,1
3.0,0.1112,0,0,2,0.57,0,20.03,0
2.5,0.17983,0,1,4,0.2,1,43.5,1
3.7,0.22331,0,1,1,0.62,0,29.77,0
2.5,0.2022,1,0,3,0.8,1,37.0,1
4.9,0.30422,0,1,5,0.84,1,45.0,1
4.1,0.23215,0,0,3,0.77,1,24.32,0
9.9,0.37349,0,1,2,0.01,1,56.09,2
0.6,0.44667,0,0,5,0.93,1,22.8,0
1.4,0.20649,0,1,2,0.06,0,35.2,1
0.5,0.14987,1,0,5,0.71,1,36.95,1
6.3,0.21016,0,0,4,0.82,0,36.86,1
0.5,0.41767,0,0,2,0.77,0,26.85,0
8.4,0.06075,1,0,5,0.77,1,54.79,2
5.1,0.26951,0,0,3,0.22,1,38.07,1
5.3,0.00013,0,1,4,0.09,1,42.18,1
5.6,0.17888,1,1,2,0.47,1,50.72,2
1.7,0.12936,0,0,1,0.63,0,13.56,0
2.0,0.47101,1,0,4,0.82,1,45.73,1
3.2,0.12803,0,0,5,0.35,0,33.26,1
5.9,0.14291,0,1,1,0.82,0,33.12,1
2.1,0.18753,0,0,1,0.5,1,17.7,0
1.2,0.25997,1,1,1,0.79,1,39.28,1
9.7,0.06378,1,1,5,0.23,0,75.61,3
0.2,0.24892,0,1,4,0.77,1,28.14,0
8.0,0.26241,0,1,1,0.21,0,51.24,2
7.9,0.09121,0,1,1,0.08,0,48.1,1
3.0,0.33917,0,1,5,0.79,0,48.29,1
1.4,0.65599,0,1,2,0.78,0,41.33,1
1.5,0.0254,0,0,2,0.11,1,20.26,0
7.0,0.16763,0,0,4,0.43,0,41.96,1
6.4,0.58466,1,0,1,0.03,1,54.26,2
7.8,0.13948,0,0,3,0.72,1,33.43,1
9.4,0.32657,0,1,2,0.78,1,45.22,1
6.9,0.12031,0,1,1,0.67,1,37.41,1
1.6,0.27255,0,0,4,0.53,0,26.52,0
2.4,0.22896,0,0,3,0.14,0,29.94,0
8.4,0.27619,0,0,2,0.99,0,32.42,1
2.1,0.0361,1,1,2,0.26,0,46.96,1
0.7,0.15174,0,0,1,0.84,0,18.43,0
7.0,0.22156,0,0,1,0.08,1,34.63,1
4.0,0.7679,0,0,3,0.19,1,44.73,1
9.2,0.0993,0,1,5,0.69,0,59.26,2
6.5,0.03063,0,0,4,0.04,0,38.23,1
0.9,0.23815,0,1,1,0.01,0,33.36,1
9.5,0.20737,0,0,1,0.62,0,31.8,1
2.6,0.09097,1,1,2,0.67,0,41.92,1
3.4,0.73247,0,0,3,0.71,0,38.18,1
4.0,0.20717,0,1,5,0.86,1,34.97,1
0.5,0.12414,1,1,5,0.32,1,46.61,1
5.0,0.0024,0,0,4,0.09,0,37.44,1
1.2,0.00642,0,0,4,0.4,0,19.51,0
4.0,0.08144,0,0,1,0.25,1,18.9,0
3.5,0.03932,1,0,3,0.96,0,35.69,1
7.7,0.34582,0,1,2,0.2,1,55.54,2
8.0,0.43891,1,1,4,0.7,1,71.21,3
1.5,0.20967,0,1,5,0.92,0,39.04,1
3.7,0.20978,1,0,1,0.67,1,34.69,1
3.7,0.0557,0,1,1,0.07,1,34.23,1
1.5,0.34358,0,1,2,0.93,0,35.7,1
8.0,0.15731,0,1,3,0.15,0,51.01,2
7.1,0.13078,0,0,5,0.2,0,46.78,1
1.9,0.3333,0,0,1,0.73,1,13.12,0
3.7,0.05604,0,0,1,0.49,1,24.58,0
1.1,0.61453,0,0,4,0.78,1,34.06,1
6.3,0.07787,0,0,5,0.16,1,37.58,1
1.2,0.61929,0,0,2,0.86,1,22.22,0
9.9,0.0584,1,0,1,0.3,1,48.37,1
7.8,0.28894,1,0,5,0.52,1,61.21,2
3.9,0.11134,0,0,3,0.11,0,29.0,0
5.8,0.44131,0,1,5,0.35,0,56.35,2
9.1,0.38352,0,0,3,0.36,1,49.22,1
5.5,0.42099,1,1,3,0.97,0,63.59,2
1.7,0.27994,0,0,2,0.83,0,17.5,0
3.8,0.0071,1,0,1,0.06,1,33.07,1
8.4,0.42082,0,1,3,0.29,1,55.1,2
6.4,0.04494,0,1,2,0.21,0,42.62,1
6.5,0.29915,1,1,5,0.32,0,76.17,3
8.7,0.02155,0,1,1,0.01,1,45.07,1
8.9,0.10831,0,0,1,0.78,0,40.71,1
9.2,0.43618,0,1,2,0.14,1,56.37,2
0.9,0.55012,0,0,2,0.2,0,33.45,1
5.4,0.5404,1,1,4,0.66,1,63.99,2
7.4,0.13249,0,1,5,0.63,0,50.78,2
7.6,0.13608,0,1,4,0.83,1,42.94,1
6.1,0.12223,0,1,4,0.14,0,46.55,1
1.7,0.09076,0,1,1,0.22,0,25.98,0
8.0,0.12512,0,0,4,0.88,0,36.8,1
7.2,0.23562,0,0,5,0.67,0,46.77,1
0.9,0.16583,0,1,2,0.08,0,32.03,1
4.6,0.03726,0,0,1,0.09,1,29.41,0
1.7,0.14875,0,0,1,0.53,0,17.62,0
3.4,0.05203,0,0,4,0.75,0,30.97,1
0.2,0.06696,0,0,5,0.64,0,25.76,0
4.0,0.22399,0,1,2,0.68,1,28.85,0
5.5,0.23989,0,1,5,0.57,1,50.34,2
6.2,0.29674,0,0,3,0.88,0,35.36,1
6.6,0.30182,0,1,5,0.9,0,54.26,2
8.4,0.07777,0,0,3,0.61,0,38.53,1
2.2,0.19971,0,1,1,0.73,1,27.91,0
1.2,0.08766,0,1,5,0.46,1,33.98,1
8.5,0.13911,0,1,5,0.27,1,54.23,2
1.6,0.36472,0,0,5,0.64,0,27.5,0
9.7,0.42782,0,0,4,0.82,1,54.76,2
8.4,0.27823,0,1,1,0.26,1,42.01,1
5.0,0.05671,1,0,5,0.63,1,45.12,1
9.8,0.04931,0,0,2,0.62,0,38.12,1
1.0,0.11684,0,0,1,0.92,0,17.18,0
3.0,0.48798,0,1,5,0.76,0,50.69,2
6.4,0.36967,0,1,2,0.81,0,49.8,1
3.5,0.05685,0,1,4,0.57,1,30.6,1
9.3,0.56039,0,1,2,0.73,0,58.23,2
0.7,0.01842,0,1,1,0.24,1,23.41,0
5.5,0.25716,1,0,1,0.58,1,39.42,1
5.9,0.11458,0,0,3,0.66,1,26.55,0
6.5,0.36517,0,0,3,0.83,1,33.9,1
2.6,0.23006,1,0,3,0.17,0,48.6,1
3.6,0.0714,0,0,4,0.33,1,29.56,0
8.4,0.41331,0,1,1,0.79,1,44.17,1
1.9,0.16025,0,1,4,0.43,1,32.6,1
8.3,0.17938,0,1,1,0.48,0,46.2,1
5.6,0.10547,0,0,3,0.62,0,35.5,1
7.6,0.00476,0,1,3,0.73,1,38.32,1
7.1,0.1112,0,0,2,0.29,1,30.5,1
2.1,0.3634,0,1,3,0.86,0,36.91,1
5.7,0.13193,1,1,3,0.36,0,60.47,2
8.7,0.47291,0,1,5,0.26,1,65.59,2
4.3,0.06125,0,0,1,0.7,1,15.66,0
9.7,0.01986,0,0,3,0.36,1,40.16,1
4.5,0.05681,0,1,5,0.51,0,41.66,1
1.4,0.19145,0,0,5,0.33,0,30.54,1
3.9,0.55329,0,0,5,0.85,1,37.44,1
9.5,0.56594,0,0,3,0.5,1,50.66,2
3.2,0.30178,0,1,4,0.07,1,45.59,1
8.7,0.68082,0,0,4,0.06,1,58.93,2
8.8,0.19037,1,0,1,0.36,0,52.0,2
3.5,0.27877,0,0,4,0.41,0,42.4,1
0.8,0.11464,0,0,3,0.04,1,21.07,0
7.2,0.18865,0,0,1,0.85,0,34.75,1
3.1,0.01496,0,1,1,0.51,1,24.8,0
7.8,0.04013,0,1,1,0.55,0,36.91,1
4.4,0.16464,0,1,2,0.65,1,32.24,1
4.9,0.25418,0,0,3,0.22,1,38.25,1
7.8,0.10953,1,0,3,0.52,0,51.97,2
3.8,0.02038,0,0,4,0.22,0,26.2,0
4.4,0.26881,0,0,4,0.42,1,33.3,1
3.8,0.11364,0,0,3,0.63,0,26.24,0
3.7,0.13847,0,0,2,0.24,0,28.57,0
5.3,0.30267,1,1,5,0.88,0,64.97,2
8.1,0.04068,0,0,2,0.29,1,33.45,1
3.6,0.4681,0,0,2,0.3,1,28.28,0
5.2,0.27599,0,1,4,0.92,0,42.19,1
6.7,0.18202,1,1,2,0.39,1,55.8,2
2.7,0.30754,0,0,4,0.14,1,34.83,1
2.8,0.02663,0,1,4,0.43,1,34.17,1
9.3,0.34563,0,0,1,0.34,0,41.61,1
7.2,0.21185,0,0,2,0.5,1,34.14,1
5.8,0.21641,0,0,2,0.61,1,26.17,0
6.5,0.44696,0,0,2,0.33,1,40.06,1
0.3,0.00196,0,0,3,0.71,1,17.15,0
6.2,0.02774,0,1,5,0.3,0,43.44,1
5.1,0.29278,0,1,5,0.84,0,51.95,2
5.5,0.03691,0,0,3,0.96,1,21.03,0
3.6,0.64284,0,0,2,0.01,0,40.31,1
0.8,0.08036,0,1,4,0.12,1,36.1,1
1.9,0.35423,0,0,3,0.51,0,29.71,0
9.5,0.14726,0,0,4,0.62,1,43.0,1
4.1,0.20328,0,0,3,0.91,0,26.85,0
4.7,0.62598,1,0,2,0.63,1,49.3,1
0.5,0.4576,0,0,2,0.86,1,22.03,0
0.4,0.05836,1,0,3,0.52,1,30.45,1
7.2,0.61202,0,0,2,0.69,0,45.36,1
5.4,0.23228,1,1,1,0.92,1,43.73,1
5.1,0.13779,0,0,3,0.68,1,30.36,1
2.4,0.01495,0,1,2,0.48,0,27.81,0
7.4,0.2578,0,0,4,0.59,1,41.15,1
1.7,0.0521,0,0,5,0.43,1,25.38,0
1.9,0.18472,0,0,5,0.15,1,31.6,1
4.6,0.26832,0,1,2,0.77,0,35.69,1
2.9,0.28548,0,1,4,0.41,0,42.06,1
2.5,0.36213,1,0,4,0.09,0,48.47,1
6.5,0.28254,0,1,5,0.7,1,49.91,1
6.5,0.0258,0,1,1,0.76,1,26.92,0
8.2,0.60974,0,1,1,0.11,0,57.72,2
4.2,0.4363,0,1,3,0.46,0,47.22,1
0.7,0.21657,0,0,3,0.48,1,19.3,0
2.7,0.19199,1,1,4,0.23,1,56.51,2
9.8,0.18888,1,1,5,0.8,1,65.98,2
6.0,0.19891,1,0,2,0.53,0,50.64,2
7.1,0.20042,0,1,3,0.57,1,41.34,1
0.1,0.25641,0,0,1,0.36,1,11.3,0
5.2,0.43242,1,0,4,0.25,0,60.75,2
0.4,0.31005,1,0,3,0.8,1,33.86,1
5.7,0.08824,0,0,4,0.53,1,31.99,1
9.2,0.03454,0,1,2,0.24,1,46.53,1
9.7,0.34956,0,0,3,0.43,1,41.36,1
5.4,0.18474,0,0,5,0.56,1,36.58,1
4.6,0.17661,0,1,2,0.56,0,37.93,1
9.5,0.12472,0,1,1,0.56,0,43.19,1
6.7,0.19921,0,0,4,0.17,0,44.7,1
0.6,0.26795,0,0,2,0.55,0,17.91,0
4.7,0.26665,0,0,2,0.35,1,32.93,1
2.4,0.45376,0,0,2,0.57,0,30.46,1
4.7,0.10601,0,1,4,0.67,1,38.88,1
4.6,0.40178,0,1,5,0.23,1,45.77,1
5.8,0.20759,1,0,4,0.12,1,53.61,2
3.6,0.06707,0,0,4,0.6,0,24.01,0
1.6,0.13023,1,1,1,0.69,0,42.23,1
5.0,0.22738,0,0,4,0.87,0,35.55,1
8.3,0.21252,0,0,4,0.25,1,44.42,1
6.6,0.1535,0,1,5,0.12,1,55.14,2
3.4,0.49993,0,0,4,0.97,1,31.24,1
9.4,0.01373,0,0,4,0.04,0,44.61,1
9.1,0.17903,0,0,4,0.42,1,46.77,1
2.1,0.07041,0,1,4,0.49,0,35.94,1
0.4,0.50124,0,0,1,0.71,0,22.42,0
7.4,0.06383,0,0,1,0.81,1,31.12,1
8.3,0.12891,0,0,4,0.56,1,36.42,1
9.7,0.24411,0,0,4,0.03,1,45.35,1
8.9,0.31373,1,0,1,1.0,0,51.06,2
6.0,0.10513,0,1,1,0.64,0,43.22,1
5.3,0.00164,0,0,4,0.83,1,21.85,0
0.3,0.46791,0,1,4,0.41,0,38.94,1
2.5,0.29525,0,0,5,0.05,1,42.34,1
4.6,0.02382,0,0,1,0.08,1,23.58,0
6.3,0.05612,0,0,1,0.77,0,26.95,0
5.6,0.25947,1,0,1,0.21,1,41.01,1
7.4,0.18533,0,1,3,0.86,0,39.72,1
2.8,0.53834,0,0,2,0.25,1,28.18,0
5.6,0.31977,1,1,1,0.26,1,54.87,2
0.9,0.46429,0,1,3,0.1,1,36.75,1
4.1,0.22883,0,0,2,0.14,1,29.67,0
7.5,0.32053,0,0,2,0.13,1,39.49,1
6.9,0.19308,1,0,1,0.04,0,48.21,1
9.9,0.10978,0,0,2,0.24,1,35.38,1
2.8,0.16831,0,1,3,0.02,1,34.9,1
5.0,0.32887,0,1,1,0.7,0,36.92,1
3.3,0.05493,0,1,4,0.62,0,29.22,0
4.4,0.3977,0,0,4,0.17,0,41.88,1
8.6,0.11773,0,0,4,0.86,0,36.45,1
6.8,0.34585,0,1,3,0.29,0,57.63,2
8.8,0.60329,0,1,3,0.54,0,65.66,2
2.0,0.35584,0,1,2,0.81,1,26.09,0
8.7,0.05107,0,0,3,0.37,1,36.64,1
0.6,0.20255,0,0,1,0.25,1,12.87,0
8.9,0.13744,1,1,5,0.86,1,69.26,2
3.3,0.12179,0,0,4,0.07,1,30.63,1
3.1,0.19221,0,0,2,0.65,1,23.83,0
5.1,0.16543,0,1,2,0.84,0,31.49,1
9.4,0.00688,1,0,4,0.71,1,53.14,2
0.5,0.00748,0,0,4,0.37,0,23.54,0
3.5,0.44045,0,0,1,0.95,1,22.02,0
8.6,0.20567,1,1,2,0.14,1,66.37,2
4.0,0.24088,1,0,4,0.71,0,48.59,1
2.0,0.27744,0,1,3,0.72,1,32.22,1
4.2,0.2121,0,0,2,0.61,0,30.67,1
3.9,0.29649,1,1,3,0.49,1,53.18,2
9.2,0.29872,0,1,4,0.95,0,59.33,2
7.6,0.40944,0,0,1,0.47,1,35.05,1
5.1,0.0341,0,1,2,0.33,1,36.83,1
9.9,0.19245,0,0,2,0.51,1,34.96,1
4.7,0.11854,0,0,4,0.8,1,31.34,1
0.6,0.3688,0,1,3,0.16,0,35.59,1
2.6,0.39472,0,1,5,0.37,1,47.53,1
4.4,0.19023,0,1,4,0.57,1,41.28,1
1.6,0.36378,1,0,3,0.84,1,35.64,1
9.5,0.16032,0,0,3,0.4,0,42.99,1
7.7,0.45126,0,1,5,0.55,1,57.33,2
2.7,0.09864,0,0,2,0.12,1,25.95,0
5.9,0.48764,0,0,1,0.09,1,39.61,1
7.2,0.44129,0,0,5,0.21,0,51.05,2
9.4,0.29824,0,0,4,0.69,0,51.57,2
8.8,0.03898,0,0,3,0.21,0,40.87,1
5.2,0.31012,0,1,5,0.88,0,47.04,1
7.7,0.08424,0,1,3,0.9,1,44.33,1
5.6,0.06167,0,1,2,0.27,1,35.28,1
5.5,0.14745,0,1,3,0.11,1,44.3,1
1.1,0.13514,0,0,1,0.41,1,5.73,0
1.3,0.2196,0,0,4,0.79,1,22.35,0
5.3,0.33156,0,1,2,0.11,1,45.68,1
2.7,0.11829,0,1,3,0.1,1,36.93,1
0.2,0.44994,0,0,1,0.24,0,25.23,0
7.2,0.56014,0,1,1,0.69,1,47.96,1
0.3,0.13607,0,1,4,0.37,0,28.59,0
6.0,0.06872,0,0,2,0.74,1,23.26,0
5.4,0.11581,1,1,4,0.4,0,58.92,2
9.7,0.25456,0,1,4,0.08,1,58.05,2
4.8,0.05674,0,0,1,1.0,1,17.71,0
0.6,0.4207,0,0,5,0.68,0,35.58,1
5.5,0.34638,1,1,3,0.63,0,60.88,2
8.4,0.04374,0,1,2,0.49,0,46.75,1
10.0,0.34672,0,0,5,0.08,0,60.87,2
4.3,0.39416,0,0,4,0.99,1,31.92,1
3.2,0.01974,0,1,2,0.47,0,25.58,0
9.1,0.25582,0,0,4,0.04,1,49.88,1
1.9,0.21672,0,1,2,0.34,0,33.66,1
6.2,0.31532,0,1,2,0.03,0,45.15,1
4.1,0.25691,0,1,3,0.51,0,45.85,1
0.4,0.00807,1,0,1,0.75,0,26.98,0
3.5,0.14904,1,1,3,0.96,1,46.85,1
2.7,0.18515,0,1,3,0.84,1,33.72,1
6.9,0.47705,0,0,5,0.27,0,56.8,2
9.5,0.01623,0,1,3,0.35,0,52.31,2
2.7,0.17992,0,0,2,0.52,1,29.95,0
8.1,0.0589,1,0,4,0.69,0,56.8,2
0.6,0.52386,0,0,5,0.74,1,31.07,1
5.4,0.22642,0,0,2,0.85,1,28.24,0
0.7,0.29545,0,1,4,0.22,1,37.73,1
9.3,0.28033,0,0,4,0.11,0,54.24,2
7.7,0.10164,0,1,5,0.18,0,54.62,2
6.6,0.04038,0,1,3,0.94,1,30.55,1
8.2,0.3996,1,1,5,0.13,0,81.98,3
6.5,0.31946,0,1,5,0.32,1,54.64,2
9.7,0.29441,0,1,5,0.2,1,64.62,2
7.1,0.16412,0,1,4,0.11,0,50.81,2
9.2,0.28962,0,1,3,0.53,0,57.99,2
5.2,0.2291,0,0,1,0.38,1,24.45,0
1.2,0.02566,0,0,4,0.73,0,20.16,0
5.3,0.03707,0,0,5,0.39,0,37.49,1
1.3,0.65758,0,0,4,0.56,0,35.16,1
5.9,0.27043,0,0,2,0.82,1,27.49,0
4.8,0.27742,0,1,3,0.53,1,37.0,1
6.2,0.17695,0,1,1,0.44,1,41.16,1
0.1,0.23585,0,0,3,0.13,1,19.82,0
1.9,0.28346,1,0,2,0.56,0,44.44,1
4.9,0.33234,0,1,1,0.1,0,44.95,1
9.5,0.14086,0,1,4,0.1,0,59.37,2
3.8,0.16423,0,1,1,0.45,0,30.62,1
4.2,0.38607,0,0,5,0.52,1,40.43,1
7.1,0.02006,0,0,2,0.75,1,32.85,1
6.0,0.26225,1,0,5,0.46,0,58.98,2
3.0,0.02969,0,0,2,0.62,0,18.96,0
4.1,0.12642,0,1,4,0.92,0,44.94,1
2.2,0.1141,0,0,4,0.94,0,30.09,1
9.7,0.55089,0,0,5,0.26,1,56.86,2
1.3,0.02307,0,1,2,0.46,0,28.43,0
3.7,0.14646,1,0,2,0.53,1,42.34,1
0.3,0.17013,0,0,4,0.45,0,24.0,0
2.2,0.07937,0,1,3,0.96,0,31.11,1
7.8,0.09742,1,1,5,0.29,0,70.89,3
2.0,0.28226,0,1,5,0.52,0,42.24,1
0.8,0.12909,0,1,2,0.13,1,22.29,0
4.7,0.47003,0,1,1,0.63,1,39.48,1
0.1,0.44742,1,0,4,0.33,1,45.69,1
0.8,0.40954,0,0,4,0.81,0,29.16,0
8.1,0.24579,0,0,3,0.13,0,44.22,1
7.7,0.24725,0,1,1,0.88,1,41.98,1
9.2,0.2095,0,0,1,0.43,1,35.95,1
8.5,0.23469,1,1,1,0.41,1,63.9,2
6.8,0.68413,0,1,3,0.76,0,54.25,2
0.5,0.06396,0,0,4,0.3,0,28.14,0
7.8,0.35359,0,0,1,0.86,1,33.68,1
8.5,0.43207,0,1,4,0.28,0,65.21,2
8.0,0.3962,0,1,4,0.73,1,51.56,2
5.1,0.35248,0,1,3,0.06,0,52.82,2
2.3,0.45221,0,1,4,0.7,1,40.7,1
8.5,0.15017,0,0,2,0.26,0,32.64,1
7.3,0.12663,0,1,4,0.73,1,47.88,1
9.8,0.01328,0,1,2,0.83,0,46.15,1
1.6,0.22126,0,1,1,0.17,0,34.89,1
2.3,0.19407,1,0,2,0.17,0,42.49,1
2.1,0.17014,0,1,1,0.75,1,27.19,0
7.9,0.02851,1,1,2,0.17,1,63.6,2
1.9,0.30571,1,0,2,0.02,0,42.2,1
0.7,0.15365,0,1,1,0.06,1,27.57,0
10.0,0.41895,0,0,3,0.03,1,54.39,2
0.2,0.02181,0,0,4,0.91,1,10.81,0
8.4,0.17091,1,0,2,0.87,1,42.33,1
3.7,0.12413,1,1,5,0.56,1,55.1,2
8.4,0.08527,1,0,3,0.51,1,51.35,2
5.5,0.17513,1,1,4,0.24,0,61.97,2
9.0,0.23664,0,1,3,0.5,1,52.39,2
9.3,0.47504,0,0,3,0.93,0,42.77,1
0.1,0.06477,0,0,1,0.57,0,7.64,0
0.8,0.24199,0,0,5,0.06,0,34.63,1
2.5,0.06287,0,1,4,0.04,0,40.08,1
6.7,0.48009,0,0,3,0.87,1,36.48,1
8.9,0.22022,0,0,1,0.22,1,37.6,1
4.6,0.09713,0,0,4,0.0,1,35.35,1
6.1,0.82459,0,0,1,0.74,0,44.73,1
1.9,0.21001,0,1,4,0.82,1,37.43,1
8.0,0.50268,0,0,3,0.29,1,43.95,1
9.7,0.08877,0,0,2,0.83,1,31.42,1
2.7,0.43492,0,0,5,0.8,0,37.75,1
4.9,0.26215,1,0,2,0.49,0,49.7,1
0.9,0.20088,0,1,2,0.94,1,20.22,0
5.6,0.15185,0,1,3,0.84,1,38.06,1
5.0,0.48351,0,1,1,0.03,0,45.99,1
1.4,0.57796,0,0,5,0.9,0,41.09,1
4.4,0.2448,0,0,2,0.54,0,30.06,1
3.3,0.27904,0,1,1,0.47,1,31.11,1
5.2,0.07438,0,0,5,0.96,1,28.4,0
5.9,0.08066,0,0,3,0.28,0,32.83,1
0.1,0.05475,1,0,5,0.44,1,35.69,1
7.6,0.17917,0,0,4,0.18,1,39.23,1
7.1,0.10828,0,1,3,0.87,1,39.28,1
3.7,0.05549,0,0,2,0.07,0,30.46,1
0.5,0.34201,0,0,4,0.02,0,34.23,1
7.5,0.13968,0,1,1,0.15,0,41.62,1
9.6,0.0222,0,1,2,0.63,0,49.72,1
2.4,0.59638,0,0,4,0.12,1,38.03,1
3.2,0.26919,0,0,3,0.92,1,29.52,0
1.8,0.31437,0,0,4,0.68,1,24.26,0
5.8,0.46009,0,0,4,0.68,0,48.58,1
1.5,0.37164,0,0,2,0.97,0,18.26,0
3.6,0.00418,1,0,4,0.06,0,44.94,1
7.0,0.20025,0,0,5,0.65,0,38.07,1
5.6,0.04128,0,1,2,0.9,1,27.36,0
3.9,0.20584,0,0,5,0.62,0,34.15,1
4.2,0.06493,0,1,4,0.46,0,38.17,1
5.6,0.15778,1,0,5,0.02,0,56.71,2
0.1,0.389,0,1,3,0.17,1,38.74,1
0.8,0.11688,0,1,3,0.92,0,28.91,0
8.8,0.11634,0,1,4,0.98,1,48.2,1
0.8,0.72825,0,0,5,0.49,1,33.66,1
7.1,0.30625,0,0,4,0.9,1,41.06,1
9.2,0.22854,0,1,3,0.48,0,53.33,2
2.7,0.66613,0,0,5,0.16,0,45.09,1
3.7,0.12622,0,1,3,0.09,0,42.06,1
5.7,0.04702,0,1,5,0.83,0,42.92,1
8.8,0.01906,0,1,2,0.94,1,36.44,1
9.4,0.1115,0,1,4,0.41,0,51.64,2
7.4,0.16627,0,1,5,0.13,1,56.51,2
0.9,0.12198,0,0,5,0.85,0,19.46,0
6.7,0.11239,0,0,2,0.34,1,27.34,0
4.1,0.00482,0,0,1,0.49,1,15.78,0
4.7,0.01466,0,0,2,0.99,0,21.61,0
0.5,0.08865,0,0,5,0.68,1,27.74,0
1.9,0.00651,0,1,1,0.72,0,20.47,0
7.9,0.02603,0,1,3,0.28,1,46.99,1
4.5,0.1504,0,1,4,0.26,1,41.21,1
3.0,0.15807,0,0,1,0.29,1,22.4,0
3.8,0.23586,0,1,3,0.6,0,40.72,1
8.5,0.43646,0,0,5,0.94,1,53.45,2
7.5,0.11425,0,0,1,0.69,1,24.78,0
2.7,0.64242,0,1,2,0.29,1,39.23,1
1.2,0.34694,0,1,4,0.64,1,35.6,1
2.5,0.1273,0,0,2,0.14,1,20.46,0
9.2,0.27307,0,0,2,0.43,1,42.71,1
5.8,0.44707,0,0,4,0.89,1,37.08,1
5.3,0.36838,0,0,2,0.25,0,36.16,1
6.0,0.15903,0,1,5,0.56,0,47.56,1
3.7,0.55837,1,1,2,0.08,1,62.43,2
8.1,0.10783,0,0,5,0.09,1,44.36,1
5.2,0.15653,0,0,2,0.07,1,29.93,0
1.2,0.12329,0,0,5,0.21,1,26.48,0
1.3,0.31248,0,1,1,0.46,1,33.41,1
5.4,0.34975,1,1,5,0.91,0,65.82,2
9.4,0.61305,1,1,4,0.35,0,84.2,3
3.1,0.25238,0,0,2,0.63,0,23.86,0
8.7,0.00771,0,0,1,0.56,0,31.26,1
7.6,0.06602,0,1,2,0.15,1,39.84,1
2.5,0.24478,0,0,5,0.47,1,27.34,0
0.4,0.04078,0,0,2,0.14,0,13.57,0
1.0,0.5603,0,0,3,0.31,1,31.08,1
7.3,0.14591,0,0,1,0.1,0,32.58,1
2.0,0.18025,0,1,3,0.22,0,30.55,1
3.7,0.22509,0,0,2,0.37,0,31.49,1
5.0,0.36677,0,1,5,0.62,1,48.2,1
7.3,0.35521,1,0,1,0.14,0,60.65,2
1.1,0.05897,0,0,1,0.59,0,14.29,0
4.1,0.37736,0,1,5,0.24,0,54.53,2
4.9,0.54074,0,1,1,0.07,0,47.1,1
5.4,0.01582,0,0,5,0.92,0,29.33,0
8.2,0.20904,0,1,3,0.05,1,49.29,1
1.7,0.13265,0,1,2,0.84,1,29.65,0
8.1,0.52547,1,1,1,0.72,1,65.72,2
6.9,0.06115,0,0,1,0.29,0,30.95,1
5.6,0.38666,1,0,1,0.72,1,44.58,1
7.0,0.21454,0,1,3,0.26,0,55.29,2
4.1,0.12486,0,1,5,0.79,1,40.85,1
1.4,0.46267,0,0,5,0.1,0,40.15,1
6.7,0.45761,0,0,3,0.03,0,50.16,2
5.2,0.13947,1,1,2,0.14,1,52.64,2
6.4,0.07379,0,0,3,0.72,0,30.66,1
3.4,0.80346,0,0,1,0.97,1,35.69,1
9.1,0.15745,0,1,2,0.65,1,46.51,1
5.9,0.40128,0,1,4,0.88,1,46.64,1
0.9,0.46328,0,0,2,0.03,1,24.62,0
4.5,0.20714,0,1,3,0.41,1,36.78,1
7.6,0.03794,0,0,1,0.58,1,21.58,0
7.9,0.14066,0,0,2,0.41,1,35.63,1
4.9,0.36761,0,1,5,0.71,1,49.92,1
8.9,0.05406,0,0,2,0.22,1,35.01,1
2.7,0.03088,0,0,4,0.26,0,30.99,1
4.1,0.36556,1,0,2,0.51,1,42.19,1
9.0,0.06386,0,0,2,0.66,1,33.66,1
9.0,0.54068,0,0,2,0.13,1,46.18,1
6.9,0.0456,1,1,1,0.3,0,50.66,2
8.6,0.31701,1,0,3,0.28,0,60.06,2
0.9,0.19698,0,0,1,0.48,1,14.22,0
8.6,0.12121,0,1,2,0.96,0,46.87,1
3.2,0.23496,0,0,5,0.39,1,29.21,0
1.8,0.10886,0,1,5,0.86,1,28.08,0
2.4,0.13842,0,0,5,0.4,1,28.62,0
4.2,0.12317,0,1,2,0.32,0,34.96,1
2.5,0.16825,0,0,2,0.09,1,25.23,0
3.2,0.06458,0,1,4,0.71,1,35.32,1
1.3,0.04328,0,1,4,0.29,1,32.23,1
3.0,0.17531,0,0,3,0.7,0,26.87,0
5.7,0.00361,0,1,2,0.37,0,37.43,1
4.4,0.29049,0,1,2,0.02,0,47.7,1
3.5,0.55342,0,1,5,0.16,1,50.59,2
7.5,0.23534,0,1,4,0.78,0,50.68,2
8.9,0.46856,0,0,1,0.22,1,39.51,1
7.6,0.10076,0,1,4,0.23,1,46.7,1
3.3,0.01324,0,1,3,0.33,0,30.51,1
7.4,0.22588,0,0,1,0.18,1,35.87,1
1.5,0.07547,0,1,5,0.54,1,27.07,0
1.3,0.1508,0,0,4,0.51,0,27.28,0
3.5,0.14479,0,1,2,0.63,0,33.42,1
8.1,0.24667,0,1,3,0.97,1,48.45,1
2.5,0.24065,0,1,3,0.12,0,38.49,1
0.6,0.31968,0,1,1,0.38,1,26.78,0
1.3,0.09477,0,0,1,0.5,1,10.92,0
8.6,0.11868,0,1,3,0.9,1,37.92,1
6.3,0.24647,0,0,4,0.63,0,41.13,1
2.5,0.14105,0,1,2,0.42,1,30.54,1
5.6,0.08581,0,1,5,0.05,1,46.54,1
5.3,0.35439,0,1,2,0.76,0,41.17,1
6.6,0.49238,0,1,4,0.56,1,59.71,2
2.3,0.0372,0,1,1,0.68,0,27.08,0
8.6,0.01002,0,1,5,0.32,1,57.31,2
3.1,0.14624,1,0,2,0.26,0,38.13,1
6.9,0.17595,0,0,2,0.63,1,31.72,1
0.2,0.32695,1,1,5,0.42,0,57.69,2
3.7,0.00121,1,1,3,0.35,1,50.09,2
3.5,0.0568,0,1,5,0.21,0,50.0,1
5.4,0.07993,0,1,2,0.41,0,36.7,1
0.7,0.21544,0,0,5,0.93,1,20.09,0
7.9,0.28413,1,1,2,0.11,1,63.39,2
2.2,0.02734,0,1,4,0.16,0,36.98,1
6.8,0.09276,0,1,3,0.61,0,40.18,1
8.0,0.06271,0,0,5,0.24,0,41.4,1
5.6,0.34634,0,1,4,0.87,0,47.26,1
7.4,0.73267,0,0,4,0.85,1,52.49,2
6.6,0.2712,0,1,3,0.42,0,54.01,2
3.6,0.41815,0,1,1,0.68,1,35.78,1
8.1,0.36039,0,0,5,0.78,1,38.74,1
2.9,0.61339,0,0,3,0.33,1,40.65,1
5.7,0.12622,0,0,3,0.32,0,37.95,1
7.5,0.29545,0,1,2,0.0,1,49.01,1
3.8,0.01902,0,1,3,0.23,0,33.34,1
3.0,0.13221,0,0,3,0.68,0,25.44,0
4.6,0.38035,1,0,5,0.44,0,57.95,2
8.2,0.01581,0,1,3,0.63,0,41.4,1
9.3,0.25075,0,0,3,0.23,0,48.7,1
5.5,0.51256,0,0,1,0.61,0,33.46,1
6.6,0.48696,0,0,4,0.24,1,50.74,2
9.0,0.49179,0,1,5,0.71,0,63.67,2
1.0,0.22873,0,0,1,0.16,1,17.63,0
2.3,0.14723,0,0,5,0.29,0,30.07,1
7.1,0.02911,0,1,4,0.21,1,50.48,2
8.2,0.22372,0,0,3,0.03,0,45.69,1
8.6,0.12303,0,1,3,0.91,0,47.15,1
4.2,0.06406,0,0,2,0.08,1,26.43,0
0.9,0.34236,1,1,4,0.42,0,53.56,2
4.4,0.09302,0,0,3,0.35,1,28.17,0
2.3,0.04141,0,1,5,0.18,0,41.54,1
2.9,0.3004,0,0,5,0.44,1,36.78,1
7.7,0.19287,0,1,2,0.5,1,43.33,1
0.8,0.0792,0,1,3,0.27,1,24.24,0
8.3,0.09418,0,1,5,0.53,0,58.25,2
4.3,0.17101,1,0,4,0.64,0,52.36,2
6.0,0.32109,0,1,2,0.52,1,42.55,1
0.9,0.3548,0,1,3,0.9,0,32.93,1
3.4,0.01401,0,0,3,0.14,0,27.58,0
0.9,0.19343,0,0,2,0.84,0,19.41,0
9.6,0.38453,0,1,1,0.15,0,60.18,2
8.1,0.35101,0,0,5,0.43,0,52.25,2
4.6,0.03131,0,0,5,0.15,1,38.3,1
2.2,0.62754,1,0,2,0.6,1,45.48,1
9.3,0.21301,0,1,3,0.35,0,49.11,1
3.4,0.23648,0,0,1,0.45,1,17.93,0
1.6,0.55263,0,0,4,0.16,1,37.32,1
5.6,0.34633,0,0,3,0.47,0,42.94,1
9.4,0.32117,0,1,5,0.74,1,55.92,2
0.0,0.24112,0,0,2,0.93,1,9.78,0
2.4,0.26613,0,0,1,0.28,1,16.87,0
9.4,0.03757,0,1,5,0.43,0,61.23,2
1.7,0.27933,0,1,5,0.78,1,42.96,1
1.1,0.06204,0,1,3,0.56,1,23.77,0
5.7,0.08922,0,0,2,0.74,0,23.95,0
8.6,0.17391,1,0,1,0.78,0,49.58,1
4.8,0.25066,0,1,3,0.73,0,41.12,1
9.9,0.07647,0,1,4,0.95,1,51.32,2
6.8,0.0077,0,1,5,0.73,1,45.77,1
0.7,0.28595,0,1,3,0.12,1,34.74,1
9.9,0.51823,0,1,5,0.8,0,65.9,2
4.1,0.47353,0,0,3,0.09,0,31.83,1
2.9,0.26905,0,1,2,0.4,0,33.63,1
5.6,0.39702,0,0,1,0.35,1,35.1,1
3.0,0.35142,0,1,2,0.16,0,44.44,1
0.9,0.3242,0,0,5,0.11,0,29.34,0
0.0,0.42639,0,0,5,0.29,1,27.23,0
4.5,0.07505,0,1,3,0.69,0,33.91,1
8.4,0.21674,0,1,3,0.21,0,50.6,2
5.7,0.73981,1,0,3,0.97,0,63.23,2
10.0,0.2034,0,0,5,0.01,1,47.74,1
2.9,0.22159,0,1,1,0.57,0,34.39,1
2.8,0.13154,1,0,4,0.56,0,49.66,1
1.6,0.50183,0,0,4,0.27,1,35.55,1
1.6,0.10957,0,0,4,0.6,1,22.8,0
2.9,0.25339,0,0,4,0.56,1,25.21,0
7.9,0.0105,0,1,2,0.69,0,40.14,1
9.1,0.05107,0,0,1,0.87,0,31.84,1
9.8,0.7943,1,1,4,0.1,1,90.37,3
2.3,0.35954,0,0,1,0.84,0,19.84,0
8.8,0.13525,1,1,1,0.02,0,59.9,2
3.3,0.06934,0,1,4,0.06,1,40.1,1
1.1,0.27141,0,0,2,0.91,0,20.57,0
8.7,0.41435,0,0,3,0.71,0,45.35,1
6.4,0.01934,0,0,3,0.64,0,28.69,0
1.6,0.13185,0,0,2,0.52,0,18.96,0
4.3,0.08252,1,0,5,0.78,1,41.31,1
2.9,0.42072,1,1,4,0.73,0,64.7,2
7.4,0.04454,0,1,5,0.34,0,50.58,2
4.5,0.1226,0,0,1,0.5,1,21.8,0
9.9,0.06001,0,0,3,0.48,0,39.25,1
0.5,0.13502,1,1,5,0.43,1,43.87,1
3.6,0.14685,0,1,1,0.68,0,27.06,0
4.8,0.28728,0,0,1,0.81,0,27.42,0
5.0,0.57103,0,0,2,0.96,1,36.39,1
3.2,0.06292,0,0,1,0.41,1,14.47,0
7.3,0.13417,0,0,5,0.7,1,37.33,1
8.7,0.43852,0,1,1,0.56,0,48.23,1
9.4,0.26557,1,1,4,0.18,1,69.01,2
8.1,0.34685,0,1,2,0.31,0,51.32,2
8.5,0.69715,0,1,4,0.85,1,61.86,2
5.5,0.31853,0,0,5,0.81,1,41.29,1
8.3,0.10862,0,0,1,0.85,1,31.48,1
3.0,0.43877,0,1,5,0.04,0,51.57,2
4.0,0.6049,0,0,1,0.99,1,27.19,0
3.2,0.10735,1,0,1,0.56,1,33.83,1
4.7,0.2341,0,0,1,0.51,0,27.52,0
2.9,0.17391,0,0,2,0.73,1,16.72,0
9.6,0.00138,0,0,5,0.13,0,53.73,2
3.1,0.04342,0,0,2,0.23,0,25.58,0
1.0,0.10883,0,0,1,0.94,0,14.18,0
5.3,0.03152,1,0,2,0.21,1,39.56,1
0.6,0.03054,0,0,2,0.34,1,17.97,0
1.1,0.22607,1,0,3,0.25,0,41.2,1
2.2,0.37159,0,0,2,0.48,1,21.95,0
4.6,0.18995,0,1,5,0.8,0,44.74,1
4.3,0.32029,0,1,4,0.84,0,44.72,1
8.0,0.09614,0,1,5,0.32,1,55.6,2
7.4,0.2918,0,1,5,0.07,0,62.0,2
4.3,0.12907,0,1,4,0.11,1,43.3,1
3.3,0.55917,0,1,2,0.82,0,39.61,1
3.2,0.05194,0,1,4,0.43,0,35.36,1
7.7,0.23011,1,1,4,0.82,1,62.72,2
0.5,0.34293,0,1,5,0.01,1,39.08,1
0.1,0.0747,0,0,5,0.03,1,21.85,0
8.0,0.20705,0,0,3,0.32,0,43.98,1
4.8,0.35337,0,0,1,0.2,1,26.28,0
1.3,0.22263,0,1,2,0.65,0,34.99,1
2.4,0.06115,0,0,4,0.59,1,21.93,0
9.3,0.11278,0,1,5,0.89,0,53.89,2
8.6,0.21834,0,0,5,0.79,1,48.35,1
7.1,0.24837,0,0,2,0.1,0,40.01,1
4.8,0.27466,0,0,3,0.89,0,28.49,0
5.2,0.62109,0,1,5,0.12,0,58.96,2
9.8,0.45321,1,0,4,0.2,1,65.92,2
9.7,0.14265,0,0,2,0.51,1,41.48,1
2.2,0.35469,0,1,4,0.11,1,38.63,1
8.1,0.23785,0,1,1,0.23,0,50.84,2
2.0,0.3114,0,1,5,0.45,1,43.13,1
2.1,0.32589,0,0,2,0.25,1,24.93,0
6.8,0.06776,0,1,5,0.95,1,47.48,1
4.1,0.2223,0,1,1,0.16,1,35.29,1
9.3,0.36741,0,0,2,0.57,1,42.99,1
0.9,0.1469,0,0,4,0.5,1,22.65,0
5.1,0.33622,0,1,4,0.45,0,50.99,2
9.2,0.20673,1,1,1,0.23,1,65.61,2
9.0,0.19196,1,0,5,0.19,1,56.0,2
1.6,0.01942,1,1,2,0.3,1,43.72,1
3.7,0.61439,0,0,4,0.59,0,43.42,1
6.2,0.00437,0,1,4,0.58,1,37.82,1
1.6,0.02333,0,0,5,0.77,1,18.17,0
9.7,0.2013,0,0,1,0.3,1,35.43,1
9.1,0.15934,0,0,1,0.71,0,32.71,1
1.7,0.24164,0,1,1,0.88,1,19.79,0
1.2,0.03245,0,0,4,0.86,1,13.27,0
0.9,0.48661,0,0,4,0.47,0,34.74,1
9.1,0.16696,0,1,4,0.66,1,49.77,1
1.9,0.13392,1,1,4,0.83,1,45.0,1
4.2,0.2534,1,1,4,0.16,0,59.91,2
4.5,0.61754,0,0,4,0.96,1,41.75,1
6.0,0.41952,0,1,3,0.6,1,41.02,1
0.7,0.08116,0,1,2,0.28,1,24.71,0
2.3,0.12582,0,1,1,0.52,1,25.03,0
9.3,0.20492,0,0,2,0.74,0,39.95,1
9.1,0.14281,0,0,5,0.82,0,46.36,1
7.8,0.31317,0,1,1,0.31,1,45.08,1
0.2,0.08077,0,0,1,0.34,1,9.25,0
3.3,0.40505,1,1,4,0.82,1,54.9,2
6.3,0.3207,0,1,4,0.84,0,47.05,1
2.8,0.45565,0,1,5,0.69,0,42.09,1
9.1,0.07656,0,1,2,0.68,1,42.55,1
6.3,0.20467,1,0,2,0.25,1,48.5,1
0.7,0.11327,0,0,2,0.96,1,7.96,0
9.1,0.05699,0,1,5,0.85,0,49.82,1
9.6,0.13902,0,1,3,0.87,0,48.38,1
0.8,0.41017,0,0,2,0.2,1,22.28,0
5.3,0.50606,0,0,1,0.98,1,26.38,0
3.0,0.64036,0,0,1,0.45,0,32.16,1
3.9,0.22342,0,1,4,0.68,0,44.39,1
1.8,0.41837,1,0,4,0.9,0,45.92,1
5.8,0.1318,0,0,2,0.1,1,21.13,0
9.6,0.14342,1,0,2,0.32,1,53.03,2
5.0,0.45833,0,1,4,0.37,0,51.7,2
0.8,0.22298,0,0,1,0.77,1,10.3,0
6.2,0.54716,0,0,5,0.3,0,49.4,1
3.4,0.01527,0,0,5,0.39,0,32.01,1
8.6,0.46804,1,1,5,0.38,1,78.51,3
4.3,0.18359,0,0,2,0.91,0,21.29,0
1.9,0.32113,0,0,5,0.0,1,36.45,1
1.9,0.21364,0,0,3,0.14,1,22.63,0
7.7,0.24864,0,0,2,0.93,0,33.04,1
2.7,0.26472,0,1,3,0.61,0,36.65,1
7.7,0.35192,0,0,2,0.09,0,41.74,1
2.1,0.0872,0,1,2,0.47,1,29.81,0
3.2,0.0426,0,1,5,0.94,0,34.45,1
4.7,0.39972,0,1,2,0.76,0,37.51,1
9.4,0.13163,0,0,3,0.26,1,40.91,1
9.3,0.03039,0,0,1,0.43,0,31.57,1
2.1,0.04524,0,1,3,0.49,0,31.68,1
3.6,0.21294,0,0,4,0.76,1,34.43,1
1.5,0.15269,0,0,2,0.78,1,16.36,0
5.1,0.02013,0,0,3,0.29,1,27.65,0
4.6,0.26211,1,0,5,0.73,1,52.19,2
9.0,0.06228,0,0,4,0.97,0,38.29,1
9.3,0.00135,0,0,1,0.07,1,38.15,1
3.8,0.05234,0,0,3,0.82,1,22.19,0
4.9,0.04106,1,1,3,0.59,0,51.57,2
9.0,0.09454,0,1,3,0.38,1,50.44,2
8.1,0.08618,0,0,4,0.79,0,37.78,1
0.0,0.09573,0,1,5,0.33,1,31.74,1
3.2,0.38992,0,1,4,0.34,0,51.14,2
4.2,0.35276,0,1,5,0.5,0,49.88,1
2.3,0.17758,0,1,5,0.46,1,35.88,1
2.0,0.36395,0,0,1,0.13,0,26.72,0
0.4,0.2515,1,1,2,0.03,0,47.49,1
6.4,0.19912,0,0,2,0.63,0,28.06,0
2.6,0.2413,0,1,3,0.33,1,32.6,1
0.5,0.1215,0,0,2,0.52,0,16.29,0
2.3,0.3486,0,0,3,0.21,1,26.08,0
8.0,0.06588,0,0,4,0.57,0,44.95,1
8.5,0.15537,0,0,2,0.33,1,38.67,1
4.8,0.46091,0,1,1,0.61,0,43.29,1
4.2,0.153,0,1,1,0.68,1,28.82,0
9.8,0.04378,0,0,1,0.0,0,34.91,1
2.0,0.35549,0,1,4,0.43,1,41.36,1
2.2,0.20808,0,1,3,0.73,1,33.87,1
2.9,0.12255,0,0,4,0.74,0,30.31,1
1.7,0.31893,0,1,4,0.38,1,36.15,1
3.8,0.46681,0,0,4,0.82,1,35.41,1
9.1,0.25729,0,1,5,0.65,0,59.39,2
6.2,0.30212,0,1,4,0.99,1,42.93,1
4.1,0.48516,1,0,2,0.51,0,48.14,1
9.3,0.52676,0,1,3,0.38,1,59.73,2
0.5,0.09254,0,1,1,0.92,0,23.29,0
2.1,0.00803,1,1,5,0.4,0,51.63,2
5.7,0.14622,0,0,3,0.64,0,31.68,1
6.2,0.10862,0,1,3,0.83,0,42.62,1
0.4,0.14909,0,1,4,0.46,1,30.92,1
4.0,0.23517,0,0,1,0.44,0,25.67,0
6.5,0.34173,0,1,3,0.29,1,55.17,2
7.0,0.0444,0,1,2,0.96,0,40.92,1
6.4,0.38758,0,0,1,0.94,1,30.54,1
3.2,0.33697,1,1,2,0.47,1,48.02,1
0.9,0.21491,0,0,5,0.33,0,34.59,1
4.3,0.04566,0,1,3,0.13,0,39.99,1
1.3,0.14547,0,0,5,0.48,0,24.73,0
9.5,0.23887,0,1,2,0.89,1,42.12,1
4.8,0.0315,0,1,5,0.87,1,38.73,1
3.2,0.32373,0,0,2,0.12,1,29.84,0
7.7,0.43919,0,1,4,0.49,0,57.48,2
5.0,0.22484,0,0,4,0.82,0,33.66,1
3.1,0.1759,0,0,5,0.84,1,26.26,0
8.1,0.27881,0,0,2,0.93,1,32.87,1
8.7,0.34739,1,0,3,0.2,0,63.11,2
6.7,0.67402,1,1,1,0.41,1,62.24,2
0.5,0.12644,0,0,5,0.95,0,22.42,0
5.7,0.12919,0,0,3,0.27,1,30.51,1
7.6,0.14833,0,0,2,0.33,1,30.08,1
1.4,0.18025,0,1,2,0.23,1,28.88,0
2.3,0.017,0,0,5,0.54,1,26.82,0
8.8,0.14941,0,0,3,0.53,1,40.22,1
0.2,0.13808,0,1,5,0.82,0,32.62,1
7.5,0.37609,1,1,4,0.41,1,68.39,2
4.7,0.03441,0,1,2,0.25,1,29.77,0
4.5,0.32995,0,1,4,0.83,0,41.69,1
0.1,0.58404,0,0,5,0.65,0,33.56,1
8.2,0.17151,0,1,2,0.16,1,51.85,2
3.6,0.08351,0,1,5,0.57,0,41.56,1
5.4,0.44989,0,1,1,0.46,1,40.31,1
6.8,0.18974,0,0,3,0.85,0,31.72,1
7.0,0.39012,0,0,2,0.6,1,33.78,1
9.6,0.12105,0,0,2,0.79,1,37.9,1
5.3,0.42367,0,1,4,0.46,0,52.98,2
4.0,0.22904,0,1,1,0.98,1,24.98,0
9.5,0.34827,0,0,4,0.8,1,46.56,1
6.4,0.17158,0,0,3,0.6,0,30.56,1
3.0,0.33618,0,1,5,0.81,0,49.04,1
1.3,0.61816,1,0,1,0.32,1,35.09,1
8.4,0.2339,0,1,4,0.98,0,51.46,2
3.6,0.03256,0,0,5,0.41,0,31.98,1
6.6,0.06808,0,1,3,0.37,0,46.79,1
4.7,0.5933,0,0,3,0.79,0,45.05,1
2.0,0.19038,0,1,1,0.63,0,23.82,0
6.0,0.22881,0,1,1,0.77,1,37.42,1
0.6,0.29377,0,1,2,0.78,0,28.99,0
4.1,0.33297,1,0,3,0.64,0,49.51,1
5.5,0.52396,0,1,2,0.84,1,47.45,1
4.4,0.18449,0,0,5,0.73,0,36.49,1
7.5,0.39462,0,1,1,0.58,1,46.32,1
8.3,0.17145,0,1,2,0.76,0,42.72,1
7.7,0.18633,0,1,3,0.5,0,49.16,1
0.4,0.13905,0,0,5,0.49,1,17.53,0
1.9,0.27699,0,0,1,0.34,0,26.33,0
5.4,0.22565,0,0,3,0.85,0,26.61,0
9.3,0.06142,0,0,4,0.3,1,43.18,1
8.3,0.08154,0,0,5,0.25,0,45.38,1
8.4,0.00501,0,0,5,0.22,1,42.4,1
3.0,0.19509,0,0,4,0.66,1,20.69,0
4.3,0.35744,0,0,1,0.2,0,27.09,0
4.7,0.01466,0,0,3,0.87,1,20.49,0
1.6,0.16335,0,0,5,0.7,0,34.77,1
0.3,0.45805,0,1,2,0.79,1,30.21,1
9.5,0.14702,0,1,1,0.14,0,54.35,2
2.4,0.00883,0,0,1,0.01,1,16.34,0
2.4,0.19772,0,1,3,0.08,1,34.04,1
0.8,0.11243,0,1,4,0.68,1,24.27,0
9.3,0.06604,0,0,5,0.1,0,50.45,2
5.8,0.23577,0,1,5,0.47,1,45.8,1
6.7,0.06579,0,1,2,0.8,1,33.45,1
9.1,0.41127,0,1,2,0.36,1,50.4,2
3.5,0.18834,0,0,2,0.05,0,27.6,0
6.2,0.31255,0,0,2,0.88,1,31.41,1
0.4,0.26228,0,0,3,0.71,1,20.35,0
1.9,0.01252,0,1,3,0.04,0,28.02,0
8.3,0.07783,0,1,2,0.32,1,44.89,1
7.7,0.11212,0,0,2,0.37,0,35.42,1
3.5,0.10392,0,0,2,0.87,1,21.73,0
3.8,0.21533,0,0,5,0.09,1,34.94,1
5.3,0.1137,0,0,3,0.77,0,28.65,0
0.0,0.0908,1,0,1,0.97,1,20.14,0
2.4,0.24353,1,0,3,0.39,0,50.11,2
2.1,0.09143,0,0,3,0.02,1,22.74,0
2.5,0.37332,0,0,5,0.24,0,38.31,1
8.1,0.43263,0,0,5,0.13,0,52.23,2
2.8,0.15488,0,1,2,0.79,1,28.75,0
1.9,0.24866,0,1,4,0.35,1,40.05,1
5.0,0.26261,0,1,3,0.9,1,45.45,1
8.7,0.1731,0,1,4,0.91,1,48.48,1
2.4,0.19135,1,1,1,0.37,1,43.66,1
0.8,0.05687,1,1,2,0.6,0,40.82,1
3.6,0.02498,0,0,3,0.94,1,20.79,0
7.5,0.7941,0,0,5,0.09,1,59.09,2
5.5,0.16756,0,0,5,0.77,0,42.32,1
8.2,0.12441,0,1,4,0.05,1,51.13,2
9.6,0.13979,1,0,5,0.44,1,63.11,2
7.9,0.17885,0,0,4,0.51,1,43.61,1
6.0,0.04809,0,1,2,0.55,1,35.59,1
4.9,0.17806,0,0,4,0.85,1,25.65,0
0.4,0.06206,0,0,3,0.21,1,23.67,0
9.8,0.0307,0,1,5,0.44,0,55.86,2
3.8,0.37549,0,0,5,0.27,1,42.46,1
1.5,0.41093,0,0,3,0.59,1,23.5,0
6.7,0.23245,0,0,1,0.56,0,30.34,1
2.8,0.15369,0,1,2,0.79,1,29.63,0
5.9,0.04066,0,0,4,0.18,0,36.54,1
5.9,0.48241,1,1,2,0.82,0,55.39,2
4.5,0.01091,0,0,3,0.35,0,22.61,0
8.4,0.1178,0,0,2,0.57,0,40.19,1
2.6,0.42461,0,0,1,0.23,1,24.35,0
4.5,0.14908,0,1,2,0.48,1,39.96,1
5.4,0.06465,0,1,4,0.17,0,43.47,1
6.6,0.36891,1,0,3,0.69,0,49.42,1
7.8,0.73362,0,0,1,0.05,1,46.74,1
3.9,0.21853,0,0,1,0.6,1,20.31,0
6.5,0.36859,0,1,1,0.75,0,39.36,1
1.5,0.19012,0,0,5,0.88,0,32.64,1
9.3,0.36936,1,1,2,0.82,1,64.23,2
3.8,0.20786,0,0,4,0.89,0,31.87,1
7.3,0.73904,0,1,5,0.61,0,71.57,3
0.2,0.00422,0,1,4,0.05,1,32.19,1
2.1,0.26431,0,1,4,0.97,1,32.37,1
4.9,0.00565,0,1,4,0.78,0,42.59,1
8.8,0.11753,0,1,4,0.59,0,57.33,2
5.3,0.18416,0,1,2,0.46,0,40.4,1
9.3,0.21657,0,1,2,0.1,1,49.76,1
4.8,0.06645,0,1,4,0.01,1,44.65,1
4.9,0.38571,0,1,4,0.44,1,45.58,1
1.2,0.06053,0,0,1,0.97,0,7.12,0
8.0,0.0924,0,0,5,0.53,1,44.13,1
2.5,0.09649,0,0,2,0.39,1,19.89,0
9.0,0.39414,0,0,1,0.46,1,35.66,1
9.1,0.05251,0,1,3,0.3,1,49.64,1
9.4,0.75916,1,0,1,0.98,1,60.86,2
5.2,0.12668,0,0,5,0.13,1,35.36,1
6.8,0.16857,0,0,3,0.7,0,35.41,1
7.8,0.25407,0,1,4,0.45,1,56.51,2
1.3,0.23663,1,1,1,0.15,0,42.58,1
6.0,0.52144,0,1,5,0.59,1,54.35,2
0.3,0.39196,1,1,1,0.59,1,47.14,1
5.0,0.06947,0,0,5,0.18,0,41.8,1
1.5,0.22171,0,1,1,0.46,0,30.62,1
1.8,0.25344,0,0,5,0.9,0,31.69,1
3.7,0.00342,1,0,4,0.11,0,49.71,1
4.3,0.13925,0,1,5,0.98,1,39.58,1
6.2,0.06219,0,0,2,0.01,1,29.1,0
0.7,0.25347,0,1,1,0.62,0,25.44,0
5.0,0.01601,0,0,3,0.56,0,26.57,0
1.8,0.05595,0,0,3,0.01,1,26.39,0
5.7,0.20558,1,0,3,0.62,0,52.27,2
6.4,0.07898,1,1,5,0.8,0,63.03,2
5.6,0.01886,0,0,3,0.06,1,33.82,1
7.4,0.25895,0,0,5,0.5,0,41.88,1
3.4,0.32102,1,1,3,0.73,0,51.02,2
7.7,0.15245,0,1,3,0.79,1,46.03,1
4.3,0.12649,0,0,4,0.82,1,20.24,0
4.8,0.20802,0,0,4,0.08,0,35.11,1
6.5,0.01335,0,1,4,0.66,1,43.62,1
0.2,0.34271,1,0,1,0.72,1,33.99,1
6.5,0.42989,0,1,5,0.27,1,56.45,2
6.2,0.09526,0,0,5,0.98,1,34.09,1
3.1,0.33907,0,0,4,0.72,1,34.99,1
0.9,0.03676,1,0,4,0.92,1,33.14,1
0.9,0.00375,0,0,3,0.69,0,17.02,0
9.2,0.15544,1,1,3,0.13,1,65.35,2
6.9,0.15049,0,1,3,0.26,1,40.15,1
1.3,0.15519,0,0,1,0.42,1,16.81,0
3.6,0.21496,0,1,4,0.43,1,40.24,1
5.9,0.12235,0,1,4,0.65,0,45.93,1
8.4,0.21511,0,0,4,0.58,0,44.95,1
0.4,0.36551,1,0,3,0.09,1,36.69,1
2.4,0.06316,0,0,1,0.84,1,7.93,0
8.9,0.13392,0,1,2,0.85,0,43.67,1
0.1,0.24666,0,1,2,0.85,1,27.14,0
2.0,0.0605,1,0,3,0.22,0,36.4,1
9.6,0.18113,0,1,3,0.32,1,54.25,2
6.1,0.05454,0,1,4,0.74,1,35.27,1
2.6,0.35199,0,1,5,0.41,0,45.05,1
0.7,0.05859,1,1,3,0.45,0,46.05,1
0.3,0.12305,1,0,3,0.6,0,31.62,1
2.4,0.07687,0,0,2,0.03,0,26.33,0
8.8,0.26879,0,1,3,0.03,0,59.48,2
4.2,0.15196,1,1,5,0.06,1,57.82,2
7.2,0.03342,0,1,4,0.22,1,45.51,1
9.2,0.53724,1,0,5,0.98,1,64.27,2
4.1,0.32678,0,1,1,0.1,1,38.86,1
1.9,0.20251,1,1,3,0.88,1,43.39,1
5.2,0.04212,0,1,3,0.12,1,42.97,1
9.1,0.14056,0,1,5,0.74,0,57.01,2
8.0,0.29772,0,1,1,0.64,0,46.02,1
0.7,0.20143,0,0,4,0.73,0,24.18,0
6.9,0.02326,0,0,5,0.09,0,42.2,1
5.7,0.12206,0,1,2,0.75,1,31.97,1
9.1,0.09131,0,0,1,0.33,1,35.9,1
1.2,0.14571,0,1,4,0.25,0,36.93,1
5.3,0.04531,1,0,1,0.62,0,39.97,1
8.8,0.07602,0,1,2,0.1,0,45.69,1
4.1,0.22395,0,1,1,0.24,1,35.47,1
4.8,0.56556,0,1,5,0.55,0,52.28,2
0.7,0.17769,0,1,5,0.78,0,34.52,1
2.8,0.39317,0,0,1,0.87,1,22.82,0
3.2,0.18229,0,0,3,0.43,1,29.71,0
9.5,0.07082,0,1,1,0.98,1,29.65,0
2.8,0.24593,1,1,5,0.77,1,58.47,2
4.6,0.13555,1,0,4,0.4,1,47.55,1
6.7,0.26776,0,1,1,0.39,1,41.01,1
1.6,0.06691,0,0,2,0.44,1,12.46,0
4.9,0.26368,0,1,2,0.75,1,35.78,1
7.4,0.35291,1,0,4,0.32,1,58.17,2
8.7,0.28317,0,0,4,0.1,0,47.57,1
6.3,0.14333,0,0,4,0.56,1,34.36,1
6.7,0.14812,0,1,4,0.62,1,41.09,1
1.3,0.02508,1,1,1,0.94,0,34.95,1
9.5,0.13153,0,0,4,0.13,0,51.0,2
1.3,0.16327,0,0,4,0.53,0,24.68,0
7.7,0.33899,0,0,3,0.22,0,45.47,1
2.6,0.09013,0,0,2,0.76,0,21.73,0
9.3,0.38026,0,1,1,0.35,1,51.52,2
7.2,0.21436,0,1,5,0.64,1,49.03,1
7.5,0.24974,0,1,3,0.17,1,52.38,2
2.2,0.66631,0,0,3,0.58,1,35.26,1
4.4,0.38761,0,1,5,0.02,0,63.45,2
6.2,0.23573,0,0,3,0.84,1,31.61,1
7.7,0.00419,0,1,1,0.59,1,34.58,1
1.0,0.1014,1,1,2,0.22,1,41.36,1
9.6,0.0739,0,0,4,0.33,0,47.21,1
8.9,0.14765,0,1,3,0.15,1,51.27,2
2.7,0.24808,0,0,1,0.67,0,20.19,0
8.2,0.0387,0,0,3,0.37,1,33.78,1
5.2,0.25545,0,0,1,0.95,0,29.14,0
4.6,0.0837,0,1,3,0.89,0,35.48,1
3.1,0.14668,0,0,1,0.81,0,19.67,0
5.8,0.12235,0,0,4,0.26,1,42.6,1
7.3,0.10117,0,1,1,0.29,1,37.84,1
4.1,0.20424,0,1,5,0.41,1,45.6,1
6.3,0.58524,0,1,3,0.92,0,51.18,2
7.0,0.31961,0,1,4,0.47,0,56.89,2
7.1,0.1979,0,1,3,0.1,0,47.05,1
0.5,0.17916,0,1,1,0.23,0,22.02,0
8.6,0.08956,0,0,3,0.05,0,42.89,1
4.6,0.36073,0,0,2,0.06,1,31.22,1
2.6,0.43457,0,1,1,0.92,0,31.33,1
2.4,0.3941,0,1,1,0.62,0,35.46,1
4.8,0.45436,0,1,3,0.1,1,44.06,1
8.9,0.2569,0,1,4,0.58,0,62.81,2
3.8,0.09121,0,1,5,0.97,0,39.7,1
7.5,0.02577,0,0,4,0.02,0,40.31,1
1.0,0.1033,0,1,5,0.75,1,29.97,0
4.8,0.03523,1,0,2,0.18,0,44.37,1
9.9,0.33044,0,0,5,0.38,1,47.3,1
7.7,0.37341,0,1,4,0.11,1,57.19,2
2.1,0.59441,0,0,5,0.01,1,44.84,1
5.0,0.29377,0,1,5,0.1,0,57.47,2
2.3,0.04795,0,1,2,0.57,1,30.32,1
4.1,0.11393,0,0,5,0.9,1,29.59,0
7.8,0.29676,0,0,3,0.02,0,44.79,1
7.7,0.39249,0,0,2,0.06,1,42.48,1
2.3,0.32666,0,0,2,0.16,0,29.6,0
9.2,0.24055,0,0,3,0.97,1,41.37,1
5.9,0.01091,0,0,2,0.17,0,36.96,1
3.8,0.29439,0,1,2,0.47,0,44.86,1
5.0,0.44782,0,0,4,0.04,1,40.04,1
6.1,0.22077,0,0,4,0.85,0,34.83,1
5.6,0.06398,0,1,1,0.95,0,38.21,1
4.9,0.14705,0,1,1,0.76,0,31.18,1
5.0,0.0094,0,0,2,0.56,1,22.8,0
1.8,0.1454,0,1,2,0.25,0,38.84,1
8.1,0.03593,0,0,3,0.18,0,40.99,1
5.4,0.06008,0,0,3,0.52,0,27.84,0
1.3,0.09516,0,1,2,0.29,1,28.34,0
7.7,0.04973,0,0,5,0.67,1,36.45,1
9.3,0.11717,0,1,4,0.27,0,49.3,1
9.5,0.24637,0,0,5,0.17,1,51.12,2
3.7,0.37704,0,1,4,0.58,0,51.06,2
1.4,0.16024,0,1,2,0.76,0,34.89,1
5.2,0.40018,0,0,4,0.07,0,43.33,1
1.1,0.21467,0,1,1,0.62,1,26.17,0
9.3,0.28072,0,1,2,0.82,0,48.79,1
1.8,0.19297,0,1,2,0.01,1,31.41,1
2.5,0.10251,0,1,2,0.22,1,29.0,0
4.1,0.36877,0,0,3,0.3,0,36.48,1
3.8,0.13791,0,0,2,0.01,1,22.33,0
7.9,0.44396,0,0,2,0.68,1,38.52,1
4.6,0.06463,0,1,2,0.42,0,38.1,1
1.7,0.60338,0,0,5,0.65,0,39.02,1
2.7,0.10729,0,1,4,0.4,0,37.42,1
5.1,0.05731,0,0,1,0.17,0,27.13,0
1.5,0.17983,0,0,2,0.52,1,18.03,0
6.1,0.1409,0,0,4,0.72,1,33.67,1
5.7,0.49867,1,0,1,0.15,1,46.78,1
7.1,0.07703,1,0,4,0.35,1,52.21,2
9.4,0.25991,0,0,2,0.73,0,41.49,1
9.1,0.44102,0,0,4,0.66,0,51.19,2
9.5,0.08351,0,0,4,1.0,1,37.93,1
2.4,0.02758,0,0,4,0.17,0,26.7,0
1.3,0.01854,0,0,2,0.34,0,14.36,0
3.0,0.18032,1,1,3,0.2,0,50.93,2
9.0,0.24791,0,0,3,0.24,1,43.51,1
9.7,0.49307,0,0,4,0.2,1,52.93,2
8.6,0.15504,0,0,2,0.99,0,33.15,1
1.1,0.00698,0,0,4,0.65,0,22.17,0
9.5,0.15827,0,0,3,0.08,0,44.17,1
4.2,0.20002,1,1,5,0.52,1,58.96,2
0.1,0.00562,0,0,5,0.08,0,22.06,0
4.4,0.45716,0,0,4,0.39,0,39.51,1
0.5,0.59694,0,0,3,0.64,1,27.7,0
5.4,0.0686,0,0,5,0.05,0,41.2,1
3.4,0.16197,0,0,5,0.05,1,32.91,1
4.7,0.30534,1,0,4,0.25,1,50.64,2
6.1,0.5521,0,0,4,0.66,1,45.02,1
8.7,0.28416,0,0,3,0.92,1,37.94,1
6.6,0.02882,0,0,1,0.27,1,23.46,0
4.3,0.4256,0,1,5,0.96,1,42.7,1
8.2,0.04834,0,1,1,0.55,1,35.36,1
9.1,0.07048,0,0,5,0.5,1,44.98,1
1.2,0.27514,0,0,5,0.1,1,28.78,0
5.3,0.29464,0,1,5,0.96,0,44.37,1
2.8,0.14704,0,0,4,0.79,0,27.32,0
0.5,0.31987,0,1,1,0.0,1,31.05,1
6.7,0.20565,0,0,2,0.79,0,26.24,0
8.6,0.15639,1,1,4,0.55,0,64.69,2
1.6,0.34487,0,0,5,0.1,1,36.28,1
8.1,0.3194,0,0,1,0.7,1,32.7,1
8.5,0.1968,0,1,1,0.67,1,39.58,1
9.1,0.08747,0,0,3,0.68,1,37.87,1
2.7,0.28965,0,0,4,0.88,0,32.45,1
9.0,0.06031,0,1,2,0.76,1,40.32,1
3.2,0.02552,1,1,3,0.91,1,41.98,1
5.5,0.15008,1,1,1,0.38,1,50.66,2
0.5,0.489,0,0,3,0.56,1,24.77,0
0.4,0.43674,0,0,5,0.99,1,19.23,0
7.2,0.37386,0,0,4,0.59,0,46.04,1
4.4,0.1172,0,1,2,0.42,1,30.64,1
2.6,0.1357,0,0,2,0.47,0,18.45,0
1.9,0.3446,0,0,1,0.74,1,14.57,0
6.7,0.09239,0,1,3,0.37,0,48.52,1
0.0,0.14565,0,1,2,0.05,1,29.74,0
8.1,0.00462,0,1,2,0.91,1,36.6,1
0.8,0.32735,0,0,5,0.48,0,30.27,1
1.9,0.07081,0,0,5,0.52,0,27.09,0
3.9,0.14006,0,1,1,0.36,1,37.8,1
4.8,0.42295,0,1,3,0.92,0,47.51,1
3.5,0.45073,0,0,5,0.18,1,42.39,1
3.2,0.04477,0,1,3,0.39,1,35.83,1
9.6,0.16015,0,0,1,0.38,1,35.87,1
6.4,0.34741,1,0,4,0.5,1,55.21,2
0.2,0.11769,0,0,1,0.97,1,7.75,0
4.3,0.28576,0,0,4,0.2,1,41.36,1
8.8,0.02398,0,0,5,0.64,0,44.34,1
3.0,0.30406,0,0,2,0.56,1,29.41,0
0.9,0.02687,1,0,1,0.26,0,32.36,1
7.6,0.40103,0,0,3,0.41,0,45.07,1
6.1,0.32574,0,1,3,0.42,0,54.85,2
5.7,0.04122,1,0,4,0.23,1,49.17,1
0.5,0.34594,0,1,3,0.48,1,35.51,1
1.4,0.18325,0,1,5,0.19,0,43.78,1
6.2,0.0655,0,0,4,0.21,0,41.14,1
2.1,0.05973,0,0,2,0.85,1,14.72,0
5.0,0.07482,0,0,1,0.93,1,13.5,0
5.4,0.33177,0,0,4,0.39,1,37.7,1
2.8,0.48904,0,0,5,0.01,0,43.41,1
9.5,0.03839,1,0,4,0.89,1,48.83,1
8.4,0.10768,0,0,5,0.79,0,44.66,1
7.2,0.1965,0,1,4,0.42,0,53.47,2
0.8,0.26912,0,0,4,0.62,1,22.0,0
1.1,0.30299,0,1,2,0.91,1,21.29,0
4.9,0.1519,0,0,4,0.99,1,29.61,0
1.6,0.18309,0,1,5,0.47,0,33.72,1
9.8,0.20021,0,0,4,0.47,0,52.67,2
1.6,0.01475,0,0,3,0.87,1,16.19,0
4.9,0.51382,0,0,2,0.75,1,33.61,1
3.6,0.22968,0,0,5,0.8,1,28.87,0
6.4,0.06415,0,0,1,0.62,0,30.73,1
1.3,0.00352,0,0,4,0.36,1,17.33,0
4.3,0.32766,0,0,5,0.19,0,44.9,1
2.7,0.33577,0,1,3,0.95,0,40.24,1
8.9,0.26548,0,0,4,0.15,1,48.92,1
0.4,0.2039,0,1,3,0.45,1,31.72,1
9.1,0.0859,0,0,4,0.48,0,37.27,1
8.3,0.06194,0,0,4,0.89,1,40.3,1
3.0,0.14847,1,0,1,0.71,0,40.26,1
7.9,0.04452,0,0,1,0.24,1,30.75,1
0.3,0.13487,0,1,3,0.2,0,28.14,0
9.7,0.52684,0,0,2,0.95,0,43.7,1
5.3,0.07121,0,0,4,0.04,0,35.97,1
3.0,0.07863,0,1,1,0.89,1,30.36,1
3.6,0.18029,0,1,2,0.22,1,33.59,1
0.7,0.05158,0,0,3,0.09,1,17.9,0
9.9,0.27769,0,1,5,0.28,1,60.62,2
0.4,0.11423,0,0,1,0.55,0,10.49,0
6.5,0.60374,1,1,4,0.86,0,75.14,3
4.4,0.72583,0,1,1,0.68,0,50.54,2
9.5,0.2593,1,1,4,0.77,0,71.45,3
2.5,0.25212,0,1,1,0.91,0,33.56,1
5.3,0.40111,0,0,3,0.01,0,38.78,1
4.8,0.5254,0,0,3,0.65,1,40.83,1
7.0,0.00945,0,1,3,0.39,0,42.98,1
0.7,0.1902,0,0,3,0.61,1,17.13,0
1.9,0.26284,0,1,3,0.05,1,30.74,1
2.1,0.32218,0,0,4,0.15,1,31.29,1
7.4,0.0681,0,1,4,0.72,1,50.82,2
1.9,0.0573,0,0,5,0.88,1,22.73,0
5.7,0.70267,0,1,3,0.5,1,52.31,2
2.2,0.01554,0,0,2,0.19,1,18.94,0
8.6,0.01039,0,0,4,0.74,0,36.57,1
9.4,0.54019,0,0,4,0.05,1,55.49,2
5.2,0.56845,1,0,5,0.73,0,60.88,2
3.5,0.49082,0,1,4,0.81,0,45.89,1
2.3,0.13608,0,1,1,0.06,1,26.37,0
0.5,0.24207,0,1,4,0.4,0,38.71,1
2.7,0.73831,0,0,1,0.12,0,35.78,1
6.5,0.42788,0,0,5,0.82,0,46.2,1
5.3,0.33008,0,1,1,0.82,0,34.99,1
9.4,0.07676,0,1,2,0.92,0,44.54,1
4.0,0.2697,0,1,4,0.13,1,42.73,1
6.9,0.1851,1,0,2,0.72,1,45.07,1
4.9,0.22823,0,0,3,0.89,1,31.94,1
5.1,0.32546,0,1,5,0.44,1,48.07,1
2.7,0.27018,0,1,5,0.33,0,41.64,1
4.5,0.03937,0,1,4,0.71,0,41.93,1
4.7,0.52769,0,1,4,0.41,1,51.44,2
7.1,0.42109,0,0,5,0.45,1,45.67,1
9.4,0.14326,1,0,4,0.72,1,54.49,2
3.3,0.1193,0,1,1,0.45,0,31.14,1
0.4,0.34904,0,0,1,0.82,0,14.15,0
5.0,0.18165,0,1,1,0.71,1,33.74,1
5.4,0.18793,0,0,5,0.95,0,33.72,1
1.7,0.17545,0,0,5,0.54,0,30.11,1
7.6,0.41193,0,0,2,0.66,0,42.36,1
9.8,0.4554,0,0,3,0.06,1,48.81,1
9.5,0.21106,0,1,4,0.77,0,57.57,2
2.0,0.10643,0,1,5,0.62,1,36.3,1
8.8,0.34363,0,0,2,0.48,1,41.1,1
7.0,0.07222,1,1,3,0.97,1,54.38,2
4.5,0.30089,1,0,1,0.4,0,38.14,1
5.4,0.31591,0,0,4,0.14,1,41.6,1
8.5,0.17049,0,0,5,0.28,1,44.45,1
4.8,0.34862,0,1,2,0.91,0,41.16,1
3.7,0.20689,0,1,1,0.21,1,34.85,1
4.9,0.10875,0,0,3,0.97,1,23.14,0
5.8,0.14488,0,0,2,0.68,0,28.61,0
1.9,0.20566,0,1,3,0.2,0,36.71,1
9.0,0.13351,1,0,5,0.07,0,67.56,2
6.7,0.22424,0,0,2,0.47,0,38.3,1
6.3,0.08167,0,1,4,0.5,1,44.82,1
1.0,0.27124,0,1,1,0.35,0,34.69,1
6.0,0.68985,0,0,2,0.05,1,50.89,2
1.2,0.10041,0,0,5,0.92,0,26.05,0
0.8,0.38668,0,1,5,0.6,0,49.33,1
5.3,0.08673,0,1,3,0.48,1,38.02,1
4.0,0.11297,0,0,3,0.36,0,32.05,1
5.9,0.15707,1,1,4,0.68,0,62.27,2
0.9,0.19265,0,1,5,0.53,0,47.12,1
4.3,0.02933,0,0,5,0.85,1,23.97,0
1.7,0.10657,0,0,5,0.56,1,25.38,0
9.9,0.27722,0,0,1,0.52,1,34.24,1
5.6,0.16562,0,1,1,0.2,1,33.12,1
6.9,0.47783,0,1,5,0.07,1,63.39,2
3.3,0.58251,0,0,1,0.21,0,28.77,0
0.9,0.32904,0,0,5,0.16,1,22.45,0
9.8,0.39488,0,1,3,0.72,1,58.94,2
2.9,0.04739,0,0,3,0.26,1,30.03,1
4.2,0.19852,0,0,1,0.68,0,25.37,0
6.5,0.02596,1,1,3,0.58,1,56.06,2
0.2,0.18623,1,0,3,0.25,0,35.66,1
8.1,0.03488,0,1,4,0.61,1,40.86,1
5.4,0.28172,0,0,4,0.7,0,38.75,1
2.8,0.17083,0,0,5,0.02,0,37.68,1
0.6,0.23189,0,0,2,0.56,0,17.46,0
1.6,0.06989,0,1,2,0.77,0,22.31,0
9.0,0.28135,0,1,4,0.11,0,61.1,2
6.9,0.6585,0,1,5,0.39,0,67.48,2
2.5,0.17985,0,0,4,0.3,1,30.17,1
0.7,0.12834,0,1,3,0.64,1,22.89,0
6.9,0.56787,0,0,5,0.76,1,45.34,1
5.7,0.47775,0,1,5,0.96,1,49.0,1
4.0,0.11437,1,0,2,0.5,1,36.78,1
3.6,0.37759,0,0,2,0.72,1,22.73,0
2.2,0.06077,0,0,2,0.52,1,12.21,0
6.7,0.26045,0,0,1,0.36,1,29.38,0
9.7,0.08161,0,1,3,0.2,0,53.07,2
1.8,0.34178,1,0,3,0.89,0,38.88,1
6.0,0.17517,1,0,3,0.58,0,51.45,2
4.2,0.08763,0,0,3,0.64,1,23.53,0
4.5,0.10911,0,0,3,0.62,0,28.97,0
2.5,0.27683,0,0,3,0.24,1,30.01,1
8.3,0.03769,0,0,1,0.32,0,29.17,0
4.9,0.22153,0,1,5,0.84,1,48.25,1
5.4,0.20903,0,1,2,0.45,1,42.9,1
3.0,0.66427,0,0,2,0.01,0,35.57,1
1.8,0.0635,0,1,2,0.44,0,25.84,0
0.9,0.61755,1,0,3,0.23,1,42.45,1
7.1,0.08061,0,1,2,0.86,1,34.46,1
2.0,0.13776,0,1,1,0.51,0,25.11,0
6.9,0.0165,1,0,3,0.99,1,37.82,1
3.9,0.21951,0,1,3,0.03,1,47.43,1
4.2,0.29332,0,1,1,0.55,0,37.43,1
4.7,0.26495,0,1,5,0.05,0,53.51,2
3.7,0.08706,0,1,1,0.28,1,25.63,0
1.0,0.25394,0,1,1,0.23,1,25.9,0
3.1,0.22853,0,0,1,0.28,1,22.69,0
6.6,0.37325,0,0,5,0.98,1,40.12,1
6.7,0.0978,0,0,2,0.28,0,37.65,1
2.9,0.27546,0,0,1,0.16,0,26.53,0
4.6,0.11634,0,0,3,0.95,1,27.87,0
1.9,0.17571,0,1,2,0.63,1,31.36,1
2.1,0.16563,1,0,2,0.29,0,37.1,1
0.2,0.39583,0,1,4,0.66,1,32.63,1
9.0,0.32073,0,1,1,0.79,1,46.6,1
2.1,0.17132,0,1,2,0.02,1,27.72,0
2.3,0.16331,0,1,3,0.23,0,42.4,1
2.8,0.25329,0,1,5,0.57,0,42.38,1
1.3,0.09701,0,1,5,0.51,0,36.27,1
6.4,0.13574,0,0,2,0.42,1,26.29,0
0.8,0.02376,0,1,5,0.03,0,38.46,1
1.3,0.56502,0,0,4,0.95,1,34.91,1
6.4,0.39622,0,1,5,0.72,1,52.41,2
3.4,0.43668,0,0,5,1.0,1,36.29,1
7.1,0.11546,0,1,5,0.87,0,51.98,2
5.6,0.09253,0,1,3,0.57,0,47.14,1
2.6,0.38359,0,0,4,0.35,1,32.55,1
6.5,0.05368,0,0,4,0.16,1,38.07,1
1.2,0.19454,0,1,5,0.21,1,34.24,1
5.4,0.69872,0,0,2,0.87,0,36.64,1
4.4,0.04801,1,0,3,0.86,1,37.57,1
2.7,0.35015,0,0,2,0.86,1,23.29,0
6.0,0.2924,0,1,1,0.86,0,41.63,1
8.7,0.49983,0,0,3,0.19,0,55.07,2
10.0,0.20867,0,0,5,0.85,0,44.43,1
6.1,0.0533,1,0,3,0.13,1,47.15,1
4.0,0.29076,0,0,3,0.41,0,36.62,1
2.3,0.56921,0,1,2,0.99,0,44.53,1
2.6,0.57716,1,0,1,0.7,0,40.99,1
4.8,0.31542,0,0,3,0.65,1,33.24,1
3.7,0.05502,0,1,1,0.23,1,23.05,0
9.1,0.16666,0,1,1,0.74,0,40.38,1
3.7,0.20381,0,1,2,0.55,1,32.35,1
3.7,0.00359,0,0,2,0.48,1,18.8,0
3.8,0.14484,0,0,5,0.23,1,29.6,0
8.4,0.40972,1,1,5,0.12,0,81.91,3
6.5,0.09356,0,0,3,0.23,0,31.92,1
6.1,0.15676,0,1,5,0.51,1,47.33,1
3.3,0.13859,0,0,2,0.96,1,20.56,0
8.2,0.62155,0,0,5,0.25,0,63.8,2
0.4,0.26397,0,1,5,0.68,0,43.14,1
8.7,0.07513,0,1,5,0.18,1,52.09,2
5.1,0.17938,0,0,1,0.41,1,25.65,0
4.0,0.3633,0,0,5,0.28,0,45.46,1
5.0,0.38211,0,0,2,0.35,1,38.84,1
6.7,0.19496,0,0,1,0.22,1,32.31,1
0.1,0.29217,0,1,5,0.97,0,32.79,1
8.7,0.05167,0,1,5,0.33,1,50.91,2
4.5,0.26648,0,0,2,0.87,1,26.82,0
3.4,0.53075,0,0,3,0.34,0,38.46,1
1.4,0.21935,0,1,2,0.51,0,29.94,0
4.4,0.1732,0,0,4,0.91,1,32.42,1
5.0,0.05628,0,0,2,0.22,1,19.25,0
4.0,0.10615,0,0,3,0.46,1,23.32,0
6.8,0.29169,0,0,2,0.95,1,34.59,1
4.2,0.11862,1,0,1,0.85,1,30.56,1
9.6,0.16924,0,1,1,0.54,1,41.19,1
6.0,0.40383,0,0,2,0.24,1,42.62,1
8.1,0.13188,0,1,1,0.55,1,39.72,1
1.1,0.54796,0,1,3,0.84,1,37.98,1
4.0,0.51197,1,0,4,0.68,0,61.68,2
3.4,0.21877,1,1,4,0.51,1,55.62,2
5.7,0.0669,0,0,3,0.24,1,25.43,0
8.6,0.00824,0,1,5,0.64,1,51.21,2
0.8,0.3763,0,0,5,0.3,1,32.25,1
0.7,0.0326,0,1,4,0.01,0,30.7,1
8.5,0.047,0,1,1,0.38,1,41.38,1
2.1,0.09671,0,0,1,0.2,1,21.11,0
6.7,0.17618,0,0,5,0.89,1,38.11,1
5.4,0.26918,0,0,4,0.12,1,39.82,1
8.3,0.21184,1,0,2,0.34,0,57.67,2
1.3,0.03909,0,1,2,0.21,1,28.7,0
1.3,0.69926,0,0,1,0.17,0,31.7,1
5.6,0.26849,0,1,3,0.5,0,48.26,1
9.5,0.01351,1,0,5,0.98,1,51.35,2
4.1,0.34158,0,0,1,0.38,0,33.06,1
3.3,0.09877,0,1,3,0.49,0,38.55,1
6.1,0.20538,1,1,3,0.64,1,53.69,2
9.3,0.24096,0,0,5,0.69,1,52.57,2
8.4,0.39636,0,0,3,0.45,1,39.84,1
10.0,0.10249,0,0,3,0.08,1,40.3,1
0.2,0.04086,1,0,5,0.84,0,33.67,1
1.1,0.20123,0,1,4,0.55,1,35.06,1
6.1,0.0548,1,0,2,0.47,1,42.61,1
8.2,0.10526,0,1,4,0.84,1,48.02,1
2.9,0.06271,0,0,2,0.6,0,25.85,0
2.4,0.05271,0,0,2,0.21,1,15.44,0
7.9,0.06885,1,0,5,0.42,0,63.47,2
0.6,0.00247,0,0,4,0.69,1,13.38,0
3.7,0.14848,0,1,5,0.99,0,39.64,1
5.1,0.09764,0,1,4,0.61,1,36.52,1
5.6,0.10164,0,0,3,0.19,1,30.76,1
7.3,0.04322,0,0,1,0.02,0,36.39,1
3.5,0.08635,0,1,4,0.3,1,41.93,1
6.1,0.41466,0,0,4,0.43,0,45.26,1
5.9,0.26263,0,1,3,0.62,0,41.28,1
5.5,0.21233,0,1,3,0.19,1,41.78,1
6.4,0.03616,0,0,2,0.08,0,30.24,1
2.6,0.06708,0,0,1,0.22,1,12.63,0
0.8,0.03273,0,1,1,0.53,0,19.87,0
1.2,0.2762,0,1,1,0.13,0,33.68,1
2.2,0.33285,0,0,4,0.15,0,33.77,1
5.0,0.103,0,0,4,0.9,0,30.96,1
8.4,0.09363,1,1,5,0.09,0,72.26,3
7.0,0.22977,0,0,2,0.7,0,33.72,1
7.9,0.23914,0,1,3,0.02,0,59.25,2
3.5,0.17809,1,0,3,0.59,0,43.7,1
4.0,0.37564,0,1,3,0.82,1,40.32,1
3.9,0.00278,1,0,5,0.53,0,42.97,1
1.9,0.06937,0,0,5,0.26,0,31.91,1
0.6,0.44456,0,0,4,0.02,0,35.89,1
5.9,0.14798,0,1,5,0.01,0,51.73,2
9.9,0.51025,0,0,5,0.82,1,52.58,2
1.7,0.45508,0,1,3,0.63,1,32.64,1
0.5,0.49633,0,1,5,0.46,1,46.47,1
7.8,0.11922,0,1,2,0.51,0,40.81,1
2.5,0.05938,0,1,5,0.53,0,40.98,1
8.3,0.6413,0,0,1,0.36,0,49.53,1
7.0,0.00724,0,1,5,0.83,0,44.58,1
9.5,0.10581,0,1,4,0.99,0,55.09,2
4.1,0.1485,0,0,2,0.51,0,28.22,0
6.6,0.04673,0,1,5,0.49,1,45.06,1
4.6,0.46615,0,1,4,0.93,1,44.98,1
6.3,0.34824,1,1,2,0.66,1,58.31,2
4.5,0.22063,0,0,5,0.64,1,37.44,1
1.9,0.65548,0,0,2,0.06,1,28.61,0
5.1,0.46563,0,0,1,0.49,0,31.45,1
5.3,0.14725,0,0,3,0.6,0,32.78,1
8.1,0.10129,1,1,5,0.82,1,66.8,2
7.4,0.20222,1,0,2,0.73,1,48.0,1
6.6,0.24525,0,1,4,0.99,1,43.55,1
1.1,0.26187,0,0,1,0.08,1,17.93,0
7.2,0.59469,0,0,3,0.55,1,46.94,1
5.0,0.52985,0,0,4,0.11,0,49.07,1
8.9,0.41066,0,1,1,0.8,0,52.68,2
9.2,0.06147,0,1,5,0.58,1,50.58,2
0.6,0.19895,0,0,4,0.27,0,24.36,0
8.2,0.28286,0,0,2,0.44,0,46.83,1
0.4,0.04309,0,1,1,0.93,0,17.7,0
3.7,0.02585,0,0,1,0.78,1,14.7,0
5.4,0.44394,0,1,5,0.53,1,51.38,2
1.5,0.121,0,0,1,0.8,0,13.19,0
7.5,0.74811,0,1,3,0.03,0,61.9,2
0.1,0.03327,0,1,2,0.9,1,17.76,0
1.7,0.18105,0,0,5,0.75,1,24.33,0
5.8,0.25419,0,1,3,0.8,1,42.35,1
7.1,0.49044,0,1,5,0.54,1,57.0,2
9.2,0.057,0,0,5,0.69,0,40.66,1
7.1,0.38581,0,1,2,0.64,0,46.66,1
6.7,0.01124,0,1,1,0.81,0,37.82,1
3.9,0.50402,0,0,5,0.7,1,36.88,1
0.0,0.1665,1,0,4,0.5,1,38.75,1
1.2,0.04763,0,1,2,0.09,0,30.65,1
5.3,0.30917,0,0,2,0.99,0,30.21,1
6.8,0.23673,0,0,4,0.35,0,45.27,1
4.2,0.0136,0,1,2,0.76,0,31.72,1
7.3,0.16034,0,1,5,0.61,1,53.71,2
5.2,0.33393,0,1,3,0.98,0,43.93,1
0.7,0.35846,0,0,1,0.96,1,16.16,0
1.9,0.63509,0,0,3,0.43,0,36.57,1
8.4,0.25784,0,0,2,0.85,0,40.1,1
7.2,0.16334,0,1,4,0.12,0,60.14,2
8.9,0.47923,0,0,2,0.21,0,44.55,1
1.2,0.03537,0,0,2,0.57,0,16.73,0
9.9,0.02715,0,1,2,0.21,1,46.98,1
2.1,0.223,0,1,1,0.12,1,26.48,0
0.1,0.04569,0,1,2,0.2,1,23.07,0
10.0,0.02314,0,0,2,0.33,1,30.32,1
2.8,0.01677,0,0,2,0.98,1,10.6,0
6.7,0.02342,1,0,4,0.09,1,57.63,2
1.8,0.08756,0,1,5,0.09,1,33.85,1
5.8,0.3064,0,0,2,0.04,0,38.93,1
9.0,0.09641,0,1,2,0.24,1,42.4,1
3.2,0.10976,0,0,2,0.11,1,21.89,0
6.7,0.11297,0,1,1,0.04,1,35.24,1
1.9,0.08068,0,0,4,0.45,1,23.95,0
6.2,0.34674,0,0,3,0.8,1,34.63,1
3.4,0.27357,0,0,5,0.1,0,41.26,1
2.1,0.02531,0,0,2,0.11,1,12.85,0
3.1,0.36103,0,1,3,0.81,1,39.15,1
1.8,0.14718,0,0,3,0.33,1,14.2,0
9.0,0.09982,0,0,1,0.5,0,36.24,1
4.0,0.02145,1,1,1,0.78,1,41.55,1
2.5,0.06164,0,0,3,0.41,1,22.75,0
4.5,0.1804,0,0,2,0.02,0,29.01,0
3.2,0.01762,0,0,5,0.42,0,30.08,1
7.4,0.33173,0,1,2,0.89,1,48.53,1
9.7,0.36761,0,0,4,0.12,0,55.51,2
4.4,0.20819,0,0,4,0.68,1,31.81,1
8.6,0.41301,0,1,4,0.5,1,52.93,2
5.7,0.2203,0,0,2,0.53,0,26.53,0
1.6,0.05462,0,0,1,0.83,0,12.91,0
6.9,0.1555,1,1,3,0.79,1,49.58,1
5.1,0.50957,0,0,3,0.98,0,34.94,1
6.5,0.07145,0,0,2,0.17,0,36.27,1
8.9,0.22102,0,1,2,0.25,1,47.38,1
4.4,0.07907,1,1,5,0.75,1,58.27,2
9.0,0.21725,0,0,4,0.84,1,39.68,1
7.5,0.43695,1,0,2,0.82,0,55.83,2
4.9,0.15454,1,1,5,0.46,0,55.78,2
6.0,0.28118,1,0,5,0.11,0,63.51,2
3.3,0.21256,0,0,1,0.37,1,23.37,0
9.8,0.25953,0,0,4,0.28,0,50.88,2
6.7,0.17088,0,0,3,0.51,1,33.07,1
0.4,0.05865,0,1,2,0.16,0,25.28,0
3.3,0.09906,0,0,1,0.64,1,17.46,0
6.2,0.26641,0,0,1,0.97,1,28.75,0
0.6,0.0057,0,1,5,0.74,1,27.75,0
0.2,0.06629,0,0,3,0.98,0,11.95,0
4.5,0.18922,0,1,1,0.71,0,33.67,1
3.3,0.01466,0,0,4,0.74,1,16.23,0
4.4,0.23551,0,0,1,0.53,0,22.03,0
2.6,0.10814,0,1,5,0.95,1,36.59,1
1.6,0.08661,0,0,1,0.36,1,9.5,0
6.9,0.44354,0,0,5,0.76,0,50.28,2
5.1,0.17033,0,1,1,0.0,0,40.12,1
2.0,0.45618,0,0,4,0.81,1,26.53,0
3.2,0.42157,1,0,2,0.29,1,36.82,1
5.9,0.01266,0,1,2,0.08,0,39.53,1
0.7,0.12611,0,1,1,0.72,0,22.84,0
1.5,0.0954,0,0,3,0.52,1,28.46,0
0.7,0.14188,0,1,2,0.29,1,27.61,0
8.1,0.20353,0,0,1,0.75,0,33.33,1
7.5,0.30797,0,0,2,0.43,1,38.63,1
7.5,0.49926,0,0,5,0.65,0,52.92,2
7.2,0.33814,0,1,1,1.0,1,45.32,1
6.7,0.23706,0,0,1,0.0,1,32.6,1
4.8,0.32322,0,1,2,0.85,0,43.59,1
6.4,0.48734,0,0,4,0.56,1,43.68,1
0.4,0.21124,0,1,1,0.37,1,24.8,0
6.2,0.14086,1,1,1,0.95,0,51.05,2
7.8,0.30909,0,1,4,0.94,1,44.96,1
5.0,0.0532,0,0,4,0.06,1,35.51,1
3.6,0.25516,0,1,4,0.7,1,37.09,1
2.8,0.01622,0,0,3,0.6,0,25.14,0
6.4,0.34072,0,0,3,0.68,0,36.49,1
6.9,0.14418,0,0,4,0.95,1,31.6,1
8.7,0.02954,0,0,3,0.99,1,29.09,0
3.4,0.12237,0,0,4,0.25,0,27.01,0
7.7,0.05596,0,0,5,0.29,0,45.35,1
5.6,0.21063,0,0,5,0.73,1,35.46,1
8.8,0.09861,0,1,1,0.7,0,41.36,1
5.3,0.0102,0,1,1,0.15,0,36.59,1
5.2,0.19372,0,0,4,0.95,1,30.28,1
5.8,0.02357,0,1,4,0.81,1,37.68,1
7.5,0.38493,0,1,3,0.33,0,51.58,2
9.6,0.51764,1,1,1,0.58,0,72.9,3
0.7,0.0998,0,0,3,0.72,1,19.39,0
0.5,0.0631,0,1,2,0.88,1,17.1,0
9.4,0.18001,0,1,4,0.99,1,45.03,1
5.3,0.14185,0,0,1,0.71,1,21.24,0
6.1,0.35114,0,1,1,0.59,0,43.1,1
4.8,0.32844,0,1,3,0.96,1,41.29,1
0.9,0.73883,1,1,5,0.52,1,67.8,2
7.7,0.21657,0,1,4,0.23,1,49.54,1
7.5,0.33698,0,0,4,0.09,0,53.0,2
3.1,0.29006,0,1,4,0.16,1,45.53,1
3.1,0.08081,0,1,5,0.59,0,39.61,1
8.4,0.27212,0,0,4,0.67,1,43.12,1
0.7,0.05266,0,1,5,0.77,1,29.5,0
8.8,0.10341,0,1,5,0.3,1,52.35,2
2.6,0.30934,0,1,3,0.37,1,39.13,1
5.9,0.13535,0,0,4,0.8,1,29.66,0
9.4,0.57239,0,1,5,0.15,1,67.45,2
6.8,0.06319,0,1,5,0.86,1,45.57,1
4.1,0.27891,1,0,3,0.28,1,49.64,1
6.9,0.19116,1,1,4,0.46,0,62.78,2
3.4,0.1765,0,1,2,0.23,0,35.56,1
2.8,0.17503,0,0,5,0.14,1,29.0,0
10.0,0.65797,0,0,1,0.76,1,44.23,1
7.5,0.25812,0,0,3,0.79,1,35.09,1
6.4,0.15892,0,1,3,0.33,1,41.88,1
3.6,0.15643,0,0,3,0.9,1,20.72,0
0.5,0.3032,0,1,4,0.68,1,30.29,1
0.3,0.35381,0,1,2,0.52,1,31.98,1
5.5,0.39897,0,0,1,0.85,0,31.12,1
7.6,0.78654,0,0,3,0.88,1,53.59,2
5.4,0.53789,0,1,5,0.6,1,53.1,2
8.4,0.40904,0,0,2,0.58,1,42.48,1
0.3,0.46728,0,0,2,0.68,0,27.68,0
3.7,0.3407,0,1,3,0.57,1,36.95,1
2.4,0.04394,0,1,1,0.58,0,32.82,1
4.5,0.49152,0,0,3,0.6,0,35.38,1
0.7,0.22359,0,1,1,0.32,1,27.53,0
9.5,0.11112,0,0,3,0.75,1,33.54,1
2.2,0.20247,1,1,3,0.36,1,49.47,1
9.2,0.47741,1,1,3,0.65,0,75.59,3
4.3,0.51721,0,0,4,0.73,0,40.79,1
9.9,0.2349,1,1,3,0.56,0,76.86,3
5.5,0.19608,1,1,2,0.23,1,53.3,2
9.3,0.34836,0,0,5,0.58,0,53.02,2
0.1,0.57349,1,0,5,0.82,1,46.2,1
7.5,0.20412,1,1,3,0.08,0,64.84,2
9.0,0.49547,0,0,4,0.66,1,51.25,2
1.4,0.18541,0,0,3,0.11,0,35.82,1
1.0,0.47012,0,0,3,0.65,1,24.89,0
4.2,0.13273,0,0,1,0.28,0,26.51,0
9.3,0.05941,1,0,2,0.89,0,44.53,1
5.4,0.04868,0,1,1,0.4,0,30.65,1
5.3,0.07754,1,1,5,0.38,1,57.46,2
1.4,0.14775,0,0,4,0.85,0,19.87,0
0.0,0.17551,0,1,1,0.96,0,20.71,0
8.1,0.0988,1,1,2,0.03,0,63.79,2
0.9,0.47159,1,1,2,0.49,1,49.46,1
6.3,0.11446,0,1,2,0.57,1,39.09,1
9.1,0.39285,1,0,5,0.93,1,62.12,2
2.1,0.47147,1,0,1,0.59,0,43.56,1
6.7,0.05615,1,1,2,0.58,0,51.15,2
0.8,0.21043,0,1,5,0.74,1,38.45,1
6.0,0.22362,1,1,4,0.79,0,63.73,2
1.6,0.43732,0,1,3,0.47,0,42.64,1
7.4,0.26752,1,1,4,0.16,1,66.15,2
3.0,0.18954,0,0,1,0.86,1,17.99,0
4.6,0.12662,0,0,4,0.16,0,35.35,1
6.0,0.00247,1,0,5,0.98,1,49.05,1
1.7,0.46006,0,1,1,0.36,0,33.99,1
7.4,0.12884,0,1,2,0.95,0,39.89,1
3.0,0.1549,1,0,5,0.7,0,41.77,1
6.6,0.62801,0,0,1,0.87,0,37.3,1
1.6,0.34831,0,1,1,0.94,1,24.25,0
6.9,0.38838,0,0,5,0.67,0,46.98,1
1.3,0.044,0,1,4,0.78,1,30.63,1
4.3,0.07286,0,1,4,0.2,0,44.75,1
2.5,0.16911,0,0,2,0.38,1,22.3,0
7.5,0.60572,0,0,1,0.4,0,47.01,1
2.6,0.18643,0,1,4,0.17,0,45.68,1
8.8,0.236,1,1,1,0.56,1,60.73,2
8.9,0.01041,0,0,4,0.75,0,38.66,1
2.0,0.05141,0,0,5,0.25,0,27.47,0
6.1,0.22946,0,0,5,0.73,1,39.47,1
0.9,0.53088,0,1,4,0.83,1,41.32,1
3.9,0.30082,0,0,5,0.02,1,35.47,1
7.1,0.35675,0,1,1,0.84,1,35.6,1
6.6,0.35956,0,1,5,0.22,1,59.25,2
6.2,0.48409,0,0,2,0.02,1,44.68,1
2.8,0.06747,1,0,4,0.8,1,42.09,1
3.8,0.00639,0,0,2,0.79,1,16.88,0
1.0,0.41094,1,0,5,0.01,1,47.69,1
7.2,0.32854,0,0,4,0.07,1,41.78,1
5.0,0.34315,0,0,4,0.92,0,36.99,1
7.1,0.34437,0,0,1,0.91,0,30.9,1
2.5,0.50952,0,0,1,0.52,1,25.82,0
3.2,0.40447,0,0,5,0.85,1,38.98,1
3.3,0.29049,0,1,1,0.3,1,29.85,0
0.3,0.1214,0,0,1,0.15,1,11.16,0
3.4,0.02569,0,1,2,0.98,1,22.0,0
8.0,0.1229,0,0,2,0.58,1,32.56,1
9.0,0.06505,0,0,2,0.3,0,34.02,1
5.2,0.44267,1,1,5,0.52,0,70.97,3
4.6,0.03603,0,0,4,0.6,0,30.38,1
0.3,0.20555,0,1,3,0.33,1,29.99,0
8.8,0.0702,0,1,5,0.77,1,51.06,2
0.1,0.02145,0,0,4,0.04,0,18.64,0
9.4,0.04893,0,0,1,0.24,0,38.07,1
4.9,0.17228,0,1,5,0.31,1,51.15,2
3.4,0.2737,0,1,4,0.72,0,36.91,1
9.2,0.35672,0,0,5,0.8,0,48.81,1
0.2,0.19355,0,1,1,0.63,0,22.92,0
5.8,0.02153,0,1,1,0.33,1,35.8,1
5.5,0.02989,0,1,5,0.26,0,48.87,1
2.2,0.03024,0,1,5,0.4,1,35.28,1
4.3,0.50311,0,0,3,0.44,0,40.37,1
6.5,0.34997,0,1,2,0.59,1,46.37,1
7.3,0.24397,0,1,4,0.68,0,48.56,1
0.0,0.07194,0,0,1,0.38,1,4.88,0
9.4,0.34667,0,1,1,0.12,1,50.63,2
1.6,0.20515,0,0,4,0.44,1,26.64,0
2.3,0.04784,0,0,5,0.36,1,27.19,0
2.6,0.02047,0,1,3,0.06,1,38.92,1
0.4,0.36618,0,0,4,0.21,0,22.73,0
1.2,0.27058,0,1,5,0.41,0,40.11,1
9.9,0.13413,0,0,1,0.55,1,32.33,1
3.2,0.14956,1,1,5,0.54,0,52.84,2
1.2,0.17207,0,0,2,0.21,1,22.11,0
1.1,0.13109,0,1,3,0.23,0,34.73,1
7.2,0.15965,0,0,2,0.71,1,27.31,0
8.5,0.06532,0,1,2,0.34,0,46.79,1
2.6,0.28162,0,1,5,0.19,0,49.61,1
0.2,0.29962,0,0,5,0.45,1,26.62,0
2.2,0.35607,0,0,4,0.49,1,30.25,1
0.6,0.42387,1,0,1,0.2,0,38.18,1
1.0,0.30799,0,1,3,0.47,1,29.76,0
4.3,0.65103,0,0,2,0.75,1,38.34,1
2.3,0.17354,0,0,5,0.17,0,35.04,1
5.2,0.33148,0,1,1,0.36,0,44.35,1
2.5,0.22166,0,0,4,0.1,0,34.91,1
9.4,0.40525,0,0,5,0.22,1,50.44,2
9.1,0.21183,1,1,4,0.43,1,69.15,2
5.7,0.49017,0,0,5,0.97,0,44.81,1
3.5,0.28485,0,0,3,0.7,1,26.03,0
3.8,0.02992,0,1,2,0.93,1,25.76,0
4.1,0.01424,0,1,4,0.1,1,41.23,1
7.3,0.09125,0,1,4,0.94,1,39.67,1
4.5,0.35694,1,0,4,0.51,0,50.66,2
8.6,0.3538,0,1,5,0.28,1,59.74,2
9.4,0.36444,0,1,4,0.84,1,54.71,2
3.4,0.29843,0,0,5,0.6,0,39.17,1
5.6,0.14352,0,0,5,0.09,0,34.43,1
1.0,0.25,0,0,3,0.54,0,21.73,0
2.0,0.3979,0,0,5,0.64,1,38.71,1
4.1,0.05351,0,1,1,0.02,1,30.99,1
2.1,0.30574,1,0,4,0.55,0,44.11,1
8.8,0.01241,0,0,2,0.36,1,32.96,1
1.6,0.28329,0,0,4,0.46,0,31.32,1
4.6,0.1609,1,0,1,0.11,0,44.26,1
6.1,0.51466,0,0,5,0.5,0,53.4,2
6.9,0.37782,1,1,3,0.98,0,57.6,2
3.8,0.42488,0,0,5,0.74,1,34.72,1
8.7,0.38795,0,1,3,0.93,0,55.74,2
5.7,0.43293,0,1,2,0.28,0,50.96,2
4.4,0.11442,0,1,4,0.38,0,46.57,1
0.7,0.14116,0,0,5,0.65,0,28.12,0
4.6,0.00375,0,0,3,0.74,1,23.14,0
8.2,0.06533,0,0,3,0.3,1,37.71,1
6.1,0.32926,0,0,1,0.35,1,27.56,0
8.3,0.06201,0,0,1,0.13,1,31.67,1
4.9,0.2522,0,0,4,0.68,1,30.33,1
1.2,0.08133,0,0,3,0.35,1,14.47,0
0.1,0.31976,0,0,2,0.14,0,21.59,0
3.0,0.3291,0,0,3,0.63,1,25.06,0
7.0,0.26177,1,0,3,0.01,0,59.94,2
7.9,0.1363,0,0,5,0.95,0,42.26,1
3.0,0.02054,0,1,5,0.64,1,36.36,1
5.0,0.05464,1,0,1,0.61,0,35.15,1
4.2,0.05475,0,1,5,0.65,0,38.74,1
4.1,0.39538,1,0,3,0.32,1,46.94,1
2.3,0.04468,0,1,5,0.23,1,43.95,1
1.4,0.03205,0,0,1,0.54,0,20.18,0
2.0,0.00632,0,1,4,0.94,1,26.02,0
0.6,0.40803,1,0,2,0.28,0,43.16,1
2.0,0.06008,0,1,3,0.72,1,24.18,0
0.1,0.51088,0,0,2,0.97,0,22.37,0
6.3,0.29473,0,1,4,0.55,0,50.84,2
3.2,0.02576,0,0,3,0.46,0,30.2,1
9.7,0.19471,0,0,2,0.75,0,40.42,1
1.9,0.35591,1,0,4,0.14,0,45.38,1
3.5,0.15008,1,1,3,0.03,1,55.27,2
3.6,0.18081,0,0,4,0.35,1,36.23,1
0.1,0.07118,0,1,3,0.84,1,23.59,0
8.4,0.12414,1,1,3,0.08,1,60.28,2
0.3,0.16423,1,0,4,0.59,1,32.4,1
9.4,0.22101,1,0,1,0.05,1,56.46,2
8.9,0.05207,1,1,2,0.5,0,63.11,2
5.4,0.25916,0,0,1,0.13,1,34.5,1
5.4,0.0281,0,1,5,0.61,0,40.68,1
6.5,0.14328,0,0,2,0.31,1,33.36,1
3.9,0.06538,0,0,3,0.37,0,24.65,0
6.5,0.28384,0,0,2,0.06,1,32.49,1
0.4,0.1223,0,1,2,0.78,0,24.57,0
0.5,0.18926,0,1,5,0.6,1,30.13,1
4.6,0.15106,0,0,1,0.58,1,16.82,0
5.5,0.14254,1,0,3,0.66,1,45.27,1
8.9,0.16926,0,1,2,0.66,1,46.06,1
1.0,0.11368,0,1,1,0.35,0,29.24,0
8.2,0.22905,0,0,5,0.27,1,46.56,1
2.1,0.11385,0,0,1,0.3,1,17.19,0
3.9,0.22093,0,1,5,0.81,1,44.13,1
3.2,0.09987,0,1,2,0.17,1,36.45,1
4.0,0.16512,0,0,3,0.49,0,33.45,1
1.5,0.28689,0,0,1,0.63,1,16.37,0
5.0,0.58672,0,1,5,0.52,1,55.33,2
8.0,0.19531,0,0,3,0.55,0,37.43,1
4.4,0.24949,1,1,2,0.84,1,51.74,2
4.9,0.20388,0,1,1,0.33,0,39.92,1
8.5,0.11554,0,1,4,0.35,0,56.22,2
7.1,0.22006,0,0,3,0.17,1,36.57,1
4.9,0.01868,1,1,1,0.75,1,47.17,1
2.6,0.0407,0,1,5,0.21,0,35.62,1
8.8,0.19835,0,0,4,0.52,1,48.39,1
5.8,0.54653,0,0,3,0.85,1,36.54,1
2.2,0.21857,0,0,4,0.1,0,33.33,1
2.7,0.51679,0,0,3,0.17,0,41.78,1
8.0,0.3185,1,1,2,0.18,0,67.03,2
0.4,0.00254,0,0,5,0.13,1,21.17,0
9.9,0.02473,0,1,5,0.94,1,46.42,1
1.3,0.22449,0,1,2,0.74,0,28.34,0
8.0,0.13918,0,0,3,0.45,1,30.99,1
3.9,0.14811,0,0,3,0.3,1,27.25,0
4.9,0.20526,0,0,5,0.12,1,36.6,1
8.8,0.18919,0,0,1,0.02,1,38.55,1
4.1,0.0889,0,0,3,0.65,0,26.5,0
5.4,0.19121,0,1,2,0.51,1,35.15,1
0.5,0.02656,0,1,5,0.59,1,27.17,0
0.0,0.28961,0,0,2,0.17,0,20.69,0
2.4,0.05598,0,0,2,0.59,0,17.37,0
6.8,0.08394,0,0,3,0.2,1,34.17,1
1.2,0.23869,0,0,2,0.04,0,26.32,0
1.1,0.23674,0,0,5,0.87,1,24.06,0
4.1,0.08841,0,0,1,0.83,1,16.58,0
6.5,0.25647,0,0,5,0.59,0,43.62,1
7.1,0.23127,1,1,4,0.91,0,63.81,2
1.8,0.49052,0,0,5,0.77,1,41.56,1
0.8,0.2355,0,1,4,0.27,0,36.05,1
9.4,0.13292,0,0,3,0.91,0,43.93,1
2.6,0.17073,0,1,4,0.39,1,38.71,1
8.5,0.12192,0,1,1,0.98,1,38.17,1
8.6,0.40845,0,0,3,0.7,1,42.68,1
7.7,0.07914,0,0,1,0.21,0,29.5,0
1.7,0.38594,1,1,4,0.4,1,55.09,2
8.2,0.24131,0,0,3,0.67,0,41.24,1
7.7,0.13927,0,1,4,0.79,0,54.2,2
6.0,0.1608,0,1,2,0.58,0,41.57,1
3.4,0.34522,0,1,1,0.74,0,41.49,1
2.6,0.05499,0,0,2,0.48,0,18.6,0
1.2,0.45268,0,1,1,0.29,0,41.44,1
5.1,0.08205,1,1,1,0.7,0,44.25,1
5.9,0.17586,0,0,3,0.82,1,28.12,0
3.6,0.13303,0,1,2,0.32,1,32.37,1
4.8,0.63843,0,0,4,0.43,1,43.69,1
3.6,0.2931,0,0,3,0.34,0,24.54,0
6.4,0.09549,0,1,1,0.15,1,36.85,1
9.0,0.19299,0,1,4,0.77,1,51.41,2
1.6,0.04131,1,0,1,0.51,1,23.5,0
3.8,0.16759,0,1,1,0.16,0,35.65,1
1.4,0.42527,0,1,4,0.35,0,46.63,1
6.2,0.56221,0,0,5,0.74,0,49.05,1
7.3,0.27999,0,1,4,0.38,0,52.87,2
9.3,0.27096,0,1,3,0.07,1,54.84,2
2.8,0.00469,0,0,4,0.11,0,31.82,1
9.5,0.07399,0,0,3,1.0,1,30.19,1
0.6,0.16439,0,0,2,0.43,0,16.1,0
6.0,0.24644,0,1,4,0.64,1,48.58,1
0.6,0.05185,0,0,2,0.62,0,16.07,0
8.9,0.02592,0,0,4,0.17,1,40.53,1
5.3,0.06288,0,1,3,0.4,0,39.5,1
6.7,0.18504,0,1,2,0.71,1,43.07,1
8.3,0.40568,0,0,5,0.42,1,49.24,1
1.5,0.23006,0,0,4,0.59,1,24.42,0
0.4,0.0036,0,0,3,0.37,1,13.03,0
8.8,0.03309,0,0,3,0.27,1,39.22,1
3.1,0.70559,0,0,1,0.02,1,39.24,1
1.3,0.22724,0,0,3,0.42,0,23.85,0
4.7,0.52543,1,0,3,0.4,1,49.61,1
6.0,0.26822,1,1,4,0.46,0,64.01,2
0.3,0.20889,0,1,2,0.01,0,36.54,1
2.7,0.12781,0,1,4,0.52,1,31.13,1
0.3,0.14748,0,0,4,0.12,0,24.47,0
4.2,0.11147,0,1,5,0.5,0,46.19,1
9.0,0.17692,0,0,5,0.34,1,43.55,1
9.8,0.12187,1,0,4,0.04,1,60.45,2
6.4,0.00596,0,1,5,0.17,1,43.12,1
1.6,0.10466,0,0,1,0.26,0,17.57,0
9.1,0.08763,0,1,3,0.23,1,45.91,1
5.2,0.01971,0,1,4,0.6,1,39.05,1
1.5,0.12716,1,1,2,0.04,1,42.88,1
9.2,0.09074,0,0,5,0.44,1,47.35,1
7.6,0.01073,0,1,1,0.82,1,33.07,1
7.3,0.01613,0,1,5,0.29,1,47.0,1
7.1,0.38632,0,1,1,0.6,0,42.08,1
2.0,0.31543,0,1,1,0.92,1,26.44,0
2.1,0.19509,0,1,1,0.79,1,24.49,0
6.9,0.02669,0,0,4,0.83,0,34.33,1
2.2,0.41865,0,1,3,0.44,0,43.72,1
4.4,0.46684,0,0,4,0.08,1,38.04,1
7.8,0.32997,0,0,3,0.49,0,35.4,1
7.8,0.28714,0,1,2,0.07,1,46.79,1
4.5,0.38468,0,0,5,0.5,1,33.54,1
7.9,0.24935,0,1,4,0.5,1,53.16,2
8.4,0.1448,1,0,5,0.82,1,55.88,2
6.5,0.0752,0,0,5,0.55,1,40.65,1
2.3,0.16265,0,0,2,0.1,0,23.39,0
2.7,0.01148,0,1,5,0.46,1,33.44,1
3.1,0.73019,0,0,3,0.73,0,47.68,1
1.2,0.06835,0,1,4,0.1,1,34.95,1
2.7,0.70824,0,1,2,0.49,0,53.86,2
2.1,0.11892,0,0,3,0.5,1,21.94,0
4.6,0.14674,0,0,3,0.93,0,28.49,0
9.1,0.04377,1,0,2,0.78,0,46.76,1
1.0,0.08633,0,0,2,0.24,1,16.19,0
7.2,0.07417,0,0,5,0.81,1,35.46,1
6.9,0.09331,0,0,1,0.43,0,28.55,0
1.0,0.08185,0,1,3,0.5,1,27.76,0
9.2,0.2653,0,1,3,0.37,1,56.27,2
5.7,0.46954,0,1,1,0.09,0,43.9,1
3.6,0.00984,0,1,3,0.99,0,27.32,0
7.6,0.33058,0,0,4,0.09,0,48.28,1
2.6,0.38281,0,1,5,0.08,0,49.82,1
6.9,0.13351,0,0,5,0.12,1,39.67,1
0.4,0.44985,0,0,4,0.28,1,28.58,0
8.4,0.15425,1,0,1,0.55,1,40.58,1
4.5,0.3804,0,0,2,0.77,0,27.29,0
6.4,0.07923,1,1,3,0.76,1,53.55,2
2.2,0.21484,0,0,3,0.5,0,28.27,0
6.8,0.23509,0,1,2,0.85,0,45.37,1
7.7,0.02748,0,0,2,0.02,1,33.82,1
4.7,0.09986,0,0,1,0.04,0,27.79,0
6.2,0.15855,0,0,3,0.65,1,33.59,1
4.6,0.08823,0,1,2,0.46,0,30.47,1
8.9,0.14117,0,0,3,0.5,0,41.97,1
5.0,0.0504,0,1,4,0.22,0,41.88,1
8.4,0.16443,0,0,2,0.84,0,34.97,1
8.0,0.44226,0,0,1,0.5,1,36.34,1
4.1,0.13699,0,0,1,0.21,1,18.96,0
2.3,0.23067,0,1,3,0.14,1,39.79,1
4.1,0.44988,0,0,3,1.0,0,34.31,1
8.3,0.181,0,0,1,0.73,0,33.42,1
2.3,0.31239,1,0,3,0.53,0,46.61,1
5.2,0.22069,0,1,1,0.57,0,40.35,1
8.1,0.32295,0,1,5,0.11,1,58.53,2
3.5,0.12968,0,0,1,0.72,0,20.27,0
6.4,0.48396,0,0,5,0.92,0,54.82,2
2.5,0.0529,0,0,4,0.9,1,17.99,0
1.1,0.63342,0,1,4,0.79,0,45.25,1
7.9,0.17526,0,0,4,0.65,1,35.47,1
1.0,0.26361,0,1,2,0.27,1,29.15,0
2.7,0.31854,0,0,1,0.34,1,21.94,0
8.6,0.11112,0,1,5,0.83,1,53.66,2
3.5,0.67767,1,1,5,0.72,1,66.28,2
9.7,0.13165,0,0,5,0.99,0,47.25,1
9.8,0.14474,0,1,1,0.09,0,51.48,2
2.7,0.0867,0,1,4,0.35,0,39.87,1
0.4,0.03868,1,0,2,0.88,0,29.58,0
7.1,0.23417,0,0,1,0.03,0,35.49,1
4.5,0.11615,0,1,2,0.34,0,33.19,1
1.0,0.07917,1,1,2,0.97,0,39.59,1
7.1,0.08227,1,1,2,0.55,1,56.0,2
0.3,0.47929,0,1,1,0.31,0,40.64,1
8.7,0.17401,0,1,4,0.93,0,48.35,1
1.4,0.17775,0,0,4,0.35,0,30.02,1
1.3,0.13177,0,1,3,0.13,1,35.75,1
1.8,0.20869,0,0,5,0.58,1,22.4,0
9.6,0.26785,1,0,5,0.71,1,65.81,2
6.9,0.03283,0,1,4,0.08,0,48.73,1
8.0,0.18489,0,1,5,0.62,0,51.01,2
4.0,0.42893,1,1,4,0.37,0,64.05,2
3.4,0.12198,0,0,2,0.12,1,27.33,0
2.3,0.17565,0,1,3,0.64,1,37.78,1
4.8,0.48748,0,0,5,0.27,0,50.29,2
5.5,0.14009,0,1,2,0.17,0,44.16,1
6.3,0.10354,0,0,5,0.09,0,41.98,1
2.6,0.05891,0,0,3,0.4,1,22.93,0
9.5,0.23313,0,0,1,0.62,0,33.57,1
1.7,0.24893,0,0,3,0.98,1,23.43,0
9.7,0.46871,0,1,2,0.34,0,61.47,2
0.1,0.33101,0,1,3,0.61,0,35.08,1
4.8,0.14544,1,1,2,0.12,0,60.52,2
3.3,0.05135,0,0,3,0.94,1,18.71,0
4.5,0.28897,0,1,5,0.74,0,53.03,2
5.7,0.27416,0,0,3,0.71,0,32.23,1
4.4,0.15367,0,1,3,0.55,1,34.73,1
4.1,0.1786,0,0,4,0.56,0,31.67,1
7.3,0.1137,0,0,3,0.45,1,35.75,1
6.9,0.57184,0,1,5,0.05,0,66.11,2
8.3,0.14385,0,0,2,0.07,0,40.31,1
2.5,0.40727,0,1,1,0.19,1,32.59,1
6.1,0.0479,0,0,1,0.19,0,24.03,0
5.9,0.15897,0,1,1,0.06,1,37.49,1
3.7,0.28983,0,0,1,0.5,1,19.94,0
4.9,0.1017,0,1,2,0.51,1,37.34,1
3.1,0.06963,0,0,2,0.6,0,19.42,0
1.4,0.29139,0,0,1,0.79,0,22.61,0
2.1,0.29038,0,0,3,0.94,0,24.68,0
1.1,0.0329,0,1,3,0.95,0,24.27,0
6.8,0.07455,0,0,4,0.9,0,32.05,1
6.6,0.09434,0,0,2,0.74,0,30.69,1
9.5,0.05862,0,0,4,0.67,1,40.65,1
7.3,0.00967,0,0,5,0.12,1,43.2,1
0.5,0.16183,0,0,2,0.66,1,13.46,0
8.8,0.04949,0,0,1,0.16,1,33.58,1
8.6,0.41223,0,0,1,0.75,0,42.31,1
4.4,0.41398,0,1,4,0.16,0,50.92,2
5.9,0.19487,0,0,2,0.68,1,24.33,0
9.8,0.04082,0,0,3,0.07,1,45.24,1
5.3,0.07226,0,1,2,0.31,1,35.02,1
9.1,0.03004,0,1,4,0.37,0,54.32,2
0.8,0.16678,0,0,4,0.31,0,20.66,0
1.9,0.07529,0,1,1,0.31,0,24.16,0
4.4,0.18463,0,0,1,0.53,1,21.79,0
5.8,0.23971,0,0,5,0.82,1,39.85,1
8.2,0.58017,1,0,4,0.87,0,67.93,2
9.9,0.00997,0,1,5,0.07,1,60.23,2
3.9,0.1621,0,1,5,0.19,1,39.87,1
0.5,0.00177,0,0,1,0.31,1,12.27,0
8.0,0.00861,0,0,3,0.68,0,30.64,1
6.0,0.14111,0,1,1,0.4,0,36.72,1
2.0,0.13358,1,0,2,0.48,0,32.19,1
4.9,0.32811,0,0,3,0.78,0,35.06,1
7.4,0.15081,1,0,4,0.64,1,53.42,2
7.7,0.22309,0,0,3,0.59,0,39.18,1
5.0,0.18598,1,0,4,0.58,0,49.04,1
3.1,0.01156,0,1,4,0.2,1,32.85,1
9.7,0.19913,0,1,5,0.11,0,64.36,2
6.6,0.22602,0,1,2,0.33,0,45.98,1
4.1,0.77026,0,0,1,0.77,0,34.11,1
2.8,0.30984,0,1,5,0.85,1,39.05,1
7.3,0.04639,0,1,5,0.8,1,44.48,1
2.4,0.51992,0,0,2,0.16,1,37.75,1
1.7,0.22659,0,1,1,0.92,1,26.13,0
5.3,0.19452,0,1,5,0.39,1,44.64,1
2.9,0.20673,1,1,3,0.84,1,49.74,1
6.3,0.04624,0,0,1,0.63,1,25.11,0
1.2,0.16418,0,0,2,0.79,0,19.07,0
6.5,0.17201,1,0,3,0.03,1,54.12,2
2.8,0.17279,0,0,3,0.43,1,22.6,0
0.0,0.43532,0,1,5,0.61,0,47.23,1
1.3,0.17535,0,0,2,0.37,1,23.33,0
9.3,0.6336,1,1,2,0.79,0,76.87,3
8.7,0.0333,0,1,5,0.72,1,55.43,2
2.3,0.63115,0,0,1,0.39,0,32.43,1
7.8,0.06936,0,1,4,0.44,1,46.6,1
6.1,0.46257,0,1,5,0.49,1,58.32,2
9.7,0.04889,0,0,3,0.55,0,45.05,1
3.7,0.26048,0,0,4,0.3,0,34.72,1
6.8,0.2957,0,0,1,0.23,0,34.22,1
0.6,0.23471,1,0,1,0.11,0,33.92,1
4.0,0.26267,0,0,1,0.14,1,26.43,0
9.6,0.18893,0,1,4,0.47,1,47.28,1
5.4,0.03921,0,0,5,0.66,0,37.67,1
2.9,0.09126,0,1,2,0.67,1,24.27,0
1.2,0.14282,1,0,5,0.46,0,37.76,1
7.0,0.19577,1,0,5,0.62,0,59.1,2
6.4,0.14945,0,0,4,0.96,1,33.63,1
3.7,0.16769,0,1,3,0.98,1,30.3,1
9.5,0.23498,0,0,4,0.84,1,40.52,1
0.2,0.05434,0,1,3,0.91,0,23.39,0
3.0,0.0191,0,0,4,0.14,1,25.74,0
9.2,0.07752,0,0,3,0.28,0,42.66,1
3.2,0.16867,0,1,2,0.95,0,31.16,1
2.5,0.18319,0,1,2,0.13,1,36.44,1
5.3,7e-05,0,1,1,0.87,1,32.49,1
8.2,0.15914,0,1,1,0.44,0,49.05,1
1.0,0.06219,0,0,3,0.97,0,18.33,0
9.4,0.23435,1,0,5,0.72,1,61.6,2
8.0,0.0735,0,0,1,0.34,0,32.76,1
1.8,0.52554,1,0,4,0.12,1,50.85,2
7.1,0.55428,0,0,2,0.24,1,46.55,1
3.8,0.1627,0,0,1,0.7,1,14.08,0
4.0,0.27873,0,0,1,0.32,0,28.19,0
7.8,0.03798,0,1,1,0.95,0,38.0,1
9.6,0.04794,0,0,4,0.53,1,42.52,1
1.3,0.28742,0,0,4,0.52,1,24.3,0
4.2,0.16554,0,0,1,0.81,1,24.24,0
4.8,0.12945,0,1,5,0.8,1,42.21,1
3.8,0.12036,0,1,5,0.69,1,39.46,1
3.6,0.22317,1,0,4,0.95,1,40.89,1
0.5,0.19265,0,0,4,0.58,0,28.21,0
6.9,0.439,1,0,2,0.9,1,53.25,2
4.4,0.14362,0,0,5,0.47,1,31.6,1
1.9,0.11518,0,0,1,0.76,1,12.45,0
8.2,0.20477,0,0,3,0.23,1,41.57,1
8.0,0.33517,0,0,2,0.85,1,39.0,1
4.9,0.45834,0,0,2,0.35,0,40.38,1
3.0,0.20383,0,0,1,0.73,1,18.6,0
6.4,0.18133,0,0,1,0.32,0,32.82,1
2.9,0.11178,1,0,4,0.95,1,40.05,1
2.4,0.29516,0,0,5,0.19,0,39.91,1
7.3,0.07178,1,1,4,0.53,1,58.09,2
0.4,0.37239,0,1,5,0.39,1,36.02,1
0.9,0.11878,0,0,5,0.53,0,22.67,0
0.1,0.26815,0,0,3,0.23,1,23.35,0
1.5,0.13645,0,1,2,0.5,1,27.49,0
0.7,0.41572,0,1,3,0.13,0,46.33,1
10.0,0.28169,0,0,1,0.23,1,35.14,1
2.9,0.51492,0,0,3,0.67,0,36.52,1
1.5,0.19907,0,1,3,0.47,0,31.07,1
2.4,0.08572,0,0,2,0.5,1,19.69,0
9.4,0.00606,0,0,3,0.93,1,32.12,1
5.2,0.17759,0,1,2,0.22,0,41.89,1
3.6,0.41916,0,0,2,0.55,1,28.31,0
8.7,8e-05,0,0,2,0.53,0,32.47,1
3.9,0.09058,1,0,2,0.45,0,42.4,1
3.4,0.18223,0,1,3,0.83,1,30.33,1
2.1,0.01805,0,0,4,0.57,1,20.6,0
3.8,0.09703,0,1,4,0.82,0,39.1,1
3.2,0.29463,0,0,1,0.86,1,16.8,0
6.8,0.12037,0,1,2,0.07,0,44.5,1
2.9,0.49256,1,0,4,0.94,0,45.75,1
5.8,0.2906,1,1,1,0.76,1,53.19,2
0.7,0.66275,0,0,3,0.48,0,38.09,1
1.9,0.22656,0,0,1,0.82,1,9.62,0
4.1,0.6348,1,1,4,0.23,1,66.56,2
9.4,0.56584,0,1,1,0.82,1,48.42,1
3.8,0.22198,0,0,1,0.56,0,18.48,0
6.6,0.16202,0,1,1,0.44,1,36.31,1
2.6,0.09909,0,1,4,0.57,0,31.37,1
1.3,0.42426,0,0,2,0.72,0,17.88,0
0.6,0.03024,0,1,3,0.28,0,29.96,0
3.1,0.09363,0,0,2,0.1,1,22.96,0
1.6,0.07216,0,0,5,0.91,1,22.51,0
1.7,0.09883,0,0,2,0.95,0,18.14,0
7.6,0.11164,0,1,3,0.62,0,51.66,2
0.2,0.46357,0,0,1,0.51,0,15.52,0
5.6,0.34637,0,1,2,0.05,1,50.39,2
3.8,0.18949,0,1,4,0.42,0,45.36,1
5.1,0.05128,1,0,5,0.34,1,48.37,1
5.6,0.0013,0,0,1,0.38,1,16.42,0
3.1,0.05548,1,0,1,0.72,1,34.21,1
3.0,0.19843,0,0,1,0.36,1,22.28,0
7.3,0.07715,0,1,2,0.79,0,40.59,1
8.7,0.02301,0,1,4,0.99,1,48.23,1
1.9,0.21726,0,1,3,0.55,0,33.86,1
1.0,0.67213,0,0,5,0.28,1,38.91,1
9.0,0.40725,0,1,4,0.96,0,55.89,2
3.5,0.18873,0,1,2,0.73,0,33.0,1
5.5,0.11219,1,1,5,0.22,1,59.71,2
3.6,0.16904,1,0,4,0.99,1,44.21,1
1.3,0.27116,0,0,3,0.01,1,19.75,0
5.9,0.38078,0,1,3,0.58,1,45.69,1
5.3,0.11721,0,1,1,0.68,0,31.1,1
2.0,0.35424,0,1,1,0.18,1,32.64,1
4.5,0.29113,1,0,3,0.05,1,51.48,2
8.0,0.13141,0,0,1,0.01,1,31.34,1
5.9,0.04167,0,1,1,0.93,0,35.19,1
1.0,0.448,0,0,3,0.58,0,27.25,0
5.5,0.18635,0,0,5,0.17,1,41.66,1
7.0,0.34983,0,0,3,0.62,0,47.1,1
7.9,0.19602,0,0,1,0.0,1,38.9,1
6.3,0.06518,0,0,5,0.37,1,40.57,1
1.5,0.23753,0,0,1,0.77,0,19.7,0
7.1,0.23304,0,1,2,0.1,1,47.88,1
6.8,0.24376,0,0,1,0.6,0,33.74,1
0.2,0.0527,1,1,4,0.32,1,41.49,1
4.1,0.04646,0,1,4,0.1,1,37.05,1
3.3,0.17528,0,0,1,0.82,0,15.92,0
6.7,0.04291,0,0,1,0.55,1,25.33,0
2.2,0.22205,0,1,2,0.79,1,24.91,0
5.9,0.20199,1,0,5,0.97,1,51.17,2
9.1,0.13597,0,0,5,0.18,1,51.18,2
8.0,0.31783,1,1,2,0.14,0,68.78,2
9.2,0.23665,0,0,3,0.98,1,37.9,1
9.8,0.21254,0,1,1,0.23,0,52.48,2
0.1,0.12812,0,0,1,0.43,1,13.93,0
6.2,0.20894,0,0,4,0.84,1,32.22,1
4.1,0.27398,0,0,4,0.23,1,33.43,1
8.6,0.24995,0,1,3,0.71,1,43.74,1
2.5,0.64969,0,0,5,0.79,0,43.63,1
9.8,0.61598,0,1,5,0.5,0,69.54,2
6.1,0.30482,0,1,5,0.49,1,56.88,2
7.9,0.27724,0,0,1,0.23,0,33.79,1
0.9,0.13991,0,1,4,0.63,1,29.82,0
1.8,0.10419,0,1,1,0.2,0,29.2,0
7.6,0.2495,0,0,3,0.26,1,41.52,1
0.2,0.08841,0,1,2,0.6,1,23.2,0
8.2,0.2539,0,0,2,0.28,1,44.45,1
0.1,0.16257,0,0,5,0.46,0,30.56,1
6.6,0.00274,0,1,4,0.95,0,39.82,1
3.7,0.50041,0,1,3,0.59,0,48.99,1
6.1,0.24151,1,0,1,0.75,1,42.72,1
7.0,0.13203,0,1,3,0.7,1,39.66,1
3.4,0.11243,0,1,3,0.95,1,33.7,1
1.1,0.04482,0,0,3,0.11,1,19.03,0
0.7,0.05759,0,1,4,0.18,1,30.22,1
5.9,0.06245,0,0,3,0.69,0,26.49,0
5.2,0.50519,0,1,2,0.85,0,41.71,1
7.4,0.04837,0,1,5,0.75,0,52.38,2
5.1,0.06215,0,0,3,0.15,0,31.68,1
4.2,0.27602,0,1,1,0.68,1,36.28,1
4.0,0.16644,0,0,2,0.63,1,21.92,0
0.3,0.01427,0,1,3,0.54,0,25.08,0
3.4,0.27219,0,0,4,0.56,0,38.38,1
9.8,0.1656,0,1,3,0.61,0,55.96,2
8.7,0.05317,0,1,5,0.18,1,51.24,2
3.3,0.5239,0,1,2,0.33,0,46.56,1
5.9,0.1948,0,0,5,0.61,1,36.4,1
8.5,0.06864,1,0,5,0.08,0,63.03,2
4.4,0.15382,0,0,4,0.71,1,25.93,0
0.2,0.27357,0,0,3,0.75,0,23.19,0
0.7,0.1016,0,1,5,0.14,1,37.13,1
5.1,0.32001,0,0,2,0.28,0,33.33,1
9.7,0.06365,0,0,3,0.23,1,40.82,1
6.9,0.07911,0,1,5,0.21,1,49.96,1
0.7,0.13553,0,1,1,0.37,0,26.37,0
1.9,0.20404,0,1,1,0.75,1,22.98,0
7.7,0.34376,0,1,1,0.41,1,44.78,1
8.4,0.20678,0,1,5,0.53,0,60.99,2
6.2,0.16553,0,0,4,0.12,1,38.31,1
6.4,0.23095,0,0,5,0.61,1,37.98,1
0.3,0.18433,0,1,2,1.0,1,23.04,0
8.3,0.12923,1,0,1,0.73,0,47.33,1
7.9,0.19216,1,1,5,0.48,1,68.72,2
2.6,0.03919,0,0,1,0.47,0,21.05,0
7.1,0.36169,0,0,2,0.92,1,33.18,1
2.1,0.11791,0,1,4,0.41,0,40.1,1
0.4,0.26451,0,0,4,0.73,0,28.58,0
2.0,0.04361,0,1,4,0.61,1,33.49,1
1.8,0.1278,0,0,1,0.63,0,19.6,0
3.4,0.31485,0,0,5,0.08,1,38.32,1
4.2,0.13363,0,0,3,0.67,1,22.85,0
5.1,0.14954,0,0,2,0.64,0,30.26,1
4.8,0.11709,0,0,1,0.74,0,23.7,0
2.7,0.4192,0,0,2,0.68,0,25.87,0
0.3,0.03026,0,0,1,0.88,1,11.36,0
6.1,0.22152,0,0,4,1.0,0,33.16,1
4.0,0.17734,0,1,2,0.19,0,38.71,1
3.0,0.10686,0,1,3,0.89,1,32.36,1
8.7,0.02253,1,1,4,0.29,1,63.63,2
7.5,0.22436,0,1,4,0.26,0,51.2,2
8.6,0.53764,0,0,3,0.22,1,48.44,1
4.9,0.29699,0,1,3,0.55,0,45.46,1
1.3,0.07992,0,0,4,0.53,0,21.77,0
7.0,0.19392,0,0,3,0.85,1,29.93,0
2.1,0.381,1,0,4,0.44,1,48.2,1
4.4,0.21208,0,1,5,0.78,1,42.58,1
0.7,0.22352,1,1,1,0.97,0,40.41,1
8.3,0.47791,0,0,5,0.19,1,57.35,2
1.3,0.15148,0,0,1,0.08,1,17.1,0
9.0,0.00615,0,0,1,0.35,1,30.71,1
8.6,0.15833,1,1,5,0.96,1,70.75,3
4.6,0.22125,0,0,1,0.78,1,20.79,0
7.4,0.07508,0,0,1,0.45,1,27.41,0
6.2,0.12108,0,0,4,0.09,0,42.29,1
8.0,0.73663,0,0,1,0.3,1,52.4,2
4.3,0.07144,1,0,3,0.89,0,39.33,1
7.9,0.16061,0,0,1,0.15,1,37.96,1
4.6,0.21734,0,0,2,0.65,0,27.09,0
9.4,0.00357,0,0,4,0.61,0,38.44,1
4.9,0.15778,0,0,4,0.31,0,35.16,1
4.6,0.07737,0,0,1,0.59,1,20.31,0
7.9,0.22127,0,1,2,0.74,0,47.95,1
8.2,0.65912,0,0,2,0.06,1,48.98,1
5.5,0.03822,0,1,4,0.8,0,45.7,1
1.8,0.21337,0,1,5,0.46,1,37.45,1
4.7,0.08036,0,1,2,0.22,1,38.94,1
9.7,0.5671,0,0,1,0.54,0,45.12,1
7.5,0.38862,0,0,3,0.06,1,45.96,1
8.1,0.1309,1,1,5,0.84,0,68.27,2
0.3,0.25505,0,1,1,0.99,1,18.57,0
4.7,0.32639,1,0,1,0.68,0,38.95,1
6.5,0.03404,1,1,5,0.32,0,63.56,2
8.3,0.04398,0,0,3,0.89,1,34.73,1
0.5,0.31239,0,1,5,0.31,0,40.44,1
8.5,0.10401,1,0,4,0.36,0,57.87,2
5.5,0.36701,0,0,1,0.92,0,25.63,0
2.0,0.19806,0,0,4,0.62,1,20.12,0
3.2,0.4644,1,0,4,0.38,1,49.9,1
2.8,0.21337,0,0,4,0.44,0,31.18,1
5.3,0.15668,0,1,3,0.68,0,37.17,1
0.5,0.27933,0,0,1,0.65,0,21.09,0
1.6,0.45181,0,0,4,0.36,0,34.08,1
8.1,0.46192,0,0,4,0.12,1,43.81,1
1.3,0.38957,1,1,4,0.42,0,56.09,2
2.3,0.01217,0,0,2,0.67,0,19.89,0
4.5,0.11547,0,1,1,0.27,1,32.13,1
5.2,0.39671,0,0,4,0.88,0,41.89,1
7.6,0.36225,0,0,3,0.34,1,45.42,1
4.5,0.39621,0,1,2,0.2,0,39.9,1
7.9,0.20011,0,1,2,0.42,1,41.99,1
6.2,0.05535,0,1,5,0.24,0,52.12,2
1.1,0.05264,0,0,3,0.45,1,21.21,0
1.6,0.12326,0,0,5,0.09,1,32.06,1
4.4,0.21723,0,0,2,0.44,1,30.95,1
4.0,0.20539,1,1,5,0.74,0,60.03,2
7.4,0.23607,0,1,5,0.28,0,55.31,2
5.8,0.52222,0,1,5,0.98,0,59.18,2
3.9,0.08012,0,0,4,0.18,0,30.89,1
1.7,0.13358,0,1,2,0.34,0,26.86,0
2.3,0.20554,0,1,5,0.49,1,45.43,1
5.8,0.13855,0,0,3,0.84,1,26.54,0
4.2,0.64535,0,0,4,0.43,1,47.29,1
5.1,0.63665,0,1,2,0.74,0,45.79,1
1.7,0.26049,0,1,2,0.02,1,33.54,1
6.6,0.38238,0,1,1,0.03,1,46.61,1
8.5,0.52111,0,0,2,0.04,1,54.19,2
2.6,0.6874,0,0,5,0.02,1,48.64,1
4.9,0.03882,0,1,1,0.2,0,28.66,0
9.8,0.42416,0,1,2,0.6,0,63.96,2
3.3,0.44665,0,1,4,0.79,0,51.97,2
6.0,0.04398,0,1,2,0.57,1,33.01,1
0.9,0.56819,0,1,4,0.08,0,44.5,1
6.1,0.1122,0,0,2,0.7,0,32.75,1
0.9,0.15919,0,0,2,0.55,0,19.57,0
9.6,0.42636,1,0,5,0.32,0,73.87,3
7.2,0.02757,0,0,2,0.18,0,38.5,1
7.9,0.1322,0,1,5,0.08,1,45.86,1
7.0,0.1323,0,0,1,0.49,1,29.57,0
5.9,0.2459,0,1,2,0.84,1,33.83,1
4.5,0.42751,1,0,5,0.1,1,58.98,2
8.6,0.23239,0,0,4,0.11,1,48.72,1
9.6,0.1608,0,0,1,0.27,1,29.62,0
5.0,0.02954,1,0,1,0.38,1,38.14,1
9.3,0.04879,0,0,4,0.99,1,38.63,1
5.8,0.47303,0,0,1,0.54,1,31.41,1
5.4,0.18183,0,0,4,0.83,1,33.97,1
4.5,0.07138,0,0,3,0.23,0,33.36,1
2.1,0.32351,0,1,5,0.91,1,46.06,1
0.0,0.10752,0,1,2,0.74,0,18.45,0
2.4,0.07228,0,1,1,0.33,0,25.48,0
5.1,0.2247,0,0,3,0.75,0,30.86,1
3.8,0.28499,1,0,4,0.89,0,45.11,1
4.5,0.09593,0,1,2,0.36,1,30.05,1
9.8,0.56273,0,1,4,0.83,0,62.16,2
3.5,0.17621,0,1,4,0.45,0,40.21,1
4.5,0.42673,0,0,4,0.75,1,37.41,1
1.3,0.39073,0,0,1,0.29,1,21.05,0
0.5,0.32482,0,1,3,0.69,1,25.35,0
7.8,0.23191,0,1,1,0.88,0,43.83,1
5.7,0.06243,0,1,2,0.48,1,34.53,1
7.6,0.55282,0,0,3,0.78,0,41.6,1
1.5,0.73782,0,0,2,0.56,1,34.55,1
5.7,0.11263,0,0,1,0.85,1,14.45,0
2.5,0.21084,0,1,5,0.24,1,37.73,1
2.3,0.27276,0,1,5,0.02,0,48.03,1
0.1,0.32052,0,0,3,0.67,0,25.35,0
1.3,0.16644,0,0,5,0.78,1,23.69,0
3.1,0.29967,0,0,4,0.08,0,29.69,0
1.2,0.12691,0,1,5,0.66,1,37.35,1
9.9,0.01739,0,1,5,0.21,1,53.78,2
3.1,0.28079,0,0,4,0.99,1,26.83,0
1.3,0.15427,0,0,4,0.78,0,22.48,0
2.0,0.13277,0,0,2,0.15,1,17.86,0
5.9,0.59497,1,0,1,0.48,0,51.98,2
0.6,0.04441,0,0,3,0.79,1,13.09,0
8.6,0.4547,0,0,4,0.52,0,47.15,1
9.6,0.21533,0,0,3,0.98,1,38.67,1
2.5,0.06416,0,1,2,0.43,1,24.92,0
4.5,0.18976,1,0,5,0.89,1,49.32,1
0.2,0.07516,0,1,1,0.09,1,22.41,0
6.4,0.18119,0,0,1,0.55,1,28.75,0
4.1,0.3626,1,0,4,1.0,1,49.99,1
2.7,0.1956,0,0,5,0.68,1,27.26,0
2.1,0.09877,1,0,1,0.15,1,35.01,1
6.5,0.32985,0,0,3,0.66,0,36.31,1
4.2,0.14936,1,1,5,0.43,1,58.42,2
1.8,0.26528,0,1,4,0.7,1,28.07,0
6.9,0.03643,0,0,3,0.35,0,36.17,1
5.7,0.31106,0,1,1,0.49,0,40.83,1
8.6,0.00762,0,1,3,0.22,1,47.75,1
1.2,0.23742,0,0,5,0.16,1,33.21,1
7.9,0.38187,0,0,3,0.3,0,49.57,1
6.7,0.11513,0,0,4,0.78,1,36.13,1
1.2,0.14367,0,0,1,0.79,1,14.55,0
6.9,0.1002,0,0,3,0.54,1,32.69,1
4.4,0.52849,0,0,3,0.19,1,41.72,1
9.4,0.23132,0,0,2,0.81,1,37.89,1
1.4,0.27037,0,0,5,0.87,1,28.78,0
6.4,0.32504,0,0,4,0.1,1,43.48,1
3.8,0.15844,0,0,1,0.41,0,25.35,0
9.6,0.12434,0,1,3,0.55,0,47.11,1
3.3,0.2044,0,1,2,0.81,1,29.74,0
9.6,0.1755,0,1,5,0.63,1,57.06,2
9.0,0.30874,1,1,4,0.41,0,76.97,3
2.7,0.28497,0,1,2,0.46,1,35.92,1
8.0,0.02499,1,1,5,0.43,0,74.5,3
10.0,0.32924,0,1,1,0.13,0,57.73,2
2.5,0.04427,1,1,4,0.79,0,44.19,1
4.4,0.15035,0,0,1,0.06,1,17.0,0
5.2,0.55723,0,1,5,0.69,0,55.39,2
2.9,0.28752,0,0,3,0.15,1,27.38,0
0.2,0.02017,0,1,3,0.42,1,24.74,0
2.2,0.21773,0,0,3,0.12,0,29.0,0
2.8,0.13388,0,1,1,0.59,0,27.44,0
4.4,0.43981,0,1,1,0.9,1,33.35,1
1.7,0.28536,1,0,1,0.61,0,34.86,1
8.7,0.15482,0,1,3,0.39,1,45.31,1
7.0,0.46894,1,1,5,0.94,1,69.57,2
0.9,0.07088,0,1,3,0.3,0,33.9,1
6.5,0.31848,0,1,5,0.26,0,58.67,2
6.5,0.48374,0,0,5,0.72,0,52.73,2
9.6,0.6002,1,0,5,0.96,0,72.27,3
0.0,0.33595,0,0,4,0.78,1,21.5,0
2.5,0.27926,0,1,1,0.39,0,35.13,1
9.3,0.0621,0,1,5,0.28,0,57.55,2
9.3,0.21343,0,0,5,0.46,1,51.15,2
7.2,0.26823,0,1,5,0.74,0,57.26,2
7.7,0.15244,0,0,1,0.28,0,34.91,1
0.9,0.04958,0,1,4,0.84,1,27.64,0
5.1,0.12368,0,1,1,0.64,1,32.98,1
2.3,0.11248,0,0,3,0.48,1,19.5,0
1.8,0.02132,0,0,1,0.09,1,13.63,0
8.1,0.16079,0,0,1,0.42,1,31.44,1
1.4,0.34052,0,1,2,0.24,0,37.11,1
4.7,0.02845,0,0,2,0.51,1,23.52,0
9.4,0.50064,1,0,4,0.65,0,68.32,2
1.9,0.45565,0,1,1,0.32,0,39.1,1
9.8,0.03416,0,0,2,0.81,0,34.96,1
9.9,0.24258,0,1,1,0.87,0,47.44,1
5.6,0.07033,0,0,5,0.24,1,39.59,1
1.7,0.19273,0,0,2,0.03,0,28.18,0
3.2,0.24756,0,1,2,0.17,0,36.4,1
4.2,0.36032,0,1,2,0.45,1,38.24,1
3.1,0.41952,0,0,1,0.67,0,22.17,0
2.8,0.63823,0,0,5,0.6,1,38.74,1
9.7,0.22654,0,0,1,0.58,1,33.27,1
1.5,0.04853,1,1,2,0.23,0,37.2,1
7.3,0.05626,0,0,5,0.16,1,41.44,1
0.0,0.09584,0,0,2,0.04,1,16.5,0
6.0,0.12607,0,1,4,0.43,1,40.07,1
9.2,0.35893,0,0,5,0.3,0,51.57,2
2.9,0.51972,0,1,4,0.55,1,42.43,1
1.9,0.36946,0,1,3,0.6,0,40.75,1
6.5,0.72269,0,0,2,0.29,1,45.46,1
7.1,0.32861,1,0,3,0.55,0,51.2,2
6.9,0.22383,0,1,1,0.61,1,36.75,1
3.2,0.24047,0,1,4,0.88,1,34.37,1
2.5,0.03977,0,0,3,0.15,1,18.95,0
9.6,0.07414,0,1,3,0.38,1,52.34,2
9.2,0.11025,0,1,2,0.32,0,49.05,1
4.6,0.18244,0,1,5,0.25,0,45.91,1
8.5,0.2537,0,0,2,0.43,0,37.82,1
4.5,0.67404,0,0,2,0.94,1,40.12,1
4.2,0.10528,0,1,1,0.84,0,34.81,1
1.6,0.16494,0,1,4,0.52,1,29.45,0
4.3,0.343,0,1,1,0.4,0,38.82,1
5.4,0.3276,0,1,5,0.43,1,50.95,2
0.2,0.15333,0,0,3,0.25,0,17.44,0
4.4,0.02858,0,0,4,0.66,1,23.8,0
7.8,0.3179,0,1,1,0.26,1,44.2,1
6.8,0.20617,0,1,1,0.11,1,40.46,1
6.4,0.03568,0,1,5,0.32,0,50.54,2
9.1,0.41949,1,0,3,0.49,0,63.93,2
0.2,0.19545,0,0,3,0.73,1,18.63,0
5.6,0.37989,0,1,4,0.49,1,53.27,2
7.9,0.21429,0,1,4,0.03,1,52.35,2
5.4,0.12313,0,0,2,0.7,1,21.55,0
3.2,0.38024,0,0,5,0.77,1,34.96,1
1.4,0.58981,0,0,4,0.1,1,44.27,1
8.9,0.17464,1,0,5,0.72,1,54.64,2
4.7,0.49749,0,1,4,0.66,0,56.03,2
8.8,0.12141,0,1,5,0.39,0,57.31,2
5.9,0.25645,1,1,2,0.8,0,57.87,2
6.7,0.6279,0,0,1,0.71,1,40.21,1
8.0,0.4605,0,1,1,0.57,1,47.21,1
6.6,0.05195,0,1,3,0.76,1,37.5,1
4.0,0.11309,0,1,2,0.44,1,28.96,0
5.1,0.65554,0,0,1,0.61,1,33.08,1
8.0,0.61105,0,0,2,0.04,0,47.1,1
3.7,0.25484,0,1,4,0.45,1,40.57,1
3.9,0.26983,0,0,3,0.61,0,33.2,1
1.0,0.27544,0,1,2,0.0,1,33.9,1
9.1,0.06349,0,1,4,0.4,1,46.2,1
0.9,0.18424,0,0,4,0.53,1,22.72,0
6.5,0.41435,0,0,3,0.37,1,37.7,1
4.1,0.11791,0,0,5,0.36,1,32.84,1
4.1,0.13627,1,1,3,0.86,1,46.32,1
6.8,0.24795,0,1,4,0.96,1,48.48,1
0.7,0.05826,0,0,2,0.1,1,19.64,0
5.9,0.31526,0,1,1,0.91,1,37.19,1
7.7,0.16879,1,0,1,0.38,1,46.25,1
8.3,0.31107,0,0,4,0.24,1,45.79,1
1.7,0.43391,0,0,2,0.15,0,29.06,0
9.0,0.06752,0,1,3,0.75,1,48.9,1
6.6,0.7612,0,1,1,0.72,0,56.53,2
8.8,0.55343,1,1,4,0.09,1,82.88,3
4.9,0.48683,0,0,5,0.96,1,39.33,1
5.4,0.19359,0,1,1,0.07,0,39.53,1
9.2,0.25454,0,0,1,0.5,1,28.31,0
9.0,0.24248,0,0,4,0.65,0,48.29,1
4.5,0.33159,0,0,5,0.89,1,36.89,1
2.7,0.12774,1,1,4,0.27,0,51.95,2
3.9,0.42196,0,0,1,0.27,1,25.91,0
3.9,0.27094,0,1,4,0.78,1,34.71,1
2.9,0.28998,0,0,1,0.41,1,25.71,0
2.7,0.0846,0,1,2,0.21,0,35.49,1
8.6,0.06394,0,0,4,0.02,0,47.2,1
0.7,0.5804,0,1,3,0.75,0,43.92,1
6.8,0.68807,0,1,4,0.02,0,63.75,2
1.7,0.15245,0,1,2,0.64,1,24.93,0
3.4,0.1131,0,1,1,0.43,1,34.51,1
0.6,0.18454,0,0,2,0.63,0,17.54,0
2.7,0.55609,0,1,2,0.76,0,43.63,1
7.7,0.30042,0,0,4,0.65,1,38.4,1
8.9,0.15709,0,0,3,0.47,1,38.8,1
2.2,0.46781,0,0,3,0.91,1,20.9,0
4.6,0.04574,0,1,4,0.0,0,43.38,1
4.7,0.10292,0,0,3,0.05,1,32.63,1
8.7,0.03626,0,0,3,0.49,1,37.08,1
7.6,0.15633,0,0,3,0.25,1,35.8,1
5.1,0.04872,0,1,5,0.43,1,39.68,1
6.7,0.73001,1,1,2,0.29,0,77.11,3
8.5,0.02603,0,1,1,0.23,1,42.06,1
0.1,0.02838,0,1,5,0.92,0,30.38,1
4.0,0.06198,0,1,1,0.22,1,30.77,1
9.1,0.61356,0,0,4,0.09,0,60.38,2
7.4,0.04619,0,1,5,0.23,1,47.52,1
5.4,0.11013,0,0,2,0.43,0,32.3,1
5.3,0.05224,0,1,1,0.22,1,29.79,0
3.5,0.06153,1,0,5,0.1,1,48.4,1
5.2,0.33989,0,0,4,0.27,1,38.64,1
6.6,0.13251,0,0,1,0.91,0,27.25,0
4.2,0.60171,0,1,2,0.75,1,49.28,1
7.1,0.09893,0,1,2,0.23,0,51.86,2
8.6,0.57802,0,0,1,0.61,0,49.77,1
1.5,0.03395,0,1,2,0.86,0,31.1,1
4.5,0.09168,0,0,1,0.97,1,17.88,0
4.1,0.03852,0,0,4,0.07,1,27.57,0
6.9,0.18097,0,0,1,0.2,1,31.95,1
2.5,0.07603,0,1,1,0.94,1,22.68,0
6.4,0.35666,0,0,1,0.88,0,30.07,1
8.8,0.40476,0,0,1,0.3,0,44.06,1
4.2,0.33618,0,1,5,0.2,1,54.32,2
9.1,0.05197,0,1,2,0.82,1,44.95,1
9.9,0.17469,0,0,2,0.11,1,40.07,1
1.1,0.24057,1,0,3,0.62,0,35.58,1
2.3,0.23482,0,1,5,0.91,0,43.45,1
9.5,0.03091,0,0,2,0.18,1,33.21,1
9.6,0.00818,0,0,5,0.13,1,41.8,1
1.0,0.08889,0,0,1,0.64,0,18.88,0
0.1,0.01123,0,0,1,0.61,1,7.8,0
1.6,0.50757,0,0,2,0.07,0,30.04,1
10.0,0.17211,0,1,4,0.36,0,59.13,2
1.8,0.25122,0,0,2,0.93,1,19.28,0
5.0,0.19481,0,1,4,0.23,0,47.33,1
8.5,0.09372,0,1,1,0.53,1,41.08,1
0.2,0.01272,0,0,3,0.35,0,13.54,0
6.0,0.14008,0,0,1,0.9,1,24.07,0
2.8,0.18668,0,0,5,0.52,1,28.64,0
8.6,0.14364,0,0,1,0.45,1,31.37,1
2.8,0.43341,0,0,1,0.89,0,27.27,0
6.9,0.38318,0,0,5,0.64,0,41.3,1
6.7,0.35239,0,0,1,0.36,0,34.03,1
2.2,0.29123,0,0,2,0.99,0,23.85,0
0.3,0.09785,0,1,1,0.92,1,17.14,0
4.1,0.33406,0,0,5,0.26,0,40.91,1
2.9,0.56711,1,0,1,0.03,0,48.53,1
8.1,0.13012,1,0,5,0.12,1,58.57,2
8.0,0.34111,0,0,4,0.15,0,51.68,2
4.6,0.32208,0,1,5,0.73,1,44.93,1
6.1,0.20677,1,0,3,0.38,1,44.72,1
6.0,0.13013,0,0,2,0.34,1,35.52,1
8.3,0.34177,0,1,1,0.56,1,45.4,1
4.3,0.09699,0,1,2,0.14,1,33.82,1
2.8,0.12361,0,0,1,0.28,1,26.51,0
2.7,0.08951,0,0,4,0.48,1,22.09,0
5.4,0.39133,0,1,2,0.47,0,48.95,1
4.5,0.16257,0,1,1,0.61,1,29.37,0
4.4,0.4,0,0,4,0.31,0,34.21,1
0.9,0.06738,0,1,3,0.38,0,32.43,1
7.2,0.25275,0,0,1,0.06,1,32.16,1
2.1,0.38162,1,0,4,0.65,1,46.04,1
2.0,0.35015,0,1,3,0.5,1,36.73,1
4.1,0.12569,0,0,3,0.04,0,35.23,1
2.3,0.45319,0,0,3,0.5,1,31.6,1
5.8,0.16816,0,1,1,0.26,1,40.51,1
3.7,0.13584,0,0,4,0.15,0,33.4,1
4.5,0.58082,0,0,1,0.01,1,35.36,1
5.4,0.22303,0,0,5,0.98,0,34.37,1
2.0,0.09898,0,0,2,0.95,1,13.26,0
1.6,0.03568,0,1,4,0.82,0,30.02,1
8.8,0.18098,1,1,4,0.22,0,71.67,3
4.3,0.04396,0,1,1,0.87,0,34.39,1
4.1,0.38599,0,1,5,0.9,0,50.04,2
0.4,0.20743,0,0,4,0.08,0,22.95,0
5.0,0.12599,1,1,5,0.52,1,66.22,2
5.5,0.04715,0,1,2,0.11,0,38.44,1
5.6,0.02903,1,0,4,0.53,0,49.69,1
7.1,0.28059,0,0,5,0.84,1,45.07,1
1.8,0.03397,0,1,5,0.63,0,34.85,1
2.5,0.22469,1,1,5,0.06,1,57.88,2
8.1,0.16554,0,1,5,0.01,1,58.62,2
9.5,0.04957,0,0,1,0.09,1,39.83,1
1.4,0.74698,0,1,4,0.91,1,43.92,1
5.0,0.10684,0,0,1,0.99,1,18.96,0
2.1,0.08994,0,1,5,0.48,1,35.4,1
0.6,0.42536,0,1,3,0.36,0,36.85,1
3.3,0.17836,1,0,4,0.34,1,39.54,1
1.4,0.09431,0,0,1,0.42,1,7.99,0
7.1,0.30525,0,0,5,0.4,1,43.16,1
5.3,0.31978,0,0,5,0.77,1,43.81,1
1.4,0.4059,0,0,4,0.53,0,32.26,1
0.1,0.02149,0,0,2,0.09,1,9.3,0
8.1,0.17717,0,1,4,0.09,0,54.02,2
1.8,0.06786,0,0,1,0.11,0,22.53,0
6.1,0.19739,0,0,2,0.39,1,32.66,1
3.4,0.0138,1,1,4,0.27,1,51.24,2
5.9,0.253,0,1,4,0.37,1,51.55,2
3.2,0.26863,0,0,4,0.09,1,29.83,0
0.9,0.14335,1,0,3,0.91,1,27.52,0
2.2,0.16076,0,0,4,0.83,0,28.78,0
1.9,0.18996,0,1,1,0.56,0,26.09,0
4.3,0.04221,0,1,5,0.57,0,41.82,1
6.6,0.08069,0,1,1,0.5,0,38.41,1
2.6,0.01565,1,1,4,0.23,0,51.38,2
0.1,0.21433,0,1,2,0.65,1,28.28,0
5.2,0.31966,1,0,3,0.09,1,55.62,2
6.1,0.08804,1,1,3,0.58,0,60.58,2
9.6,0.2028,0,1,3,0.44,0,58.45,2
5.9,0.1057,0,0,2,0.06,1,25.42,0
4.7,0.00869,0,0,2,0.43,1,19.01,0
5.7,0.40382,1,0,2,0.59,0,53.88,2
9.3,0.11518,0,0,2,0.08,0,39.65,1
8.3,0.18202,0,0,1,0.3,0,35.41,1
3.2,0.1915,0,0,5,0.2,0,38.27,1
2.4,0.00749,0,1,2,0.02,0,35.97,1
2.6,0.42078,0,1,5,0.08,0,53.42,2
5.0,0.33561,0,1,4,0.19,1,41.68,1
7.4,0.09295,0,1,5,0.6,0,48.66,1
5.0,0.20345,0,0,4,0.94,1,31.66,1
0.7,0.1917,0,0,3,0.66,1,21.12,0
7.2,0.02025,0,0,4,0.98,1,35.06,1
8.1,0.13111,0,0,1,0.97,0,25.69,0
2.9,0.11166,0,0,4,0.52,1,28.82,0
6.6,0.53906,0,0,3,0.22,0,46.44,1
4.3,0.13319,0,1,3,0.91,1,30.51,1
8.9,0.16507,0,1,5,0.54,1,56.93,2
8.5,0.334,0,0,5,0.15,1,50.85,2
5.3,0.16116,1,0,3,0.38,1,46.22,1
6.9,0.23888,0,0,4,0.33,1,35.38,1
8.8,0.17101,1,0,4,0.36,1,58.15,2
5.0,0.23887,0,0,2,0.1,1,27.12,0
3.1,0.15682,0,1,1,0.46,1,30.61,1
7.5,0.23604,1,1,4,0.53,0,69.7,2
2.2,0.22765,0,1,3,0.88,0,31.16,1
3.9,0.02833,0,1,1,0.06,1,31.97,1
8.7,0.35865,0,0,5,0.81,0,53.99,2
7.2,0.15212,0,1,3,0.63,0,45.77,1
4.0,0.0844,0,1,3,0.97,1,33.76,1
2.1,0.01339,0,1,5,0.83,1,33.67,1
3.6,0.32342,0,1,4,0.45,0,46.73,1
2.8,0.42969,0,1,5,0.78,0,45.86,1
1.8,0.27911,0,1,3,0.92,1,24.99,0
7.4,0.21328,1,0,4,0.5,1,51.92,2
2.5,0.21145,0,0,5,0.27,1,30.2,1
4.5,0.3293,0,0,4,0.4,0,36.81,1
3.9,0.54543,0,0,1,0.42,0,38.24,1
9.8,0.01375,0,0,4,0.6,1,42.02,1
3.9,0.07559,0,1,3,0.43,1,36.18,1
0.8,0.08214,0,1,5,0.6,0,35.0,1
0.9,0.05846,1,1,4,0.03,1,48.42,1
5.9,0.10414,1,1,2,0.38,0,51.82,2
6.0,0.07934,0,0,5,0.67,1,31.73,1
4.2,0.51351,1,1,5,0.11,0,74.96,3
4.3,0.21764,0,1,2,0.21,0,40.67,1
0.5,0.05358,1,0,4,0.73,0,33.87,1
5.2,0.06417,0,1,1,0.66,1,29.1,0
5.0,0.1172,0,0,3,0.35,1,30.96,1
1.5,0.24388,0,1,1,0.99,1,26.55,0
1.0,0.15765,0,0,3,0.31,1,21.25,0
1.2,0.2204,0,1,3,0.25,1,35.44,1
1.0,0.00596,0,1,5,0.34,0,32.2,1
6.1,0.31203,0,0,3,0.75,1,34.74,1
2.0,0.37185,0,1,5,0.09,1,47.66,1
2.5,0.46911,0,1,2,0.29,0,39.87,1
1.7,0.46319,1,0,3,0.61,1,43.51,1
9.6,0.61232,0,0,2,0.86,1,47.16,1
8.5,0.00035,0,0,1,0.44,0,27.73,0
2.3,0.04947,1,1,5,0.38,1,50.89,2
3.3,0.42498,0,0,5,0.35,1,34.32,1
2.1,0.19916,0,1,4,0.05,1,35.54,1
4.9,0.47915,0,0,3,0.94,0,35.82,1
0.2,0.10225,1,0,4,0.04,0,39.57,1
6.7,0.31731,0,1,4,0.56,0,55.35,2
5.2,0.30383,0,0,2,0.79,1,27.6,0
9.0,0.14088,0,0,5,0.86,0,47.71,1
1.6,0.00409,0,1,2,0.18,1,26.17,0
8.0,0.08623,1,1,5,0.03,0,70.18,3
7.9,0.14344,0,0,5,0.77,0,40.95,1
1.3,0.43636,0,1,4,0.06,1,41.91,1
4.0,0.16235,0,0,2,0.44,1,23.77,0
1.7,0.2147,0,1,2,0.35,1,28.71,0
2.5,0.26698,0,0,5,0.13,0,35.71,1
2.6,0.02882,0,0,2,0.53,1,16.08,0
5.6,0.36558,1,1,3,0.15,1,63.02,2
4.1,0.33816,0,0,2,0.66,1,24.93,0
9.5,0.63536,1,1,1,0.8,0,69.26,2
1.3,0.42705,0,0,2,0.23,1,24.15,0
9.7,0.40998,0,1,3,0.74,1,51.78,2
2.3,0.38642,0,1,2,0.65,1,35.61,1
7.7,0.20647,0,0,3,0.27,1,41.96,1
3.4,0.07723,0,1,1,0.2,1,25.23,0
1.4,0.0866,0,0,4,0.87,1,17.85,0
8.6,0.13766,0,0,5,0.2,1,43.45,1
3.1,0.19967,0,1,5,0.08,0,47.42,1
6.6,0.05037,0,0,5,0.32,1,36.45,1
5.7,0.15588,0,0,1,0.9,0,28.21,0
4.7,0.24705,0,1,1,0.59,1,35.37,1
5.0,0.3136,0,0,3,0.72,0,32.99,1
7.3,0.22385,0,1,1,0.22,0,44.61,1
0.9,0.27964,0,1,4,0.49,1,30.64,1
6.7,0.06406,0,1,3,0.79,1,38.95,1
9.0,0.38371,0,1,4,0.37,0,63.51,2
0.6,0.01843,1,0,4,0.72,1,28.4,0
1.4,0.2065,0,0,2,0.58,0,16.7,0
7.2,0.14652,0,0,5,0.34,0,47.37,1
4.4,0.5859,0,0,4,0.41,0,45.44,1
4.0,0.05989,0,0,5,0.74,1,28.77,0
1.4,0.40227,0,0,3,0.75,0,27.88,0
5.1,0.38214,0,1,5,0.89,0,47.59,1
1.3,0.25951,0,1,1,0.54,0,28.25,0
4.8,0.14782,0,1,5,0.44,1,49.85,1
7.6,0.58211,1,1,1,0.78,0,63.49,2
2.6,0.22078,0,0,2,0.39,0,23.59,0
4.8,0.04225,0,0,2,0.59,1,24.77,0
9.9,0.25474,0,0,4,0.76,1,48.09,1
6.9,0.46856,0,1,1,0.92,0,42.07,1
8.4,0.26477,0,0,1,0.89,0,34.59,1
4.1,0.13709,0,1,5,0.66,1,44.98,1
7.7,0.24532,0,0,2,0.02,0,41.08,1
0.4,0.10752,0,0,1,0.74,0,10.67,0
1.2,0.09541,1,1,3,0.33,1,44.01,1
2.0,0.00848,0,1,2,0.83,1,26.42,0
4.0,0.11721,0,0,4,0.03,0,34.83,1
8.5,0.56796,1,0,4,0.11,1,64.63,2
3.5,0.19447,1,1,2,0.69,1,47.73,1
6.5,0.19729,0,0,1,0.27,0,36.47,1
7.1,0.27553,0,0,4,0.32,1,39.12,1
5.9,0.0594,0,1,2,0.4,1,32.98,1
3.6,0.24732,0,1,5,0.19,1,45.0,1
5.8,0.17647,0,0,1,0.86,0,27.75,0
3.4,0.01446,0,0,2,0.09,0,21.62,0
0.8,0.5586,0,0,5,0.17,1,36.42,1
9.9,0.52598,0,0,3,0.38,1,51.91,2
1.3,0.2795,0,1,4,0.38,1,38.85,1
0.7,0.38997,0,1,2,0.05,0,30.2,1
8.8,0.33001,1,1,1,0.34,1,62.54,2
3.0,0.01206,0,1,5,0.76,0,37.27,1
6.5,0.54495,0,0,2,0.89,0,36.94,1
3.3,0.2834,0,1,2,0.12,0,43.57,1
3.9,0.23666,0,1,5,0.65,1,47.78,1
2.6,0.03091,0,1,2,0.93,1,24.58,0
3.4,0.00284,1,1,1,0.3,1,41.57,1
4.1,0.11503,0,0,4,0.88,0,26.05,0
7.2,0.23807,1,0,1,0.16,0,49.52,1
5.1,0.0104,0,1,1,0.86,1,30.12,1
9.4,0.14949,0,0,4,0.43,0,48.35,1
0.4,0.31049,0,0,2,0.83,1,16.1,0
5.0,0.28714,0,0,5,0.21,0,41.28,1
5.8,0.45317,0,1,5,0.07,1,61.67,2
9.2,0.13672,0,0,3,0.6,0,39.88,1
0.5,0.11397,0,1,1,0.27,1,20.13,0
5.7,0.07411,0,1,4,0.81,0,38.72,1
8.5,0.17399,0,1,5,0.82,0,55.45,2
2.4,0.27428,1,1,4,0.72,1,55.89,2
8.8,0.06432,0,0,5,0.5,0,41.28,1
0.2,0.0405,0,0,4,0.92,0,19.59,0
7.3,0.23321,0,1,1,0.59,1,36.62,1
9.3,0.80994,0,0,3,0.18,1,59.69,2
6.6,0.28192,0,0,3,0.58,1,32.35,1
4.4,0.2372,0,0,1,0.58,0,22.72,0
0.4,0.19111,0,0,2,0.64,1,14.02,0
9.2,0.28249,0,1,2,0.1,0,54.47,2
4.7,0.42063,0,0,4,0.69,1,31.23,1
0.3,0.55236,1,0,1,0.4,1,34.5,1
6.9,0.48419,0,0,1,0.61,0,32.94,1
4.8,0.2903,0,1,4,0.92,1,42.75,1
1.2,0.26836,0,1,4,0.34,0,39.79,1
2.1,0.51315,0,0,5,0.55,1,35.68,1
0.6,0.38592,0,0,3,0.77,1,25.87,0
5.7,0.09824,0,0,5,0.12,1,39.26,1
6.2,0.06933,0,0,4,0.35,0,39.04,1
5.1,0.38402,0,1,4,0.14,0,48.05,1
8.2,0.15175,0,0,4,0.84,1,35.86,1
8.6,0.24229,0,1,5,0.77,1,49.17,1
6.2,0.33176,0,0,3,0.32,1,34.41,1
0.1,0.31399,0,0,4,0.03,0,24.16,0
7.0,0.0727,0,1,2,0.41,1,31.8,1
4.2,0.27926,0,0,3,0.02,0,41.87,1
5.7,0.37387,0,1,2,0.29,0,50.23,2
6.5,0.09031,1,0,2,0.21,1,43.63,1
3.5,0.18175,0,1,3,0.23,0,38.98,1
9.2,0.1633,0,1,2,0.69,1,40.17,1
1.3,0.46582,0,1,1,0.71,1,28.99,0
6.7,0.51472,0,0,5,0.71,1,46.37,1
0.0,0.11708,0,1,4,0.82,1,30.53,1
9.2,0.39737,0,1,1,0.79,0,57.67,2
1.1,0.19014,0,1,4,0.63,1,36.32,1
0.9,0.24083,0,0,4,0.23,0,31.49,1
3.3,0.03525,0,0,1,0.35,1,19.79,0
3.7,0.0077,0,1,4,0.41,0,36.96,1
2.1,0.01978,0,1,3,0.71,1,27.5,0
5.9,0.21407,0,1,5,0.54,0,53.65,2
4.4,0.05085,0,0,4,0.74,1,28.1,0
0.3,0.09899,0,0,5,0.16,1,27.02,0
3.2,0.14182,0,0,2,0.23,1,24.11,0
8.1,0.15561,0,0,4,0.06,0,44.24,1
6.9,0.5206,0,0,2,0.59,0,41.45,1
7.2,0.12366,0,1,5,0.97,1,49.58,1
7.0,0.09376,0,0,1,0.54,0,26.17,0
3.1,0.30532,0,0,5,0.22,0,40.57,1
1.0,0.35591,0,1,3,0.62,1,37.02,1
2.7,0.2164,0,1,3,0.68,1,34.99,1
8.3,0.18389,0,1,5,0.58,1,51.05,2
9.8,0.32034,0,1,5,0.37,1,61.26,2
4.9,0.15881,0,0,2,0.83,0,25.35,0
0.1,0.04288,1,0,2,0.49,1,30.9,1
1.4,0.4487,0,0,4,0.99,0,22.96,0
3.2,0.43844,1,0,2,0.24,1,50.6,2
5.8,0.21045,0,1,1,0.22,0,41.56,1
0.8,0.22505,0,1,1,0.08,0,30.89,1
9.4,0.1512,0,1,2,0.4,1,44.52,1
3.7,0.45668,0,0,5,0.25,0,49.9,1
9.1,0.16868,0,0,5,0.83,1,42.22,1
7.8,0.12146,0,1,1,0.52,1,38.7,1
7.6,0.24163,0,0,5,0.06,1,47.36,1
6.1,0.44197,0,1,3,0.36,1,51.55,2
6.3,0.10007,0,0,5,0.7,0,37.1,1
6.4,0.5003,1,1,1,0.49,1,62.3,2
6.3,0.11813,0,1,4,0.35,0,46.97,1
5.5,0.26441,0,1,2,0.16,1,37.94,1
9.9,0.45701,0,0,2,0.67,1,47.0,1
7.3,0.33312,0,0,4,0.18,1,43.68,1
7.8,0.33631,1,1,3,0.87,1,62.67,2
8.7,0.30267,0,0,3,0.99,1,37.39,1
2.2,0.18497,0,1,4,0.55,1,35.32,1
0.8,0.0342,0,0,5,0.12,0,28.29,0
4.8,0.22917,0,1,1,0.69,1,35.49,1
5.1,0.27356,0,1,3,0.13,0,53.65,2
8.3,0.00687,0,1,3,0.9,1,38.01,1
4.4,0.56326,1,0,4,0.59,1,51.23,2
5.7,0.25295,0,0,4,0.8,0,36.66,1
5.3,0.13045,0,0,3,0.62,0,33.68,1
0.4,0.34137,0,0,5,0.53,1,28.04,0
6.2,0.05854,0,0,2,0.53,1,29.6,0
8.3,0.13601,0,0,2,0.74,0,36.38,1
1.6,0.31901,0,0,2,0.9,0,20.12,0
5.9,0.43864,0,0,2,0.22,1,32.63,1
5.9,0.63575,0,1,3,0.11,1,58.69,2
1.6,0.19317,0,0,3,0.06,1,21.92,0
1.2,0.12011,1,1,2,0.87,1,40.92,1
9.8,0.35918,0,0,2,0.12,1,51.38,2
3.9,0.17538,0,0,5,0.63,1,32.49,1
2.3,0.02575,0,0,5,0.31,0,30.79,1
1.7,0.2192,0,1,5,0.56,1,39.52,1
6.7,0.06048,0,0,1,0.08,1,30.01,1
6.1,0.00921,0,0,5,0.58,0,35.43,1
6.4,0.34217,0,0,5,0.88,0,46.72,1
0.9,0.60921,1,1,3,0.27,0,57.37,2
8.9,0.28748,0,0,2,0.32,1,42.08,1
3.9,0.16963,0,0,5,0.22,1,30.73,1
3.1,0.19038,0,1,5,0.13,1,45.76,1
4.6,0.25046,1,0,5,0.07,1,49.11,1
3.9,0.23967,0,0,3,0.67,1,25.48,0
8.6,0.06081,0,0,1,0.35,0,34.62,1
9.3,0.40465,0,0,4,0.46,0,52.03,2
3.0,0.49292,1,0,2,0.32,1,48.17,1
8.6,0.0612,0,0,3,0.74,1,35.04,1
7.8,0.37991,0,1,3,0.68,0,52.16,2
9.3,0.13713,0,0,3,0.67,0,40.95,1
2.5,0.19941,0,1,5,0.77,0,43.69,1
5.8,0.13542,0,0,3,0.58,1,26.0,0
2.7,0.24576,1,1,4,0.1,1,60.56,2
8.2,0.02942,0,0,3,0.42,0,30.33,1
0.1,0.02931,0,1,1,0.32,1,23.42,0
5.6,0.30047,0,1,2,0.34,0,45.98,1
3.4,0.19825,0,0,5,0.2,1,36.53,1
3.2,0.24488,1,1,2,0.16,0,52.95,2
6.4,0.13989,0,0,2,0.47,1,29.51,0
8.5,0.22434,0,0,3,0.97,0,39.2,1
6.1,0.21395,0,1,3,0.02,0,56.51,2
8.5,0.2578,0,0,5,0.28,0,49.69,1
2.6,0.10869,0,1,5,0.97,1,37.27,1
5.2,0.07845,0,0,2,0.36,0,22.49,0
4.5,0.67962,0,1,5,0.65,1,51.83,2
0.1,0.21263,0,1,3,0.27,1,36.41,1
5.6,0.31037,0,0,4,0.54,1,38.13,1
6.6,0.00508,0,0,3,0.17,1,35.54,1
5.9,0.00134,0,0,2,0.54,1,21.96,0
7.4,0.39564,0,1,3,0.48,0,50.46,2
5.7,0.2339,0,0,1,0.83,1,22.01,0
0.7,0.10571,0,0,4,0.8,1,17.48,0
1.2,0.30796,0,0,4,0.18,0,26.74,0
6.0,0.02774,0,0,3,0.94,0,27.44,0
2.7,0.09449,0,0,5,0.39,0,26.27,0
0.8,0.57154,0,1,2,0.05,0,39.73,1
4.3,0.44484,0,0,5,0.08,0,43.72,1
5.5,0.31186,0,0,3,0.42,1,34.76,1
3.3,0.09304,0,0,2,0.89,1,21.79,0
7.2,0.41212,1,0,4,0.16,0,67.09,2
6.4,0.19896,0,0,2,0.48,0,35.94,1
3.3,0.43269,0,0,1,0.54,1,24.63,0
7.5,0.08384,0,1,3,0.89,1,41.27,1
6.5,0.43143,1,1,3,0.01,1,65.8,2
6.4,0.09181,1,0,5,0.89,1,51.6,2
5.5,0.07546,1,1,1,0.27,0,53.84,2
0.1,0.21587,0,0,5,0.87,1,16.49,0
7.0,0.11564,0,1,1,0.42,0,39.39,1
3.8,0.40748,1,0,4,0.33,0,50.73,2
9.4,0.06241,1,1,2,0.99,1,55.52,2
8.2,0.21407,0,1,4,0.78,0,49.3,1
5.9,0.03174,0,0,2,0.49,0,36.15,1
2.5,0.2204,1,1,5,0.37,1,58.32,2
2.0,0.31892,1,1,1,0.32,1,48.26,1
3.4,0.06594,0,0,2,0.69,1,16.74,0
4.8,0.0339,0,0,4,0.42,1,28.02,0
3.0,0.16316,0,1,3,0.65,0,41.44,1
5.1,0.15128,0,0,3,0.42,1,31.86,1
1.7,0.2035,0,0,3,0.37,1,29.02,0
9.8,0.15411,0,1,5,0.33,0,61.32,2
1.1,0.19782,0,0,4,0.92,1,19.2,0
9.3,0.16237,0,0,2,0.77,0,42.68,1
9.1,0.06649,0,0,4,0.66,0,48.66,1
5.3,0.02515,0,0,4,0.67,1,28.32,0
7.2,0.1694,0,0,5,0.18,1,42.07,1
4.4,0.10955,0,1,2,0.94,0,40.33,1
6.3,0.4802,0,0,2,0.11,1,42.48,1
3.4,0.0593,0,1,4,0.22,0,37.06,1
3.0,0.17157,0,1,4,0.02,1,38.14,1
5.8,0.22357,0,0,3,0.37,0,29.77,0
5.0,0.16163,0,1,4,0.31,1,35.89,1
5.8,0.41835,0,0,1,0.84,1,34.93,1
2.9,0.5131,0,0,3,0.67,0,34.95,1
3.7,0.11321,0,0,1,0.79,1,22.89,0
0.8,0.30844,0,0,4,0.15,0,30.76,1
0.5,0.21669,0,0,4,0.57,1,21.63,0
2.5,0.07408,0,1,5,0.49,1,38.89,1
0.7,0.04319,0,0,4,0.43,0,22.82,0
1.0,0.0225,0,1,5,0.99,0,30.26,1
8.1,0.25941,0,1,5,0.45,1,57.97,2
0.4,0.28887,0,0,2,0.11,1,21.6,0
6.6,0.06115,1,1,5,0.03,0,71.23,3
2.7,0.11372,0,1,2,0.8,0,33.93,1
8.7,0.11151,0,1,2,0.01,0,49.52,1
4.8,0.06227,0,1,3,0.92,1,36.67,1
3.1,0.53806,0,1,2,0.21,0,45.35,1
5.2,0.30627,1,0,3,0.88,1,46.78,1
3.8,0.02807,1,0,3,0.79,1,34.84,1
5.6,0.16454,0,1,3,0.21,1,37.48,1
1.1,0.16141,0,0,4,0.84,1,20.93,0
10.0,0.76368,1,1,5,0.32,0,89.73,3
4.3,0.4221,0,1,5,0.21,0,55.34,2
3.5,0.07332,0,0,1,0.21,0,23.5,0
7.1,0.29321,0,0,1,0.87,0,25.42,0
3.6,0.03939,0,0,4,0.01,0,38.96,1
8.3,0.12103,1,1,2,0.74,1,58.23,2
4.5,0.24191,1,0,1,0.8,0,40.82,1
7.2,0.00925,1,0,1,0.37,1,40.75,1
1.1,0.08185,0,0,3,0.71,1,17.45,0
8.5,0.25334,0,0,1,0.91,0,32.34,1
7.4,0.35662,1,1,5,0.54,1,74.17,3
2.1,0.01867,0,1,3,0.65,0,31.04,1
1.5,0.28366,0,0,4,0.7,0,27.5,0
3.2,0.36615,0,1,4,0.96,1,37.96,1
9.8,0.3712,0,0,4,0.42,1,46.02,1
2.6,0.04421,1,1,3,0.56,0,50.55,2
4.6,0.10325,0,1,1,0.47,1,31.23,1
0.3,0.0819,0,0,1,0.32,1,11.22,0
4.0,0.10636,0,0,5,0.94,1,25.03,0
5.7,0.10457,0,0,3,0.49,1,28.32,0
9.5,0.09504,0,0,3,0.93,1,39.25,1
5.2,0.16304,0,1,5,0.99,0,47.97,1
8.2,0.55017,1,1,1,0.86,1,61.92,2
5.5,0.27192,0,0,1,0.17,1,28.63,0
0.4,0.34044,0,1,2,0.04,0,38.9,1
3.2,0.36649,0,0,2,0.54,1,24.89,0
5.8,0.06867,0,0,2,0.54,1,29.66,0
9.5,0.26654,0,1,2,0.6,0,50.61,2
8.6,0.0922,0,0,1,0.06,1,31.98,1
2.3,0.35475,1,0,4,0.29,0,52.38,2
2.2,0.38213,0,1,3,0.5,0,46.27,1
2.0,0.13929,0,0,2,0.51,1,20.08,0
9.2,0.36852,0,0,4,0.95,0,48.36,1
8.5,0.40157,0,1,2,0.97,1,47.73,1
7.7,0.11885,0,0,5,0.89,0,45.36,1
3.9,0.54393,0,1,2,0.25,0,47.53,1
5.0,0.09391,0,1,5,0.64,1,41.5,1
4.6,0.38277,0,0,3,0.27,1,32.86,1
2.5,0.42456,1,0,2,0.95,1,39.64,1
5.1,0.13939,0,1,5,0.51,1,42.05,1
0.3,0.20076,0,1,3,0.83,0,28.66,0
1.3,0.12353,0,0,2,0.39,1,17.4,0
8.9,0.11227,0,0,2,0.38,0,36.62,1
7.5,0.44512,0,1,1,0.03,0,47.24,1
4.2,0.02821,0,1,4,0.46,1,37.76,1
5.2,0.44687,0,0,4,0.64,1,37.52,1
3.7,0.56716,0,1,3,0.13,0,54.21,2
7.4,0.6451,0,0,5,0.18,1,54.35,2
7.8,0.03179,0,1,4,0.97,1,43.91,1
7.6,0.01956,0,1,5,0.73,1,43.8,1
7.2,0.14843,0,1,5,0.91,0,52.21,2
2.0,0.37199,0,1,4,0.48,0,40.44,1
3.4,0.28127,1,0,4,0.18,1,49.45,1
4.7,0.04134,0,0,5,0.17,1,33.99,1
3.3,0.06397,0,0,5,0.54,1,22.9,0
7.5,0.61344,0,1,2,0.72,1,58.65,2
3.3,0.00355,0,0,2,0.92,1,22.37,0
1.4,0.70748,0,0,5,0.41,0,44.61,1
4.0,0.35961,0,1,4,0.33,1,46.46,1
9.8,0.38426,0,0,2,0.93,0,51.53,2
2.3,0.23447,0,0,5,0.45,1,31.74,1
6.1,0.19014,0,1,5,0.52,1,50.14,2
4.3,0.3437,0,0,3,0.45,0,29.15,0
0.7,0.17983,0,0,3,0.77,1,16.87,0
4.9,0.1165,0,1,5,0.07,1,50.68,2
7.0,0.206,0,0,5,0.84,0,37.88,1
5.1,0.49521,0,0,5,0.39,0,46.72,1
8.7,0.11681,1,1,2,0.97,1,54.81,2
2.9,0.07325,1,1,1,0.3,1,38.19,1
0.9,0.29423,1,0,2,0.47,1,37.33,1
9.4,0.25512,0,0,5,0.42,0,53.98,2
3.8,0.41792,0,1,2,0.8,1,39.86,1
5.8,0.221,0,0,1,0.67,1,29.77,0
7.9,0.41626,1,0,1,0.65,0,53.66,2
3.2,0.0557,0,0,1,0.71,1,15.56,0
7.2,0.41913,0,1,5,0.96,1,52.53,2
1.4,0.32442,0,0,4,0.48,1,29.15,0
2.9,0.10602,0,0,4,0.65,1,21.34,0
1.4,0.28361,0,0,4,0.68,1,27.46,0
8.1,0.29476,0,1,3,0.86,1,52.29,2
2.2,0.17066,0,0,4,0.29,1,29.79,0
7.2,0.22275,0,0,5,0.81,1,40.26,1
9.4,0.33242,0,1,5,0.5,1,56.76,2
5.3,0.0033,0,0,3,0.02,1,33.25,1
5.4,0.28988,0,0,5,0.15,1,39.74,1
4.6,0.02261,0,0,5,0.84,0,33.15,1
3.3,0.56322,0,0,3,0.27,0,42.94,1
4.8,0.30156,0,1,3,0.3,0,44.49,1
6.0,0.04125,1,0,3,0.74,1,44.35,1
9.9,0.49487,0,1,5,0.69,0,65.9,2
9.4,0.20017,0,1,3,0.45,0,47.72,1
8.6,0.0845,0,0,1,0.73,1,33.44,1
8.9,0.10301,0,1,2,0.61,1,49.25,1
4.7,0.17868,0,0,3,0.18,1,31.3,1
6.6,0.01056,0,1,3,0.28,0,41.62,1
9.0,0.42446,0,0,3,0.06,0,51.55,2
3.9,0.01817,0,0,3,0.66,0,24.49,0
9.6,0.03732,0,0,2,0.06,1,35.68,1
4.2,0.09227,0,0,5,0.74,0,36.71,1
6.0,0.12196,0,1,4,0.53,1,42.57,1
7.1,0.41772,0,0,1,0.44,0,39.4,1
9.5,0.07107,1,1,5,0.6,1,64.08,2
2.4,0.72776,0,1,3,0.62,0,45.43,1
7.5,0.067,0,0,5,0.58,1,39.68,1
5.2,0.16139,0,0,1,0.71,1,23.78,0
2.7,0.35562,0,0,5,0.64,0,33.77,1
7.8,0.26403,0,1,5,0.48,1,52.52,2
5.5,0.10331,0,0,3,0.83,1,24.15,0
6.6,0.1165,0,0,2,0.97,0,31.07,1
3.2,0.06488,0,0,4,0.61,1,20.99,0
4.8,0.11935,0,1,5,0.71,0,46.02,1
6.2,0.27058,0,0,2,0.51,1,32.05,1
4.0,0.16615,0,1,4,0.4,0,38.91,1
2.0,0.013,0,0,1,0.86,1,8.82,0
9.6,0.19011,0,1,1,0.19,0,52.79,2
5.1,0.17858,1,1,5,0.69,1,51.56,2
7.3,0.26963,0,0,4,0.14,0,47.82,1
4.1,0.29932,0,0,1,0.77,1,20.29,0
3.6,0.32587,0,1,3,0.23,1,44.85,1
4.1,0.23745,0,1,2,0.61,0,40.72,1
4.1,0.16791,0,1,5,0.14,0,45.33,1
5.4,0.06786,0,1,1,0.0,1,33.4,1
5.4,0.05407,1,1,2,0.74,1,45.9,1
5.0,0.30248,0,0,3,0.88,0,34.29,1
1.3,0.02992,0,1,5,0.8,1,34.15,1
5.0,0.09799,0,0,5,0.13,0,33.18,1
1.7,0.14833,0,0,1,0.23,0,12.95,0
1.3,0.0447,0,1,5,0.82,0,38.27,1
9.3,0.07312,0,1,2,0.02,1,53.79,2
6.0,0.37615,0,1,4,0.53,1,51.57,2
6.6,0.04756,0,0,2,0.84,1,23.0,0
4.0,0.03126,0,1,3,0.2,1,31.15,1
9.1,0.00647,1,1,5,0.14,0,69.66,2
6.4,0.50264,0,0,3,0.18,0,47.45,1
7.7,0.05088,0,0,3,0.76,1,30.55,1
3.7,0.22964,0,0,5,0.97,1,29.98,0
9.6,0.43026,0,0,4,0.21,0,54.02,2
8.2,0.12786,0,1,2,0.11,1,41.89,1
8.5,0.10192,0,0,3,0.27,0,43.48,1
1.7,0.42859,0,0,2,0.11,1,25.1,0
2.7,0.28703,1,0,3,0.01,1,39.73,1
2.9,0.42225,0,0,5,0.45,0,37.11,1
2.7,0.14139,0,0,5,0.75,1,27.51,0
8.6,0.39043,1,0,5,0.31,0,70.66,3
0.3,0.41607,0,1,5,0.33,0,45.98,1
0.8,0.16392,0,0,5,0.23,1,27.71,0
2.7,0.43455,0,0,2,0.13,0,34.19,1
2.0,0.14419,0,1,3,0.07,1,28.59,0
2.3,0.13216,0,1,1,0.57,0,23.19,0
8.0,0.52049,0,1,4,0.76,1,54.68,2
5.6,0.22816,0,1,1,0.5,1,35.22,1
0.1,0.09895,0,1,3,0.84,0,26.69,0
4.3,0.13807,0,1,2,0.46,1,33.19,1
4.1,0.14843,1,1,3,0.07,0,58.87,2
1.1,0.04849,0,1,4,0.6,0,35.08,1
6.8,0.08973,0,1,3,0.72,0,42.87,1
7.0,0.38949,0,0,5,0.12,0,47.79,1
7.2,0.05691,0,0,1,0.52,1,23.74,0
7.3,0.22964,1,1,4,0.3,1,68.63,2
0.0,0.10492,0,0,4,0.96,1,14.23,0
9.5,0.34604,0,1,1,0.21,0,56.91,2
8.1,0.11566,1,0,2,0.68,0,48.88,1
9.0,0.08471,0,0,1,0.31,0,35.03,1
0.2,0.03967,0,1,1,0.42,1,15.76,0
9.3,0.7128,0,0,1,0.83,1,46.55,1
8.1,0.19325,0,1,2,1.0,1,40.93,1
8.4,0.10943,0,0,4,0.12,1,38.99,1
0.9,0.09597,0,1,3,0.46,1,27.38,0
7.4,0.00316,0,1,1,0.62,1,38.19,1
9.6,0.38687,0,0,2,0.39,1,42.72,1
6.8,0.53935,0,0,3,0.13,0,48.12,1
5.7,0.39787,0,1,3,0.02,0,50.97,2
9.5,0.04585,0,1,4,0.03,1,56.96,2
4.4,0.08475,0,0,5,0.5,1,31.72,1
6.0,0.07038,0,0,3,0.41,0,32.28,1
4.8,0.21162,0,1,1,0.98,1,27.82,0
9.3,0.14517,0,1,3,0.91,1,52.78,2
0.8,0.25686,0,1,5,0.61,0,39.64,1
5.0,0.09311,0,1,5,0.47,1,42.63,1
6.9,0.21823,0,0,4,0.57,1,36.07,1
7.9,0.23377,1,0,2,0.46,1,45.6,1
5.8,0.10277,0,1,4,0.35,1,43.53,1
9.1,0.01774,0,0,5,0.61,0,48.34,1
9.4,0.51646,0,0,2,0.93,1,42.59,1
0.6,0.47084,1,0,4,0.65,0,50.06,2
4.0,0.1453,0,0,1,0.18,1,20.01,0
0.2,0.13282,0,1,3,0.48,1,27.13,0
3.3,0.09083,0,0,1,0.17,0,27.0,0
5.4,0.32507,0,1,1,0.12,0,46.37,1
9.1,0.19073,0,1,3,0.33,1,49.25,1
8.5,0.33561,0,1,3,0.2,1,58.14,2
1.3,0.04433,0,0,5,0.94,1,14.5,0
0.9,0.02108,1,0,3,0.06,1,40.38,1
5.9,0.13388,0,1,1,0.96,0,33.97,1
5.3,0.30269,0,1,3,0.84,0,42.74,1
2.7,0.58217,1,0,5,0.26,1,59.38,2
9.0,0.19542,0,0,2,0.09,1,40.73,1
9.3,0.19037,0,0,4,0.57,0,45.47,1
4.0,0.2198,0,0,1,0.25,0,26.56,0
8.9,0.17655,0,1,3,0.25,1,48.73,1
3.8,0.59064,0,0,2,0.57,1,35.75,1
7.4,0.12019,0,0,4,0.46,0,38.23,1
4.8,0.32731,0,0,4,0.51,1,34.19,1
1.2,0.24282,0,1,4,0.32,0,36.18,1
9.3,0.13835,0,1,1,0.32,0,47.75,1
4.5,0.24725,1,0,4,1.0,0,43.14,1
7.3,0.35323,1,0,1,0.39,0,49.56,1
3.7,0.31351,1,1,1,0.22,0,58.8,2
0.2,0.12896,0,0,5,0.7,0,24.03,0
1.0,0.44374,0,1,4,0.78,0,42.03,1
5.0,0.37525,0,1,3,0.24,1,52.19,2
6.9,0.30505,0,0,2,0.11,0,36.99,1
3.3,0.30682,0,0,1,0.29,0,25.21,0
7.0,0.49497,0,0,1,0.53,1,38.42,1
7.0,0.01072,0,1,5,0.38,0,49.41,1
7.0,0.08175,0,1,1,0.15,1,40.11,1
4.9,0.2193,0,1,1,0.02,1,41.77,1
9.1,0.05312,0,0,3,0.51,0,42.08,1
4.9,0.06003,0,0,1,0.87,1,18.4,0
4.5,0.36934,0,1,2,0.6,1,41.64,1
2.0,0.06657,1,0,2,0.87,1,28.97,0
3.1,0.05083,1,1,3,0.77,1,45.45,1
0.4,0.15736,0,1,5,0.34,1,36.46,1
6.3,0.36704,1,1,3,0.41,1,65.06,2
2.5,0.13891,0,0,2,0.86,0,22.37,0
3.0,0.04104,0,1,3,0.71,0,33.25,1
7.7,0.4109,0,1,3,0.56,1,48.26,1
3.3,0.30146,0,1,4,0.95,1,36.24,1
2.4,0.15558,0,0,4,0.05,0,31.85,1
1.7,0.27749,0,0,3,0.86,1,17.36,0
7.7,0.09599,0,1,1,0.32,0,42.82,1
1.3,0.03681,0,0,3,0.65,1,17.9,0
4.5,0.26895,0,1,5,0.92,0,50.78,2
5.1,0.61092,0,0,3,0.35,0,45.23,1
6.9,0.00801,0,1,2,0.5,1,40.26,1
6.3,0.04996,1,1,5,0.32,1,61.99,2
8.1,0.40757,1,1,2,0.7,1,59.64,2
0.4,0.17118,0,0,5,0.13,0,30.53,1
3.0,0.16154,0,1,5,0.75,1,36.29,1
2.8,0.23555,0,0,2,0.78,0,19.69,0
1.5,0.27654,0,0,3,0.07,0,29.44,0
2.9,0.11003,0,1,5,0.4,0,43.19,1
3.1,0.59976,0,0,1,0.7,0,24.01,0
5.2,0.25871,0,1,2,0.09,1,41.0,1
6.6,0.0122,0,0,2,0.79,0,26.18,0
3.8,0.58243,0,0,3,0.64,0,40.69,1
7.2,0.11739,0,1,3,0.46,1,40.36,1
3.4,0.1053,1,0,5,0.09,1,47.24,1
2.9,0.09194,0,0,2,0.07,1,24.82,0
5.4,0.32968,0,0,3,0.25,0,38.11,1
0.2,0.03286,0,0,2,0.79,0,17.41,0
0.8,0.32946,0,0,1,0.89,1,11.77,0
4.2,0.34323,0,1,2,0.25,1,40.24,1
9.4,0.31355,0,1,5,0.3,0,62.61,2
7.2,0.16172,0,0,1,0.17,1,31.14,1
0.9,0.41142,0,1,1,0.69,1,26.89,0
8.5,0.00728,0,1,4,0.03,0,54.95,2
7.3,0.25228,0,0,3,0.93,1,34.94,1
6.1,0.04064,0,1,1,0.28,1,29.87,0
8.2,0.13219,0,0,4,0.77,0,40.68,1
4.0,0.11098,1,0,5,0.96,0,46.8,1
2.2,0.4273,0,0,3,0.15,1,34.19,1
5.1,0.08622,0,1,2,0.12,1,36.4,1
5.5,0.0933,0,0,2,0.28,1,29.28,0
5.4,0.28502,0,0,2,0.59,1,28.95,0
5.7,0.37491,0,0,1,0.0,1,41.92,1
9.5,0.37335,1,0,3,0.61,1,61.18,2
9.0,0.12309,0,1,5,0.58,1,53.57,2
8.8,0.38632,0,1,4,0.05,1,64.62,2
8.0,0.16489,0,0,3,0.52,1,37.52,1
9.4,0.28397,0,0,4,0.83,0,44.66,1
1.0,0.03466,0,1,4,0.3,0,31.57,1
2.7,0.34501,0,1,2,0.82,0,40.34,1
5.0,0.0844,0,1,1,0.44,1,29.14,0
8.5,0.11827,0,1,1,0.84,1,40.12,1
5.1,0.09545,1,1,5,0.47,1,55.16,2
7.5,0.2163,1,0,5,0.9,1,51.75,2
1.4,0.27447,0,1,2,0.91,0,29.83,0
2.5,0.06661,0,0,4,0.01,1,21.78,0
7.3,0.22496,0,1,2,0.39,0,45.47,1
1.6,0.55306,0,1,1,0.89,1,37.13,1
3.5,0.18476,0,0,1,0.01,1,25.05,0
2.6,0.08442,0,0,2,0.1,0,24.34,0
3.5,0.12085,0,1,3,0.43,0,38.98,1
7.1,0.02297,1,1,1,0.98,0,50.09,2
3.7,0.52831,0,1,5,0.93,1,45.37,1
5.6,0.81745,0,1,3,0.59,0,58.47,2
1.0,0.19292,0,0,2,0.25,1,23.37,0
8.1,0.14517,0,0,3,0.64,0,33.78,1
3.7,0.53985,0,1,4,0.32,1,54.62,2
6.5,0.22796,1,1,3,0.65,0,60.14,2
7.3,0.4016,0,0,2,0.17,0,41.4,1
2.1,0.11777,0,1,4,0.6,0,41.37,1
8.8,0.52027,0,1,5,0.69,1,62.5,2
6.2,0.11369,0,1,5,0.71,0,55.21,2
4.3,0.21719,0,0,1,0.98,1,24.22,0
1.8,0.12003,0,0,3,0.03,0,22.13,0
9.4,0.32968,0,0,2,0.08,1,42.99,1
7.6,0.24809,0,1,5,0.61,1,49.73,1
2.1,0.05428,0,1,5,0.48,0,36.79,1
3.4,0.23157,0,0,3,0.63,0,32.37,1
8.1,0.22599,0,1,2,0.69,0,50.94,2
7.0,0.21831,0,1,2,0.03,0,46.94,1
7.7,0.52936,0,0,4,0.48,1,49.11,1
4.4,0.04879,0,0,5,0.5,1,34.9,1
7.2,0.09237,0,1,3,0.62,0,42.45,1
3.9,0.39839,0,1,5,0.36,0,54.11,2
2.1,0.32453,0,1,3,0.07,1,42.25,1
6.3,0.55015,0,1,1,0.32,1,51.94,2
9.8,0.02746,0,0,3,0.22,0,42.56,1
3.1,0.2448,0,1,2,0.79,0,28.52,0
4.6,0.00733,0,1,1,0.88,1,27.26,0
6.7,0.5556,0,0,3,0.17,0,52.3,2
5.4,0.22663,0,1,5,0.61,0,49.75,1
8.4,0.16379,0,1,4,0.2,1,53.45,2
7.6,0.29502,0,0,5,0.83,1,38.29,1
0.6,0.51654,0,1,1,0.77,1,32.71,1
10.0,0.1577,0,0,1,0.58,1,40.28,1
7.5,0.09563,1,0,1,0.32,1,40.5,1
8.6,0.47217,1,0,3,0.98,0,59.38,2
6.5,0.6943,1,0,2,0.65,1,56.16,2
8.6,0.00399,0,1,1,0.74,1,31.39,1
1.1,0.54327,0,1,2,0.88,1,35.18,1
3.5,0.16606,0,1,1,0.82,0,27.6,0
8.8,0.28481,0,0,4,0.82,1,39.79,1
2.0,0.52988,0,1,5,0.25,0,49.59,1
0.8,0.47748,0,1,3,0.32,0,37.02,1
7.9,0.2199,0,0,4,0.39,0,42.58,1
8.4,0.24564,0,1,4,0.92,0,55.51,2
1.6,0.19341,0,0,2,0.06,0,26.34,0
8.5,0.58891,0,1,4,0.26,0,71.57,3
6.9,0.08664,1,1,3,0.44,0,57.66,2
5.2,0.63311,0,1,1,0.72,0,45.04,1
8.3,0.27873,0,1,5,0.16,0,58.38,2
4.2,0.14778,0,0,3,0.51,0,28.39,0
1.9,0.01903,0,1,5,0.34,0,36.37,1
2.8,0.19253,0,1,4,0.22,1,45.76,1
5.1,0.11553,0,1,3,0.06,1,40.04,1
5.3,0.34955,0,0,2,0.82,1,29.53,0
8.1,0.07645,0,1,5,0.68,0,48.94,1
7.9,0.48248,0,1,2,0.28,1,51.99,2
5.8,0.13433,0,1,5,0.39,0,50.06,2
7.8,0.41921,0,0,4,0.55,1,45.77,1
1.9,0.69834,0,1,5,0.32,1,55.0,2
0.5,0.25135,0,0,1,0.19,1,18.03,0
8.7,0.12048,0,0,1,0.21,1,28.78,0
0.8,0.18456,0,0,5,0.85,1,23.08,0
2.5,0.01524,0,0,5,0.48,0,29.47,0
7.0,0.09484,0,0,4,0.47,1,28.67,0
4.1,0.4875,0,1,1,0.39,0,45.31,1
8.8,0.58496,0,1,2,0.72,0,62.55,2
3.0,0.12368,0,0,3,0.83,1,14.46,0
0.1,0.23925,0,1,2,0.72,0,27.23,0
3.0,0.15037,0,0,3,0.48,1,24.74,0
5.8,0.19864,1,1,3,0.2,1,61.81,2
3.8,0.25865,0,0,3,0.54,0,35.46,1
5.3,0.38411,0,0,5,0.73,1,39.64,1
8.8,0.20672,0,1,1,0.41,1,47.45,1
9.1,0.25202,0,0,4,0.99,1,39.51,1
2.7,0.36782,0,0,4,0.94,0,29.39,0
4.6,0.23806,0,0,4,0.93,1,26.56,0
5.5,0.22111,0,1,1,0.59,1,33.61,1
9.5,0.4405,1,0,5,0.55,0,69.28,2
10.0,0.4844,0,1,4,0.53,1,66.06,2
2.4,0.0743,1,0,5,0.47,0,44.6,1
7.3,0.30445,0,0,2,0.16,0,33.56,1
3.8,0.27831,0,0,1,0.88,0,21.29,0
0.1,0.25574,0,1,2,0.82,0,25.76,0
0.1,0.80923,0,0,1,0.74,0,30.1,1
4.6,0.09915,0,0,5,0.69,1,35.78,1
4.9,0.27369,0,0,5,0.47,1,43.87,1
0.2,0.01867,1,1,2,1.0,1,33.35,1
6.9,0.1554,1,0,1,0.44,0,44.37,1
2.9,0.13408,0,1,4,0.26,1,33.65,1
5.6,0.02622,0,0,4,0.33,1,31.39,1
3.0,0.02913,0,1,3,0.72,1,32.33,1
1.7,0.51115,0,0,2,0.3,1,28.37,0
4.1,0.32518,0,0,5,0.67,1,39.08,1
2.3,0.01976,0,1,2,0.71,0,31.33,1
5.3,0.09851,0,1,4,0.9,0,46.89,1
2.0,0.15221,0,1,3,0.46,1,33.81,1
5.1,0.089,0,0,1,0.49,1,26.14,0
1.6,0.2379,0,0,4,0.07,0,34.54,1
6.7,0.20225,0,1,4,0.18,0,47.23,1
7.5,0.08224,0,0,2,0.25,1,37.1,1
1.1,0.08709,0,0,1,0.93,0,12.39,0
4.7,0.0234,0,1,4,0.64,1,42.31,1
0.7,0.36761,0,1,3,0.9,1,33.37,1
6.0,0.47966,1,0,5,0.31,0,61.19,2
2.6,0.01998,0,1,4,0.33,1,34.19,1
5.3,0.01564,0,1,2,0.5,1,32.26,1
5.2,0.23035,0,0,4,0.66,0,39.32,1
9.2,0.59879,0,0,2,0.15,1,51.79,2
5.5,0.15534,0,0,1,0.17,1,27.12,0
5.8,0.05022,0,0,4,0.8,1,31.36,1
4.0,0.2867,0,1,3,0.86,0,36.39,1
9.5,0.68563,1,0,4,0.01,0,76.16,3
7.8,0.32652,1,0,5,0.71,1,59.45,2
2.9,0.15554,1,0,3,0.36,0,36.26,1
8.4,0.25757,0,0,5,0.34,1,46.01,1
4.3,0.05312,0,0,4,0.56,1,27.75,0
8.3,0.26641,0,0,3,0.75,0,40.18,1
8.2,0.16543,0,1,3,0.93,1,42.62,1
1.9,0.34068,0,0,5,0.01,0,38.36,1
7.0,0.32822,0,0,1,0.27,1,34.96,1
2.9,0.34525,0,0,5,0.39,0,38.74,1
3.0,0.25179,0,1,3,0.08,0,45.99,1
3.0,0.4979,1,0,4,0.04,1,54.33,2
7.3,0.49341,0,0,4,0.99,1,33.44,1
2.3,0.10472,0,0,1,0.65,1,19.98,0
0.0,0.06328,0,1,4,0.27,0,33.46,1
7.2,0.26869,0,0,3,0.38,0,39.21,1
1.7,0.20632,0,1,4,0.71,1,29.38,0
1.0,0.54163,1,0,3,0.15,0,49.13,1
2.4,0.29754,0,0,4,0.42,0,28.75,0
3.8,0.32979,0,0,1,0.86,1,14.02,0
4.8,0.32543,0,1,4,0.27,1,47.38,1
0.4,0.56205,0,1,2,0.17,0,38.76,1
9.7,0.00198,1,1,2,0.88,1,54.95,2
7.2,0.00997,0,1,3,0.95,1,37.98,1
3.2,0.23337,0,0,3,0.88,0,30.02,1
3.2,0.28713,1,0,4,0.92,1,40.57,1
4.5,0.06298,0,1,2,0.41,0,35.9,1
6.3,0.1837,1,0,4,0.47,0,50.56,2
1.5,0.54728,0,1,3,0.62,1,38.08,1
1.9,0.36054,0,1,5,0.06,1,40.82,1
8.6,0.03388,0,0,2,0.68,1,36.14,1
2.6,0.01992,0,1,2,0.54,0,24.88,0
3.8,0.3611,0,0,5,0.94,1,33.24,1
8.7,0.28326,0,0,5,0.54,1,40.91,1
6.6,0.30886,0,1,2,0.99,1,34.19,1
3.4,0.35963,0,0,2,0.97,1,22.52,0
6.8,0.27214,0,0,2,0.4,0,39.03,1
0.2,0.42609,1,0,3,0.03,0,41.75,1
7.4,0.42977,0,0,2,0.81,1,32.4,1
4.9,0.25637,0,0,1,0.85,1,24.92,0
8.1,0.04896,0,1,2,0.55,0,45.6,1
9.5,0.32144,0,1,5,0.73,0,60.15,2
9.3,0.16146,0,1,1,0.48,0,49.52,1
9.1,0.22583,0,0,5,0.63,1,48.33,1
5.1,0.12865,0,0,5,0.51,1,28.73,0
3.6,0.00906,1,0,4,0.48,1,38.54,1
4.7,0.26819,0,1,2,0.82,1,43.47,1
6.9,0.24492,0,0,2,0.18,0,37.93,1
8.8,0.31134,0,0,2,0.42,1,38.88,1
2.1,0.33231,0,0,5,0.67,0,39.12,1
9.2,0.50125,0,0,1,0.99,0,42.22,1
8.2,0.33054,0,1,2,0.57,0,56.54,2
9.8,0.35146,0,0,2,0.55,0,41.12,1
8.8,0.2025,0,1,1,0.51,1,50.68,2
2.8,0.09889,0,1,1,0.05,0,35.57,1
1.1,0.06005,0,1,2,0.65,0,19.84,0
1.1,0.12211,0,0,4,0.96,0,18.05,0
2.9,0.22169,1,0,2,0.72,1,38.02,1
6.1,0.20875,1,1,2,0.32,0,54.78,2
8.0,0.22029,0,1,5,0.66,1,53.6,2
9.0,0.50585,0,1,3,0.5,0,63.07,2
6.2,0.21657,0,0,2,0.67,1,35.33,1
0.1,0.1936,0,0,5,1.0,0,25.65,0
1.9,0.24208,0,0,3,0.61,1,24.06,0
1.0,0.08395,0,0,5,0.02,1,28.6,0
3.6,0.45079,0,0,5,0.25,1,39.57,1
5.0,0.13062,1,1,4,0.42,0,60.45,2
0.4,0.30209,1,0,1,0.07,0,34.1,1
3.5,0.08138,0,0,1,0.46,0,23.78,0
1.8,0.37556,0,0,5,0.45,0,33.22,1
6.5,0.07633,0,0,1,0.88,0,24.81,0
4.6,0.39692,1,0,2,0.29,0,54.21,2
5.0,0.02156,0,1,4,0.41,1,38.75,1
4.3,0.26126,0,1,4,0.24,0,49.75,1
9.6,0.00978,0,0,1,0.8,0,29.75,0
2.1,0.11608,0,1,1,0.79,1,22.22,0
5.2,0.17596,1,0,4,0.94,0,47.02,1
7.4,0.06586,0,1,5,0.83,1,42.34,1
5.6,0.21856,0,0,5,0.81,1,32.32,1
9.3,0.06358,0,0,5,0.24,0,51.49,2
3.8,0.10996,0,0,2,0.68,1,22.17,0
4.6,0.09775,0,0,5,0.04,1,34.38,1
0.9,0.48061,0,0,5,0.02,1,35.57,1
6.1,0.0372,0,1,1,0.3,0,38.61,1
2.9,0.50934,0,0,3,0.87,0,31.71,1
1.6,0.51255,0,0,5,0.28,1,35.59,1
5.4,0.07488,0,1,5,0.93,1,44.03,1
5.3,0.09441,1,1,3,0.22,0,59.49,2
0.8,0.14609,0,0,5,0.05,0,25.79,0
7.0,0.25261,0,0,3,0.59,0,37.86,1
6.2,0.02832,0,1,3,0.82,1,33.48,1
1.9,0.05013,1,1,5,0.57,1,47.15,1
4.7,0.24697,0,1,2,0.51,0,41.11,1
7.2,0.64921,0,0,5,0.44,0,52.14,2
5.3,0.02195,1,0,2,0.72,1,42.81,1
4.0,0.20807,0,0,5,0.97,0,34.33,1
3.2,0.37731,0,0,2,0.31,1,31.28,1
6.1,0.07614,0,1,5,0.34,0,50.31,2
9.4,0.26181,1,1,4,0.07,1,70.71,3
6.7,0.10899,0,1,4,0.17,0,52.44,2
0.7,0.48574,1,1,3,0.53,0,49.97,1
4.6,0.04133,0,1,1,0.32,0,32.16,1
8.9,0.07335,0,1,4,0.82,1,48.74,1
0.9,0.15534,0,1,4,0.62,0,31.32,1
9.9,0.24059,1,0,5,0.73,0,61.8,2
9.5,0.07521,0,1,1,0.44,0,43.18,1
0.8,0.04821,1,1,5,0.1,0,51.14,2
9.3,0.03452,0,0,5,0.56,0,40.95,1
3.6,0.0124,0,0,3,0.26,0,29.19,0
8.4,0.12999,0,0,5,0.52,1,44.38,1
4.2,0.06078,1,0,5,0.11,1,50.75,2
4.4,0.37687,1,1,3,0.78,0,58.59,2
6.3,0.21387,1,1,5,0.4,1,62.55,2
7.7,0.17362,0,0,1,0.67,1,28.32,0
0.3,0.03473,1,1,3,0.49,0,43.23,1
5.9,0.0385,0,1,4,0.47,0,45.15,1
1.9,0.22056,0,1,5,0.38,1,36.21,1
3.5,0.42928,0,0,1,0.48,0,34.21,1
3.5,0.1907,1,0,2,0.61,1,32.82,1
4.7,0.46136,0,1,3,0.22,1,44.88,1
3.3,0.08396,0,1,3,0.71,0,30.95,1
1.1,0.11963,0,0,5,0.49,0,30.44,1
1.5,0.64205,0,1,5,0.62,1,47.43,1
0.3,0.75976,0,0,3,0.47,0,29.01,0
4.7,0.28669,0,1,5,0.16,1,47.96,1
9.5,0.15122,0,1,5,0.33,0,60.0,2
1.2,0.40378,0,0,1,0.34,1,19.42,0
9.5,0.4697,0,1,1,0.41,1,44.33,1
7.3,0.19414,0,0,1,0.32,0,37.06,1
6.4,0.39952,0,0,4,0.67,1,40.79,1
6.5,0.36399,0,0,3,0.99,0,41.38,1
8.3,0.42649,0,1,3,0.71,0,52.44,2
1.1,0.23489,0,0,5,0.96,0,32.23,1
5.0,0.04634,0,1,5,0.74,1,41.92,1
7.0,0.36937,0,1,3,0.59,1,44.52,1
5.9,0.0421,0,1,5,0.71,1,43.7,1
8.3,0.14196,0,1,1,0.82,1,44.25,1
0.7,0.41752,0,1,2,0.83,0,25.14,0
6.9,0.12547,0,0,4,0.13,0,41.08,1
5.3,0.18608,0,1,1,0.63,1,37.6,1
3.8,0.25295,0,1,1,0.16,1,36.1,1
3.4,0.12355,0,1,5,0.73,1,35.86,1
6.2,0.47973,0,0,4,0.01,1,49.09,1
8.9,0.4807,0,0,2,0.64,0,46.66,1
5.0,0.33896,0,0,2,0.05,0,33.27,1
8.2,0.49988,0,1,5,0.9,0,59.28,2
4.0,0.03296,0,0,4,0.74,1,27.58,0
1.0,0.46986,0,1,1,0.92,1,27.22,0
0.6,0.08223,1,1,1,0.49,1,33.4,1
0.5,0.25269,0,1,3,0.0,1,34.22,1
3.8,0.16571,0,0,1,0.93,0,22.19,0
3.4,0.08034,0,0,2,0.27,1,28.73,0
7.2,0.32236,1,1,2,0.33,0,64.45,2
7.4,0.12271,0,0,4,0.55,0,46.69,1
0.5,0.09144,0,1,1,0.22,0,26.45,0
2.2,0.19305,0,1,1,0.96,0,27.88,0
2.7,0.11707,0,1,1,0.13,1,26.13,0
5.5,0.60731,0,0,2,0.33,1,40.0,1
1.4,0.20389,0,0,2,0.96,1,12.12,0
1.3,0.23738,0,1,5,0.99,0,37.27,1
9.4,0.18632,0,0,3,0.64,0,42.52,1
8.0,0.00279,0,1,1,0.78,0,36.49,1
1.8,0.23879,0,0,5,0.58,0,32.47,1
4.1,0.17908,0,1,4,0.46,0,43.24,1
3.6,0.00552,0,1,1,0.35,1,26.15,0
7.9,0.01173,1,0,1,0.24,0,44.93,1
5.1,0.33013,0,1,5,0.27,0,59.31,2
1.3,0.1468,0,1,3,0.49,1,31.81,1
7.4,0.22454,0,1,4,0.94,1,50.22,2
4.0,0.63396,0,0,4,0.87,0,41.83,1
2.6,0.18735,0,0,4,0.33,1,29.35,0
3.8,0.022,1,1,2,0.95,1,41.95,1
5.0,0.32069,0,0,3,0.16,0,35.77,1
3.4,0.49234,0,1,1,0.54,1,39.42,1
2.4,0.14089,0,1,3,0.69,1,24.23,0
4.0,0.24601,0,1,3,0.94,0,39.35,1
0.2,0.25834,0,0,3,0.24,1,17.73,0
7.7,0.07331,0,1,3,0.31,0,39.0,1
1.7,0.53079,0,0,3,0.12,1,33.65,1
0.4,0.35396,0,0,2,0.34,0,24.1,0
6.5,0.06623,0,0,5,0.84,0,36.77,1
7.7,0.43367,0,0,3,0.42,1,48.22,1
8.1,0.10542,0,1,1,0.99,1,35.17,1
4.9,0.1977,0,0,3,0.4,1,30.05,1
2.1,0.40573,0,0,4,0.72,1,29.33,0
7.4,0.30289,0,0,4,0.4,0,46.8,1
7.0,0.29036,0,1,4,0.24,1,53.1,2
2.5,0.03174,0,0,4,0.18,1,22.46,0
9.0,0.41668,0,0,3,0.17,1,51.88,2
1.0,0.20507,0,0,4,0.65,0,24.9,0
9.8,0.03791,0,0,2,0.07,0,39.83,1
8.6,0.28738,1,0,3,0.64,1,56.61,2
6.9,0.20067,0,1,5,0.42,0,59.83,2
9.4,0.03746,0,1,4,0.66,1,44.58,1
7.2,0.07755,0,0,3,0.02,0,39.32,1
1.9,0.16744,0,1,2,0.14,0,34.0,1
4.4,0.3392,0,0,1,0.87,0,29.24,0
0.7,0.17285,0,1,3,1.0,1,24.09,0
3.9,0.46061,0,0,5,0.84,0,39.67,1
7.4,0.16883,0,0,1,0.13,0,34.76,1
3.9,0.08249,0,1,4,0.2,0,43.33,1
3.3,0.33981,0,1,3,0.18,1,43.67,1
6.0,0.73185,0,0,4,0.87,1,48.41,1
8.7,0.02804,0,0,1,0.83,1,31.09,1
0.5,0.05163,0,1,2,0.41,1,19.67,0
3.9,0.1389,1,0,5,0.12,1,45.55,1
1.6,0.3601,0,0,3,0.89,0,23.75,0
7.0,0.23603,0,1,1,0.58,0,45.68,1
1.1,0.22779,0,0,1,0.98,0,20.08,0
6.6,0.3339,0,0,3,0.28,1,39.97,1
2.9,0.11282,0,1,3,0.04,0,40.87,1
2.0,0.18039,0,0,4,0.98,0,25.88,0
9.4,0.05483,0,1,3,0.35,0,53.17,2
0.2,0.21799,0,1,3,0.45,0,34.65,1
4.4,0.44552,0,0,1,0.09,0,36.03,1
0.2,0.21013,0,0,4,0.59,1,19.28,0
4.8,0.40123,1,1,4,0.26,0,66.42,2
5.0,0.33578,0,0,5,0.68,0,39.98,1
3.2,0.05918,0,1,5,0.76,0,41.39,1
1.3,0.14103,0,0,5,0.29,0,24.07,0
3.8,0.48131,0,0,5,0.44,1,40.77,1
6.7,0.48847,0,1,4,0.35,0,60.43,2
7.8,0.1807,0,1,1,0.98,1,40.18,1
5.3,0.01395,0,1,5,0.85,1,44.97,1
5.9,0.19047,0,0,5,0.42,1,37.82,1
2.0,0.13061,0,0,4,0.51,0,25.14,0
2.9,0.16325,0,0,2,0.98,0,25.4,0
1.6,0.19645,0,0,1,0.27,1,11.8,0
2.5,0.03387,0,1,1,0.89,0,25.06,0
2.2,0.02451,0,1,1,0.94,1,24.2,0
5.2,0.15672,0,1,2,0.46,1,42.13,1
5.6,0.00887,0,0,5,0.25,0,35.95,1
9.4,0.11384,0,0,5,0.16,1,47.84,1
2.0,0.25425,0,1,1,0.07,0,41.21,1
6.4,0.29344,0,1,2,0.18,1,40.03,1
8.2,0.71264,0,1,2,0.34,1,63.77,2
5.6,0.25725,0,1,4,0.77,1,35.29,1
2.6,0.40428,0,1,4,0.39,0,48.01,1
2.6,0.33555,0,1,5,0.36,0,43.75,1
0.4,0.01913,0,1,5,0.84,1,29.83,0
3.1,0.22233,0,1,5,0.59,1,37.67,1
7.4,0.33466,0,0,1,0.46,0,35.21,1
0.5,0.06641,0,1,1,0.63,0,19.0,0
2.2,0.11003,0,0,4,0.56,1,26.29,0
7.1,0.29211,0,1,5,0.44,1,56.51,2
7.8,0.19776,0,1,5,0.4,1,59.36,2
4.6,0.08894,1,1,4,0.88,1,45.95,1
7.0,0.37167,0,1,1,0.18,1,43.01,1
3.9,0.23469,0,1,1,0.16,1,35.55,1
1.6,0.21268,0,1,4,0.8,1,38.32,1
4.0,0.55042,0,1,2,0.12,0,47.49,1
5.8,0.12184,0,1,3,0.97,1,41.25,1
9.5,0.1124,0,0,3,0.28,0,48.17,1
0.7,0.14922,0,0,4,0.85,0,22.85,0
5.1,0.1725,1,0,2,0.65,1,41.27,1
3.3,0.09787,0,1,4,0.81,1,32.22,1
5.1,0.2613,0,0,5,0.4,1,33.71,1
0.2,0.18444,0,1,2,0.2,0,29.73,0
3.1,0.31291,0,1,5,0.95,1,38.71,1
8.2,0.40397,1,0,4,0.79,0,62.0,2
5.5,0.22266,0,1,1,0.15,1,35.76,1
4.5,0.38917,0,0,5,0.44,1,40.97,1
2.9,0.47612,0,1,1,0.33,0,36.88,1
3.0,0.16153,1,1,1,0.15,1,47.93,1
3.8,0.62744,0,1,4,0.59,0,51.22,2
8.4,0.28399,0,0,4,0.74,1,42.04,1
9.7,0.35021,0,0,3,0.23,0,48.52,1
4.4,0.00034,1,1,5,0.55,0,58.15,2
3.9,0.09189,0,0,1,0.2,1,17.1,0
8.5,0.31028,1,0,5,0.66,1,61.88,2
4.3,0.65274,0,0,5,0.7,0,49.2,1
5.5,0.02645,0,1,4,0.5,1,43.27,1
2.3,0.23182,0,0,5,0.66,1,29.2,0
7.4,0.21838,1,1,3,0.7,0,64.97,2
5.3,0.38409,0,1,2,0.91,1,44.2,1
8.1,0.48602,0,1,1,0.83,1,44.0,1
7.8,0.23422,0,0,2,0.82,1,27.81,0
2.2,0.22278,0,1,2,0.02,1,38.94,1
7.2,0.42164,0,1,1,0.26,1,43.36,1
8.0,0.02176,0,0,2,0.19,0,34.45,1
3.5,0.5632,0,1,5,0.99,1,44.27,1
1.7,0.1942,0,0,4,0.56,0,26.95,0
0.0,0.28571,0,1,3,0.17,0,33.97,1
4.5,0.1209,1,0,3,0.57,1,40.35,1
3.5,0.10846,0,1,5,0.69,0,36.01,1
5.5,0.05045,1,1,4,0.82,0,47.36,1
1.9,0.64548,0,0,4,0.28,1,38.48,1
8.6,0.14593,0,0,2,0.56,0,35.62,1
2.6,0.65617,0,1,3,0.3,1,46.39,1
2.3,0.1509,0,0,3,0.45,0,21.66,0
4.8,0.14439,0,0,3,0.41,0,30.02,1
5.0,0.39023,0,0,1,0.21,0,34.2,1
2.2,0.0959,0,0,3,0.29,0,27.34,0
2.7,0.347,1,0,1,0.26,1,38.94,1
1.7,0.05907,0,0,5,0.81,1,22.52,0
7.2,0.32349,0,1,1,0.15,1,49.03,1
7.7,0.25478,0,1,1,0.97,0,42.96,1
4.6,0.19145,1,0,4,0.4,1,45.58,1
7.1,0.05781,0,0,2,0.23,0,37.63,1
7.4,0.34903,0,0,4,0.76,0,47.49,1
1.4,0.27642,0,0,3,0.09,0,28.69,0
9.7,0.08631,0,0,4,0.82,0,39.39,1
8.2,0.666,0,0,2,0.31,0,49.58,1
2.0,0.0049,0,1,1,0.17,0,33.23,1
1.9,0.17936,1,1,1,0.84,1,42.63,1
1.3,0.17226,0,1,5,0.6,0,44.35,1
1.4,0.33041,0,0,5,0.54,0,29.56,0
7.5,0.42681,0,1,2,0.3,0,52.6,2
4.7,0.56027,0,1,2,0.5,0,49.78,1
7.8,0.2953,0,0,4,0.78,0,46.77,1
7.5,0.38512,0,0,2,0.48,1,36.55,1
6.0,0.08087,0,1,4,0.63,0,45.07,1
6.9,0.19993,0,1,5,0.04,0,54.64,2
0.2,0.64472,1,0,4,0.59,1,48.58,1
3.1,0.17399,0,1,4,0.23,0,45.91,1
6.4,0.09543,0,1,5,0.74,1,48.66,1
0.1,0.01849,0,0,3,0.31,0,17.75,0
0.3,0.26522,0,0,2,0.29,1,15.7,0
8.5,0.13,1,1,1,0.41,1,59.49,2
6.8,0.12882,0,1,5,0.12,0,56.54,2
2.7,0.103,0,0,4,0.75,0,24.98,0
6.9,0.26569,0,0,1,0.63,1,29.28,0
7.9,0.26454,0,0,2,0.28,1,34.25,1
3.1,0.03245,0,1,1,0.77,0,29.57,0
0.4,0.37171,0,0,1,0.96,1,15.75,0
9.3,0.81239,0,0,2,0.86,0,51.62,2
3.5,0.66831,1,0,4,0.41,1,56.1,2
1.1,0.05517,0,1,4,0.29,1,24.01,0
4.9,0.23354,0,1,3,0.01,0,49.37,1
7.7,0.24286,0,1,4,0.26,1,51.84,2
2.2,0.10894,0,0,3,0.12,1,17.69,0
2.7,0.14237,0,0,5,0.83,0,26.14,0
2.4,0.32613,0,1,2,0.78,1,30.83,1
9.9,0.44176,0,1,3,0.47,0,57.18,2
2.0,0.03274,0,1,2,0.12,0,37.32,1
5.8,0.0644,0,0,1,0.52,1,22.33,0
9.3,0.53445,0,1,2,0.53,1,53.2,2
1.5,0.04503,1,1,2,0.63,1,40.81,1
9.7,0.05331,0,0,2,0.53,0,38.35,1
9.5,0.11109,0,1,1,0.1,0,50.42,2
8.8,0.22873,1,1,4,0.64,1,67.95,2
2.1,0.27787,0,0,3,0.99,0,23.2,0
6.3,0.21771,1,1,5,0.63,1,66.96,2
7.6,0.19002,0,0,2,0.36,0,40.55,1
9.9,0.05334,0,1,2,0.62,0,49.55,1
1.8,0.00732,0,0,3,0.56,0,23.42,0
7.7,0.22851,0,1,3,0.1,0,53.92,2
3.4,0.23963,0,0,1,0.63,0,27.25,0
1.8,0.1823,0,0,3,0.65,1,22.15,0
4.2,0.1129,1,1,1,0.35,0,45.86,1
7.9,0.02056,1,1,4,0.3,0,65.0,2
4.6,0.05325,0,0,1,0.5,0,20.49,0
5.4,0.17579,0,0,2,0.14,1,31.04,1
10.0,0.4521,1,0,5,0.09,1,72.62,3
4.0,0.02233,0,0,2,0.75,1,18.8,0
6.2,0.20075,0,1,1,0.18,0,38.3,1
3.7,0.41069,0,0,2,0.25,1,31.63,1
3.9,0.21777,0,0,4,0.38,0,36.3,1
7.0,0.02015,0,1,4,0.72,1,46.41,1
9.4,0.1016,0,1,5,0.57,0,60.95,2
5.4,0.19669,0,1,5,0.46,1,53.26,2
7.7,0.41808,0,0,4,0.98,0,39.95,1
0.9,0.37614,0,1,4,0.47,0,38.9,1
2.1,0.03297,0,1,2,0.59,1,24.02,0
5.0,0.41375,0,0,4,0.08,1,42.52,1
0.2,0.46256,0,1,1,0.27,0,37.27,1
2.5,0.19887,0,1,2,0.29,1,28.9,0
5.2,0.0094,0,0,3,0.22,0,29.64,0
0.1,0.09967,0,0,5,0.3,1,22.84,0
2.6,0.24772,0,1,5,0.48,0,45.04,1
5.1,0.04189,0,0,5,0.86,1,31.93,1
5.7,0.55397,0,0,2,0.64,0,38.37,1
9.3,0.03629,1,1,4,0.8,1,62.13,2
6.5,0.28757,0,0,1,0.49,0,32.39,1
4.1,0.23834,0,1,3,0.57,0,43.17,1
9.3,0.55256,0,1,5,0.07,1,67.71,2
7.8,0.01173,1,0,2,0.14,0,48.28,1
2.0,0.27258,0,0,1,0.83,0,14.38,0
1.3,0.24406,0,0,4,0.99,1,25.4,0
6.8,0.17131,0,0,3,0.78,0,36.52,1
5.6,0.09369,0,1,5,0.2,0,53.72,2
7.9,0.05547,1,1,4,0.02,1,68.38,2
7.4,0.2135,0,1,2,0.04,1,48.21,1
6.3,0.15054,0,0,5,0.27,1,44.22,1
9.9,0.26408,0,0,2,0.88,0,45.06,1
5.3,0.0955,0,1,4,0.21,0,46.26,1
1.1,0.14756,0,1,3,0.64,1,27.39,0
8.3,0.13965,0,0,5,0.14,1,50.75,2
2.5,0.05003,0,0,5,0.71,1,23.62,0
7.8,0.31397,0,1,1,0.15,1,47.28,1
9.6,0.07146,0,0,5,0.38,1,42.64,1
7.0,0.26748,0,1,1,0.21,1,40.05,1
6.0,0.03675,1,0,4,0.28,1,47.45,1
4.6,0.166,0,0,4,0.71,0,31.59,1
3.6,0.17815,0,0,3,0.56,0,30.45,1
3.5,0.04818,0,1,4,0.1,0,36.49,1
6.4,0.17853,0,1,3,0.83,1,43.95,1
7.5,0.55967,0,0,2,0.6,1,48.16,1
6.8,0.34482,0,0,1,0.28,1,32.43,1
2.0,0.02592,0,0,2,0.4,0,19.2,0
4.9,0.62925,0,0,3,0.88,1,38.57,1
7.9,0.13834,0,0,5,0.33,0,46.23,1
4.8,0.19295,0,0,1,0.28,1,20.67,0
5.4,0.60658,0,0,2,0.21,0,45.69,1
7.7,0.06219,0,1,2,0.79,1,41.45,1
6.6,0.1324,0,1,2,0.26,1,38.71,1
4.1,0.04661,0,0,4,0.47,1,26.29,0
9.0,0.26071,0,0,5,0.01,0,51.39,2
1.6,0.5403,1,0,2,0.96,0,40.18,1
10.0,0.10218,1,0,2,0.83,1,48.08,1
1.2,0.02493,0,1,2,0.65,1,19.18,0
0.1,0.2184,0,0,5,0.31,0,23.85,0
8.9,0.59628,0,0,2,0.19,0,50.05,2
2.4,0.08771,0,1,1,0.44,0,26.61,0
7.3,0.32119,0,0,4,0.22,1,44.82,1
8.1,0.3389,1,1,4,0.94,0,66.63,2
8.6,0.09727,0,1,2,0.73,0,44.31,1
9.9,0.0935,0,0,5,0.69,1,44.0,1
2.9,0.25239,1,0,5,0.68,0,43.86,1
7.1,0.12698,1,0,3,0.77,0,50.86,2
1.2,0.20633,0,1,3,0.04,1,36.51,1
4.1,0.28763,0,1,1,0.26,0,33.59,1
8.5,0.27691,0,0,1,0.58,0,35.15,1
3.7,0.15562,1,0,5,0.22,1,49.59,1
5.9,0.56753,1,0,1,0.6,1,50.32,2
5.0,0.34511,0,1,3,0.96,0,38.2,1
6.5,0.18053,0,1,5,0.33,1,51.41,2
9.7,0.55452,0,1,3,0.76,0,66.27,2
0.6,0.35521,0,0,2,0.43,1,21.31,0
5.7,0.03604,0,1,2,0.72,0,34.02,1
8.6,0.50477,1,0,1,0.06,0,61.06,2
4.8,0.02591,0,1,3,0.36,0,37.69,1
0.8,0.36612,0,1,5,0.73,1,44.02,1
5.6,0.05121,0,1,5,0.85,1,42.56,1
3.3,0.03678,0,0,1,0.42,0,16.93,0
1.5,0.3439,0,0,3,0.55,1,22.79,0
8.5,0.26334,0,0,1,0.97,1,29.3,0
5.2,0.07001,0,1,5,0.45,0,51.17,2
9.3,0.00767,0,0,2,0.24,1,36.01,1
8.1,0.28925,0,0,3,0.02,1,39.41,1
6.9,0.12414,0,1,1,0.92,1,38.72,1
0.1,0.08322,0,1,2,0.05,1,20.74,0
4.3,0.11015,0,0,4,0.24,1,26.78,0
2.0,0.46053,0,0,3,0.86,0,25.58,0
9.1,0.15708,0,0,5,0.94,1,38.95,1
1.7,0.0596,0,1,5,0.67,0,41.27,1
2.9,0.18564,0,1,4,0.26,0,47.86,1
5.2,0.28888,0,0,3,0.27,0,35.21,1
2.6,0.21198,0,0,1,0.51,0,24.39,0
2.1,0.14055,0,0,3,0.93,1,19.08,0
6.0,0.23981,0,0,3,0.95,0,31.24,1
0.9,0.05544,0,1,4,0.43,1,30.86,1
0.6,0.04316,0,0,5,0.32,0,23.83,0
3.7,0.08709,0,1,2,0.39,1,34.14,1
7.2,0.38714,0,1,5,0.23,1,61.45,2
5.5,0.20998,0,1,3,0.17,0,43.99,1
4.2,0.04935,0,0,5,0.68,1,28.78,0
5.7,0.15902,0,0,4,0.26,0,39.37,1
3.7,0.10574,0,1,2,0.83,0,33.66,1
9.4,0.07238,0,0,2,0.25,0,38.47,1
0.5,0.2119,0,1,1,0.55,0,26.17,0
6.7,0.34339,0,0,5,0.71,0,49.0,1
8.9,0.05766,1,0,5,0.65,0,56.44,2
8.0,0.3326,0,1,4,0.11,0,56.25,2
1.8,0.05511,1,1,5,0.27,0,55.13,2
3.0,0.21351,0,0,4,0.02,1,31.67,1
7.2,0.07878,0,0,1,0.59,1,24.97,0
0.8,0.08942,0,1,3,0.62,0,26.41,0
8.1,0.12828,1,0,5,0.48,1,57.44,2
7.2,0.06588,0,0,3,0.63,1,29.5,0
7.3,0.50437,1,0,1,0.85,1,50.24,2
1.0,0.23847,0,1,5,0.25,0,49.21,1
7.2,0.1031,0,1,5,0.54,0,51.51,2
6.8,0.02425,0,0,3,0.14,0,34.92,1
8.3,0.45334,1,0,1,0.23,1,53.72,2
0.4,0.33177,0,0,1,0.3,1,8.67,0
0.2,0.25254,1,1,3,0.71,1,46.45,1
3.7,0.36664,0,1,3,0.15,0,44.46,1
1.5,0.30967,0,0,5,0.7,0,35.58,1
5.6,0.05794,0,0,1,0.09,1,26.33,0
9.2,0.10537,0,0,2,0.68,1,40.72,1
3.9,0.58703,0,0,1,0.78,1,30.47,1
8.4,0.23091,0,0,5,0.9,0,41.67,1
0.0,0.13112,0,1,3,0.83,1,16.76,0
1.7,0.63877,0,0,5,0.64,0,41.1,1
0.3,0.00439,0,1,2,0.79,1,17.27,0
3.3,0.2113,0,0,1,0.72,0,20.71,0
9.1,0.63046,0,1,2,0.47,0,58.85,2
1.0,0.44257,0,0,1,0.79,0,26.27,0
6.1,0.41454,1,0,5,0.01,0,64.92,2
4.5,0.24129,0,0,2,0.8,0,29.87,0
9.4,0.42918,0,1,5,0.92,0,65.45,2
1.2,0.17857,1,0,5,0.91,1,38.26,1
2.1,0.14585,0,1,5,1.0,0,37.66,1
0.3,0.46979,1,1,2,0.28,1,46.26,1
4.3,0.07024,1,1,1,0.14,1,45.35,1
2.8,0.25808,1,0,5,0.49,0,50.81,2
8.7,0.48403,0,0,5,0.34,1,51.17,2
6.0,0.06981,0,0,3,0.46,1,32.6,1
6.1,0.03904,0,0,3,0.36,0,31.31,1
5.3,0.2555,0,0,2,0.86,0,31.23,1
0.9,0.10281,0,1,4,0.54,1,34.01,1
4.5,0.17794,0,1,5,0.79,0,42.28,1
10.0,0.30109,0,1,2,0.3,1,53.17,2
8.4,0.4898,0,0,1,0.39,0,39.3,1
8.9,0.04426,0,0,2,0.29,0,37.53,1
8.2,0.06877,0,0,5,0.97,1,35.83,1
1.0,0.20741,0,1,1,0.45,0,27.35,0
2.3,0.03034,0,0,3,0.41,0,28.59,0
0.0,0.50198,0,0,5,0.84,0,30.0,1
3.0,0.00736,0,1,3,0.76,1,31.72,1
1.1,0.293,1,0,5,0.92,0,42.04,1
4.7,0.21288,0,0,1,0.75,1,25.69,0
6.8,0.09848,0,0,5,0.35,0,41.28,1
8.7,0.43437,0,1,5,0.3,0,68.08,2
7.5,0.34415,0,1,2,0.68,1,43.29,1
9.4,0.21297,0,1,4,0.13,1,58.17,2
0.5,0.06441,0,1,2,0.09,1,26.3,0
0.1,0.64263,0,1,4,0.79,1,41.43,1
6.6,0.02812,0,0,4,0.64,1,33.52,1
2.9,0.06031,0,0,1,0.22,0,18.11,0
2.5,0.29067,0,0,5,0.67,1,31.82,1
3.3,0.02803,0,1,3,0.31,1,28.75,0
2.7,0.00827,0,0,5,0.28,0,27.96,0
5.1,0.05741,0,0,4,0.27,0,36.74,1
4.4,0.06148,1,0,4,0.51,0,45.57,1
5.1,0.01365,0,0,1,0.94,1,14.29,0
6.7,0.37623,0,1,2,0.95,0,46.11,1
3.9,0.11665,0,0,4,0.55,1,30.2,1
2.5,0.26633,0,1,4,0.87,0,37.45,1
1.7,0.11899,0,1,2,0.51,0,28.15,0
3.5,0.21463,0,1,3,0.49,1,37.84,1
7.4,0.0776,0,1,2,0.04,0,47.02,1
7.6,0.37059,0,1,2,0.75,1,43.24,1
6.7,0.10719,0,0,2,0.64,1,22.14,0
2.3,0.00794,0,1,4,0.37,1,35.24,1
5.9,0.44264,0,1,3,0.15,0,53.18,2
5.7,0.14483,0,0,1,0.99,1,20.51,0
4.8,0.0738,0,1,1,0.82,0,32.18,1
5.5,0.38691,0,0,1,0.63,1,27.29,0
4.9,0.17664,0,0,5,0.02,1,38.95,1
5.7,0.22162,1,0,5,0.87,1,53.42,2
7.2,0.41139,0,1,1,0.61,0,47.58,1
1.1,0.34287,0,1,3,0.16,0,39.38,1
7.5,0.24134,0,1,2,0.81,0,42.5,1
1.4,0.15446,0,0,2,0.6,1,15.97,0
0.7,0.1646,0,1,4,0.53,0,32.11,1
9.8,0.28527,0,0,4,0.14,1,45.31,1
9.6,0.13784,0,0,4,0.25,1,42.54,1
0.6,0.37668,1,1,2,0.69,1,45.3,1
4.4,0.12151,0,1,5,0.35,1,41.89,1
1.9,0.30429,0,1,5,0.35,0,45.29,1
4.9,0.41825,0,0,1,0.18,0,31.71,1
8.3,0.10728,0,0,4,0.21,0,43.6,1
9.5,0.34892,0,0,5,0.67,0,44.78,1
6.3,0.12085,0,1,4,0.92,1,41.17,1
3.5,0.28091,0,0,2,0.05,1,31.97,1
6.0,0.31562,0,0,3,0.49,1,34.09,1
3.1,0.08707,0,0,4,0.96,1,16.92,0
9.1,0.16215,0,1,1,0.54,1,43.4,1
8.7,0.24869,0,0,3,0.42,1,41.3,1
5.6,0.00099,0,1,3,0.29,0,45.08,1
3.2,0.20685,0,0,5,0.75,1,29.91,0
2.9,0.11052,1,1,3,0.9,0,49.06,1
0.3,0.19966,1,0,1,0.99,1,19.45,0
8.2,0.50887,1,1,5,0.31,0,88.82,3
4.5,0.2174,0,0,3,0.13,1,30.44,1
3.3,0.04393,0,1,3,0.72,1,31.2,1
4.7,0.22837,0,0,1,0.83,1,22.18,0
8.2,0.06303,0,1,5,0.87,1,51.55,2
1.2,0.22334,0,0,5,0.6,1,24.5,0
8.6,0.18326,0,0,3,0.96,1,38.42,1
9.0,0.41713,0,0,1,0.11,0,47.02,1
9.5,0.51121,0,1,2,0.31,0,62.5,2
4.0,0.21191,1,0,1,0.3,0,38.53,1
2.2,0.02297,0,0,3,0.4,0,24.19,0
